area,perimeter,circularity,aspect_ratio,extent,solidity,eccentricity,hu_moment_0,hu_moment_1,hu_moment_2,hu_moment_3,hu_moment_4,hu_moment_5,hu_moment_6,mean_R,mean_G,mean_B,mean_H,mean_S,glcm_contrast,glcm_correlation,glcm_energy,glcm_homogeneity
43887.0,798.5239470005035,0.8649079103343497,1.2149532710280373,0.7887670740474478,0.985427519310221,0.5650885891183025,0.788914602711612,2.981244019413495,5.2662279062813235,7.295486355153664,-13.629996229534822,-8.839263584323954,-13.906198973434726,195.00755092351864,105.78147536906835,54.40831505889268,12.712477109850111,186.33350665792508,296.9979038505354,0.8942345804160294,0.024695586539983105,0.26510119943314137
43141.0,990.8082177639008,0.5522311135764396,1.0038610038610039,0.6406444906444907,0.8755860445292363,0.5206124932926832,0.7879914390878173,3.730849433174903,4.550083363053516,6.266785051953814,11.831493622838765,-8.470584684490952,-11.820123708042244,170.24759631932812,102.59978429977743,42.50492209550472,20.748869868514653,202.71064044608642,155.12943608324042,0.9571628368055605,0.01711933819077663,0.1890590229006902
73865.0,1049.6021580696106,0.84255669957125,1.1076388888888888,0.8039990421455939,0.9858854149287597,0.399037266103307,0.7951873200222527,3.6710758240029637,5.305472299675842,7.181029285179758,-13.43290362565984,-9.017110326004376,-14.129111746370524,211.85179304312723,126.23835026576062,44.67291932987957,14.664818677252239,203.40967503195856,71.28733449099197,0.9480479673697118,0.0244189605006452,0.21030333230982726
39553.5,782.1147867441177,0.8125569134101969,0.9908256880733946,0.8399910805300713,0.9799566429235057,0.4939296804134601,0.7887931862606267,4.125365164733688,3.8827942865544154,5.873306017127337,-10.855673998633872,8.181071767423516,10.960628870213517,211.84761689971435,122.36801483486194,42.02919360497169,16.010499674234453,207.0298200771814,58.67453428759962,0.9771537353091296,0.022957844467675785,0.24886578165592155
41487.5,798.9087237119675,0.8168321114597639,1.1318181818181818,0.7573475721066083,0.9744568408690546,0.5165820355351308,0.7898625523224435,3.3267770757768256,3.933500564272518,5.92622707271865,10.857403015680456,7.598425692699094,11.966136264138989,217.62692739834094,140.43649446582677,57.14802419258445,15.757954626951305,190.04326934570057,76.70218777166039,0.9477966385325379,0.0246101085596588,0.2113696279768148
30770.5,658.198046207428,0.8925472982559342,1.0307692307692307,0.785061870136497,0.9889917397872272,0.2883992967182655,0.7975923894902672,4.390801790901786,5.769868287632374,8.82508876673188,-16.214246453624163,-11.037755939141368,16.354038326369036,210.69533715463385,148.0352933599536,47.46013396019836,18.24644168223095,199.55261802022284,269.36733766233766,0.8707458895335762,0.027652999765297885,0.24743278457632195
45578.0,1003.5777769088745,0.5686735861119132,1.0614754098360655,0.7212165326919425,0.8744819646968535,0.5435329382646695,0.7714875248714315,2.931922149562554,4.909259563873842,5.150592070084319,10.189132154014791,6.696513248820245,10.88557877672833,192.67994604120886,143.18154522312398,49.745044711820896,23.535823850655994,193.96212005831032,71.01439164582511,0.9696533740695831,0.022528393544230436,0.22789096870427222
29724.5,651.5706286430359,0.8798353842151603,1.0588235294117647,0.8028007346189164,0.9887896478884952,0.41942878953061125,0.7962168733969077,3.754207554628579,5.997639417764839,8.912900328757955,-16.435310444813936,-10.790746743946459,16.655761747138037,220.58754332178086,140.06828179152225,51.93591708877632,15.757831245001332,196.42521994134896,100.29718376125821,0.8963407374149832,0.025529567741120692,0.18930120435291214
25090.5,645.2274825572968,0.757344481888182,1.053763440860215,0.6882406188281764,0.9472939044418854,0.5754241819788207,0.7810688711245671,2.9448559577983455,3.9650170630246997,5.632901740120544,10.610136258810266,7.30738909630056,-10.557765984699614,212.21158849034293,129.59893575088688,48.838588884509264,14.728104059913283,198.67666535277888,336.11874054613486,0.8406440946409368,0.020319674431513595,0.1735723938913432
56543.0,963.8620404005051,0.7648195090212473,1.1162790697674418,0.7609684539190353,0.9691147484788757,0.5752001605977693,0.7861525022571516,3.0344191520733683,4.036948264691338,5.582176477353477,10.3921779360895,7.1000821163173145,11.739059870550818,191.22170722286597,96.75634678183926,40.21422802766951,13.905561993047508,204.56137855964045,155.56921249512465,0.9475949438214483,0.01705948378033477,0.16178557057287551
48168.5,1002.658940911293,0.6020970849876887,1.1373390557939915,0.7801198477609523,0.9340501653108911,0.5587126375024933,0.7585803943086779,2.4774985869038684,3.6993681785569326,4.744888740187505,8.977193118627667,5.983649438178881,9.63667562589019,197.4262568109386,139.10619923923102,59.80923203454302,20.923594119461292,179.70584969672046,82.57837276878372,0.9507674873020346,0.0240190733799345,0.20603151041274853
101445.0,1495.2833943367004,0.5701557254443559,1.0129533678756477,0.6721505903555385,0.8805683830422555,0.5213671492858145,0.7405792712298204,2.907414401645708,2.905267139259437,4.558734732592435,-8.991944663539387,-7.534509899369265,8.299507259860276,208.71401988149455,109.20060721805984,51.86883110523481,11.322726604965476,195.2893491993536,95.7874056110881,0.9662683681348836,0.01954907185088288,0.2126454218507567
39111.0,811.8132703304291,0.7457555459765915,0.9527896995708155,0.7561187797239299,0.9519416825887479,0.3530022569160972,0.784083328888355,3.3594690910288776,3.720664551166284,5.325514736671497,9.862844368036388,7.1626890581501055,10.447307820991583,206.39081420681967,131.5030399756802,42.13175761260577,17.622587019303847,206.3253787303035,66.03309747218377,0.9637989382010884,0.026709674391510806,0.23963167445408456
80686.5,1076.3889528512955,0.8751294064193225,1.1337792642140467,0.796031017847101,0.9891809388370582,0.44358817166022574,0.7949468435282488,3.498888003620152,5.612718981837981,8.682824464083652,-16.319286597146533,10.63051277951128,-15.854768699556907,219.97620543910884,162.37550059763655,47.26157997855902,19.851379493056324,201.3409978682242,69.01814064599611,0.9382375910085762,0.025163446543323233,0.2142132126419939
186244.0,1934.753520488739,0.6252315189056945,1.5965346534653466,0.7147286821705426,0.9217148159604083,0.8163713640847496,0.7147119147283423,2.007181989205511,3.6305336580522476,4.815748812427616,-9.03955008006421,-5.819349060939103,-10.297814511725534,186.35528840757115,129.07876351701688,73.70900528653671,15.580583603718216,165.30176556428034,108.01983436452694,0.9808766360551379,0.016196331195360625,0.23154144667186793
101297.5,1213.4427832365036,0.8645099278647921,1.0612244897959184,0.8113406273027264,0.9849722392384509,0.4703124739665229,0.7931857097262169,3.4357156820248864,4.597184170427237,6.686371423529932,12.477832790488838,8.432443729428082,12.479498841858337,215.2952181727115,117.63012286025752,48.01600817104191,12.462341514196204,201.07465896703104,63.041353679935334,0.9650750868805013,0.028586185437616093,0.2842262280371092
10119.0,410.81832242012024,0.7534385725814602,0.8790322580645161,0.7486682450429121,0.9595107149630192,0.5565339181215592,0.7913734357339319,3.270478540508594,4.693783320268112,6.464553276123553,12.072082330384987,8.21398654840115,12.499765892872466,212.08605283605283,110.7840909090909,55.41200466200466,10.722513597513597,190.8366355866356,119.62207920792079,0.943035978009646,0.022819151069309485,0.17764087333282533
120627.5,1312.898616194725,0.8794148805887562,1.0454545454545454,0.8248936635802891,0.9903451050257176,0.33823181584164425,0.7963643980430001,4.092346356562714,5.120603502425537,7.957302386693622,-14.558593286373895,-10.339343919758736,-14.797680044314264,208.17155271396592,129.5462956079267,61.09644883899586,14.188627033099563,183.23824746611157,72.96983225333577,0.9570827576217343,0.020384170649700536,0.1831562714241454
42038.0,829.2792183160782,0.7681576245594371,1.028301886792453,0.9095984074779297,0.9777074878187759,0.6764040083248433,0.7788400457467458,3.625212532873362,3.8239018205876656,5.665778151236252,-10.685084359035583,7.584958227503854,-10.482716852035987,232.17000117827266,173.28269117473783,92.57381878166608,14.103358077059033,159.0669965830093,81.79516977522715,0.9793414081714984,0.2065923365969315,0.35394392020162013
42344.5,869.1341174840927,0.7044225927825561,1.0204918032786885,0.6969599710316676,0.9449577112762492,0.393803960950946,0.7892839714905939,3.408855775755805,4.529977957185435,5.867838048516495,-12.359061726085713,-7.751978443719086,11.067311884894433,206.13569321533924,134.7759282670787,47.42192255466592,17.183850728098516,200.99234443039754,268.1151551030074,0.8903614081295798,0.026322066214973454,0.2589815071345018
25755.0,656.215290427208,0.7515860782066955,0.9789473684210527,0.7287775891341256,0.9560665961356423,0.6402630615693433,0.7818098679671333,2.850979008107651,4.647540199360958,5.782363280529371,11.050593722801416,7.737870072167953,-11.328510302842197,211.72583122168473,136.9274744682485,58.54223297243339,15.14052061736927,186.40125163172848,76.5950698757764,0.9388395044516492,0.026785925262469153,0.24003556878093676
44716.5,799.9381618499756,0.8781421758112361,0.9585062240663901,0.8032278924395106,0.9837964490792687,0.19396300313469628,0.7969093990096298,4.686983850316707,5.472441818717109,7.560556909745233,-14.42338832083692,-10.113790462352226,-14.126306724819225,143.92512704436012,136.0176419679116,51.16741007034596,28.631382730843484,173.02634090051706,153.26900205669318,0.944172963924645,0.01718684588464384,0.16880696584244978
114449.5,1311.928056359291,0.835610183605453,1.0546448087431695,0.810112828789037,0.9829306835456083,0.3143850531176658,0.7959917841651529,4.1439444650572,4.631179099560321,7.285285386303916,13.528269873674297,-9.915690570869552,-13.311695851449205,205.47993879484972,115.49558783895395,46.74203420185528,13.099849595298332,200.76548168627144,138.64493550470405,0.9288980919639978,0.018364152080106864,0.15692038659251273
56598.5,1203.0407581329346,0.4914214433538532,1.0073529411764706,0.759425987548304,0.9102217719238996,0.349363529986234,0.7875622175973547,3.664848054214232,4.327943927758614,5.6635151963737185,-10.659350057430428,-7.5425834782544365,12.316462459721635,201.63083711239122,101.62782553884405,48.38246984049166,13.613205399821407,194.06359322746135,80.99017834982094,0.9653336335422766,0.023945594467248088,0.2449634424980307
53161.5,954.2468193769455,0.7336444700735987,1.0077220077220077,0.7864243553898727,0.9520837437541415,0.2923698462558268,0.7938242002235616,5.205452568448324,4.417874354355876,6.241218563969864,11.574783683418696,-8.90173673220926,12.439107764763907,201.41113330470984,131.82187459164817,65.4795497395882,17.099049823592004,174.94323209318824,84.40353849049501,0.9626155454543381,0.02382303741890089,0.2306130564906947
78531.0,1145.4457384347916,0.7521456534845636,0.9863945578231292,0.9210767065446869,0.9827369369482108,0.4942058863581688,0.7845298104055844,4.18098220654298,4.036132329459899,5.6626899583297305,-10.560289422092849,-7.921731653573411,-10.862656138331127,221.5989477944152,160.09165064751113,99.29404846216107,12.999392958316472,149.23985734520437,202.18940010167768,0.9619970278443503,0.1963929267295033,0.30122420114825943
63402.0,1003.1757484674454,0.791696586688288,1.0747330960854093,0.7471188517828946,0.9673122840207797,0.3992880260367434,0.7891673288848383,3.5646777829331873,3.8088726052373665,6.446260096189837,-12.11849560016657,-8.371590003230652,11.592264878568363,190.6137228792982,127.8342602020835,45.91913527061957,20.004151327641576,196.36458055925434,98.34036868399416,0.9613439082598125,0.019115157752424224,0.1945942188611388
29335.5,640.9432117938995,0.8973549322756743,0.9894736842105263,0.8212625979843226,0.9919522545522174,0.4221081471501678,0.7960284449931592,3.8978282994065214,5.65911057096121,8.0991260536387,-15.905143490408925,10.049711570610025,14.981306431847448,221.6672856805213,140.738292197049,52.65242934800958,15.69608670695884,195.90073268730794,99.17064463484294,0.8964953844420535,0.026022610882388927,0.20408555321988248
38039.0,764.5239478349686,0.817818193630121,1.2233009708737863,0.732759284943751,0.9776778256120285,0.427685643108096,0.7927398270347573,3.456129925201419,5.596749096059405,7.290737989904019,-13.78133256132913,9.032763261128778,-14.090503619043762,214.30246559633028,111.95973206839032,52.84296809841534,11.170298165137615,194.88036905754794,99.19352365847212,0.9435429995824868,0.02064091185260845,0.18139840977528576
36580.5,817.6883792877197,0.6875176467861549,1.1846153846153846,0.8120879120879121,0.9514897712346049,0.6838628504689279,0.7799606228355723,3.9411796417816474,3.9659449123883332,5.213385734444154,9.819477405948422,7.185501108794495,-10.3718191067975,194.5567280894012,131.2648483372568,70.2836269177693,19.616419081635414,164.81497415915794,151.90205061082023,0.9436484405754744,0.018861646396075713,0.17296335876437183
80344.5,1082.18794298172,0.8621059339907584,1.0870967741935484,0.7690676749306021,0.9880649326692492,0.4907706197985211,0.7912247716668921,3.2627208627787456,4.183923888694024,6.106509201917848,11.257770841728922,7.742965427020345,12.032416892994581,215.8493398175991,128.99289700659563,52.33510289440794,14.17282300676888,195.00167056465085,90.47764146717762,0.923910384147827,0.024232555254317233,0.19646651781250302
39348.0,783.6122568845749,0.8052487993352874,1.0220264317180616,0.7471517545192161,0.965393721555013,0.36354498765886456,0.7952999365849609,3.677800745244768,6.10458730679261,8.800423512822332,16.652748222528345,-10.639564543762384,16.290433156064605,191.65163500780974,135.9549554088779,68.19194336675568,16.058144807779513,167.18715674913085,45.13448555910868,0.9783550313560458,0.02381519718933576,0.2639560163320095
98627.0,1170.4549660682678,0.904682667480731,1.0342857142857143,0.778429360694554,0.9949459284964894,0.3490555727213815,0.7970984992214691,3.9663746404578033,6.164320450937551,8.923705936480172,-17.36873974979573,11.332386680656544,-16.47117184907527,205.3761715006305,118.6353896595208,47.10376796973518,13.394421185372005,198.68367213114755,62.0621171730327,0.9655458605503578,0.021921369512126056,0.20981285521583126
11060.0,435.50461399555206,0.7327898916638104,1.2136752136752136,0.6657036234501024,0.9510705993636598,0.5817115623887095,0.7720730567045525,2.922469644575454,3.4038669355160622,4.620510545854551,8.658641965046934,6.16928441841748,-9.106911251130215,184.33961425651054,112.0147542440672,62.31837170029331,16.76979824015643,165.7532663763221,159.0041329739443,0.948511355114861,0.018957452422973073,0.19729890395286934
75642.5,1033.4772642850876,0.8899669606987215,1.1720430107526882,0.8291133690660177,0.9930095175582541,0.40602505938517297,0.7917045234480058,3.2562193383636178,4.645997061542869,6.685616126263781,-12.35146706168876,-8.360762382331918,14.196416752083355,207.219436231027,113.63929298902687,50.960851567120045,12.037177212694658,194.279085353834,68.9754611811546,0.9652837131592638,0.020683967806456864,0.19829258127976718
41873.0,780.3818109035492,0.8640316763665729,0.852589641434263,0.7795546784823324,0.985989450880663,0.49271298390407203,0.7911365154271895,3.273729847485651,4.23325619284244,6.34314230685235,11.631876491988942,7.98592330646707,-12.93583550282754,220.4585189045769,132.02020752392684,55.82637638586184,14.010660475694117,192.08267791149436,86.1837637494022,0.917464724695686,0.023943988651503805,0.17854004725052403
46820.5,842.9087238311768,0.8281038694164193,1.096638655462185,0.753734827264239,0.97083583884546,0.47231288381677916,0.7928847707581919,3.63126548070597,4.679850936975655,6.654154759821424,12.321822052914886,8.581209199503906,13.57863748453916,198.1842071800958,133.0899631246556,43.32060356885517,16.990124189378207,203.3065527910821,101.65900750981396,0.9675895012654008,0.015868470128352963,0.1505007340726026
19973.5,526.4579325914383,0.9056005758791281,0.9875776397515528,0.7802453220828939,0.9911177273291155,0.17120361331723777,0.7979519260600225,5.256572484552665,5.857731451683231,9.588568014398463,-17.451565650935315,-12.24501464665135,17.473451041325617,218.24377444427944,127.91360958463291,50.76889945046785,13.786276548343979,196.9532155057181,49.90415542902808,0.9565886350509654,0.02940201271354834,0.25500178276204144
104995.0,1302.5971019268036,0.7776036074647227,1.0670391061452513,0.7677542484424815,0.9695366317616858,0.38004810674689554,0.7933146793249276,4.997792006849258,4.109741068993293,6.766223710038295,-12.518414861119473,-9.270520925612646,-12.262454485343712,215.98183919588467,142.41259224873764,55.360032967969914,16.516735034152163,192.21839385355779,105.345793678095,0.9510312440187675,0.025810290106719033,0.23009689801201597
111336.5,1243.6681681871414,0.9045621081272334,1.0241935483870968,0.7855424321959755,0.9942933945371979,0.21774762951627674,0.7978105912644571,4.856512229348639,5.999224058394455,9.565266338370014,-17.358481874052192,-12.105418031302646,18.001240780611198,220.34459362820468,144.35937891085925,46.79181714163121,16.855240104408768,202.55632531197483,64.01887216557877,0.9422981242854305,0.028742237599139988,0.2438002276618761
83048.0,1127.543282866478,0.8208666241051595,1.0865384615384615,0.7851902276681038,0.9715375346568244,0.23645293049054322,0.7955554616539692,4.1259572094869865,4.703023560677923,7.078434792337838,13.013501321718385,9.208229751990434,13.335947851911705,201.31648948905809,118.68487525738638,49.079059522099314,14.041145908154958,196.1749748599339,122.1243391964629,0.9482183009122459,0.017994544607955673,0.15131377681903196
69467.0,1179.6610332727432,0.6272980534825335,1.1399317406143346,0.7098465185669617,0.9225977820572415,0.39519060510326814,0.783093989632382,4.252502639813589,3.70957200436245,5.416515491857302,-9.980070249750849,-7.550271666606216,-11.293977245014933,177.9580493520225,130.07840027433664,50.515424293083,22.28139511623587,183.6819980853587,110.02264085724161,0.9725022337896446,0.015588220818131842,0.18189634851493558
18585.0,594.9604575634003,0.6597755607791628,1.3609022556390977,0.7720267519627799,0.9324904041544366,0.6996047104141285,0.7635867362000757,2.5116304859177805,3.8845139108231352,5.247817091354475,9.926934626829729,6.5635905472393,10.009946172102671,215.06879906641205,113.80622745597283,62.95671546785487,9.919690218544451,182.11871419478038,75.29787462430227,0.9372745539552425,0.03195599315589225,0.28679371485246774
32196.0,686.582820892334,0.8582739227651093,1.0301507537688441,0.7892143645054541,0.976213216900896,0.26789942829546,0.7960338712344656,4.734651433088186,4.9179281740056755,6.999758876567307,-13.087206339831168,9.425840334327638,-13.133490087020489,216.8328767966514,137.10378258594687,51.39866424548337,15.634544950909483,197.2378812594257,130.78988206083176,0.9114287648033809,0.021492329353607717,0.20019186660387606
98637.5,1258.1879398822784,0.7829984175901264,1.0549132947976878,0.781039670599414,0.975599503484019,0.270540807879418,0.7968286951892734,4.414606768840284,4.952834348232364,7.747826626062324,-14.79532334669777,-10.248859373031241,-14.107096979945387,201.49980845229453,120.43757561093636,27.172302201790465,16.05959149931446,223.865866198887,77.05234936203985,0.9577594158134973,0.023489137372856943,0.22545637277520153
115802.0,1339.5432822704315,0.8109842550116267,1.1536312849162011,0.783218580491566,0.9798284060717851,0.4979514381332876,0.7930512220969871,3.270983095506634,5.182160579108293,7.405937363395282,13.797425018637588,9.13242608153391,13.920898391094058,206.56266753728778,116.25679599972506,45.669599285174236,13.150929617155818,202.26319678328406,114.16565464895636,0.9357933861301874,0.023654960384614124,0.22968754018595722
18062.5,562.3157967329025,0.7178391758272519,1.2428571428571429,0.7414819376026273,0.9462503601644969,0.7033152191515845,0.7631411808036148,2.4527513713234614,4.108074988812162,5.325434273453337,-10.763121891551487,-6.883182015383014,10.050184661157928,213.18194232029714,111.79451605855363,60.81953244483286,9.888682543150535,184.1688879178501,93.39325594250968,0.9167425580792773,0.02886509191301064,0.23775592359019146
33484.0,697.5878732204437,0.8646679323484765,0.8691588785046729,0.8412219877399256,0.9884283858779077,0.36822777433838105,0.7877872144618424,3.3421988801966585,3.832212285574767,5.76009467323853,-10.608876466637174,-7.593044368267001,-10.889798535411245,216.87496671499156,132.12083197727745,43.54590372496228,15.331607444007219,207.06272374922335,67.83432414579956,0.9715715837929021,0.020626979625372122,0.21569521358506946
32436.5,728.6244525909424,0.7677792421561814,0.972972972972973,0.6764368535201869,0.9510217843844372,0.5469145394150862,0.7872452026143663,3.352842350930821,3.8402629662812124,5.905186153397576,-10.824194584989035,-7.652556522298549,11.136304072475317,216.91905096338817,124.47057925432837,65.76490885217869,11.754954349751136,177.5316803566521,282.1794537554314,0.8843835270227259,0.034997814818102546,0.31378476698803665
81655.0,1099.4011455774307,0.8489464113630153,1.0576923076923077,0.7930749805749806,0.9819023569023569,0.2530320161633513,0.7963032985701134,4.486175662378228,4.6730633679205384,7.228440893267911,-13.17925446385702,-9.495130556048599,14.953375315521928,199.67299426497985,117.47103875704701,47.799164708317605,13.977790495208641,197.8663898596077,339.6498711814502,0.8743657115722784,0.01717245221989303,0.15319657598370587
66750.0,969.1168744564056,0.8931179598328354,0.9537953795379538,0.762273459179828,0.9921003544808008,0.3368067308792171,0.7968826102030362,3.9755502061329704,5.201130487426218,7.800856814332788,14.61325101686138,10.214167895491894,14.360970197938938,201.12075460460684,122.30863149744644,52.976593558761785,13.912404520480637,191.8512231801194,117.65170153542246,0.957221221826829,0.015986185807861947,0.14692590776740005
101671.0,1485.9351996183395,0.5786383556414413,1.2959501557632398,0.7613752096812845,0.8949006042522104,0.6454798286334182,0.7686462120640374,2.7143348563237404,4.185658779427947,5.004092015504578,9.695141028334666,6.416896160062421,9.822131512059743,192.6693806140102,140.25313993607725,46.972065564797525,21.70098034424451,196.65638103429737,117.4673409435934,0.9577541346704753,0.02087721768335898,0.2292821294544405
17987.0,503.7300099134445,0.8907851099187971,0.987012987012987,0.7684125085440875,0.9885954546703675,0.2423431016606563,0.7976608519605088,4.74231862287688,5.801309095169132,10.359239747798739,18.53196614564459,12.73040457371331,18.66952159902943,208.269625885843,140.14645937482834,47.64253145085975,17.329725869362193,200.74773389001814,124.65385478621928,0.9584479441785627,0.017407937302729482,0.17696721679126648
82372.5,1112.0458056926727,0.8370410521144063,1.0124610591900312,0.7895758447160316,0.9818815746342044,0.1204735730991136,0.7974196845897408,5.602846885050949,4.969039889858523,8.258415438637492,-15.317933182006296,-11.25449256559293,14.90197380038707,215.93544221299604,128.2383170802356,64.32417688519843,12.58052524862412,181.5214830549387,99.45493530859385,0.9480291154645208,0.020741357957748285,0.18903222144959925
104237.0,1314.1950865983963,0.758424037979454,1.2682926829268293,0.7639320473733584,0.9748563251983858,0.6917429310702466,0.7684343488993229,2.5041221876274458,3.997408789094854,5.22311838941317,9.836988714156764,6.476097297582492,10.725002861510129,187.4199658393687,112.97336806648919,36.98720407637477,20.161595053387913,209.00357827841867,62.98250100955715,0.9763579898783529,0.02484317906235419,0.26904464028822506
36146.5,715.452877998352,0.887389009729885,1.0138888888888888,0.7641319972940978,0.9920545614227687,0.2932990721997331,0.7974862732165859,4.2699229305145865,5.658419165632105,8.92684777464965,16.629985984487973,11.666230218473325,-16.2550286067403,222.7861022714803,146.4361626248217,45.82519477669264,16.988039065071877,204.64814001975202,111.98295739348373,0.9320789018933459,0.024031141298911294,0.185364358559553
101243.0,1413.1067757606506,0.637125389276711,1.2042042042042043,0.7581871147955936,0.9139640798566444,0.6482032410011457,0.7575108418935336,2.510005141350735,4.08614106923148,5.025025334360793,-9.668672586895113,-6.3806248647128525,-9.81913232578358,185.16418745765705,119.23101318644633,47.60961049417263,18.880202656926564,196.1939870590199,135.53838646714382,0.95232179156369,0.01619418060685965,0.16227285350889348
56483.0,956.9503563642502,0.775084054657973,0.9233576642335767,0.8147918409740054,0.9658680893996135,0.4399653206983492,0.7904656535926862,3.6056354896901333,4.551090331922434,6.1238236820321275,-11.50756649901871,-8.002032740450462,-11.819665889560376,218.22197813785107,126.1390109310745,63.92887771958807,13.500509648167025,182.54043794594216,62.50304932099422,0.9675010385446872,0.028525557306094827,0.26394177389693607
36080.5,714.4823155403137,0.8881768385120727,0.9953703703703703,0.77692721791559,0.9899443026860921,0.28952823542017514,0.7974910978853661,4.289948314025463,5.615744699519067,8.796235312278174,16.471758889035158,11.775568243977801,-16.028768957023857,221.9450917885017,146.1496647246345,45.928025722765746,16.90884357480488,203.7683851819281,313.7494569757728,0.8126465399811615,0.023269653240337397,0.18386888005833632
126802.0,1545.0193338394165,0.6675259150408617,1.6137931034482758,0.9342911877394636,0.9631531374142632,0.8129549933620641,0.7237935688239963,2.1038365173477023,4.625357571635495,5.754236497113366,10.977105205864447,8.021888856825644,-11.369008607140536,213.98475095845515,166.81612556742897,114.97009776634862,12.63107511622984,133.25009996158337,103.18697478991598,0.9878536511497291,0.29139754376070814,0.41868156185612937
44866.0,796.8670905828476,0.8878823709005527,0.9748953974895398,0.8056817569630255,0.9875418207430886,0.23307813947974138,0.7970464959497418,4.583088310728724,5.19634056616111,7.715029551415184,15.72863043930938,-10.45345812431517,-14.170880985568681,141.63432274617358,133.97845704680174,49.34243121295232,28.698066884897816,175.90447226400073,137.18353751229546,0.9533330625115024,0.01735643637009356,0.18047087906167025
32618.5,676.1980471611023,0.8964499043941766,0.9565217391304348,0.7958449226565169,0.9886341249033901,0.16772051338985455,0.7973977340300825,4.746322803821802,5.138422469010757,8.097741935912136,-15.05689896276133,-11.191235791378388,-14.766433588673964,222.674759199052,133.94512473033333,50.32518003099268,14.662665977940506,199.11345750660874,96.508379373849,0.9155564565205083,0.021871856434599733,0.17491465385182586
49134.5,1056.4722143411636,0.5531975476080249,0.9257950530035336,0.6626722952013595,0.8488295758832167,0.5225533826119322,0.7523928386199797,2.7882736654852933,3.201149457227399,4.294370671049114,-9.908537434009258,-7.05087494648554,8.042170912519456,214.88038480154887,127.51528718941594,46.68155050016134,14.473116327847693,202.49481687641173,352.3921364803718,0.86091472461642,0.019547211414611486,0.17807458768226006
42681.5,808.7665921449661,0.8199797568848615,1.12,0.7527601410934744,0.9737742693527413,0.5537658870296578,0.7855762609198165,2.8913729639334367,4.587977234351864,6.4250900882880355,12.02870895832081,7.967995741370595,-12.15316138877639,227.30056701989216,138.53660066926938,64.77400539133667,13.70154768544339,183.91520263989588,41.246658224285916,0.9625774294236754,0.035311632024597826,0.3186838379214358
37963.5,742.7422021627426,0.8647685902116603,1.0188679245283019,0.8290421907756813,0.9842115496791756,0.19592546352757834,0.7966391761848612,5.054217835052124,5.161313719542632,8.593343749436494,-15.59933718442638,11.123264500029435,-15.645484995145429,214.24153239495467,128.4212780403729,42.555140626224116,14.956676154910818,207.60948476222808,79.61340206185568,0.9685287147847386,0.02022281481402174,0.21617612354114302
19418.0,600.1320306062698,0.6775178585187156,1.3984962406015038,0.7849462365591398,0.9459505541346973,0.7510146871229715,0.7592577123887323,2.430484807482301,5.119890191205819,6.047411640762902,-12.360766618342018,7.271178722628389,11.638736121460308,213.1550182852499,112.1058512799675,61.48913043478261,9.862454286875254,183.3908472165786,63.554624871531345,0.9471260251801535,0.030008473597391717,0.25724176728104703
106865.5,1343.6437855958939,0.7438392490638821,1.0441988950276244,0.78097503580929,0.9682871911965243,0.6252788939788217,0.7783752296154764,2.7878456286496243,4.27994843901878,5.738290533331178,10.847157473515999,7.132300329029536,10.964304199090204,191.9984180012842,136.72637936329204,52.482388631943344,23.163299490968647,185.59186294307597,143.99913697679216,0.947098591908899,0.021787348941664057,0.20707171194491
71273.5,1019.6194018125534,0.8615128674251625,1.1992619926199262,0.809236446210616,0.9883722542711338,0.5180348267542775,0.791071743095204,3.121723681912037,5.254826781181081,7.2879506338936695,14.433993780093786,9.614374145482929,-13.563241834014672,206.00363930448847,121.56715980869251,50.407392947278886,14.215457980674039,195.9821799573323,69.57506124862718,0.967279369644115,0.02057309270656986,0.21704032984351443
79580.0,1231.9453021287918,0.6589173563413745,0.9613095238095238,0.733266991006929,0.9422713736819982,0.36965165061501853,0.7932816065038518,5.039667057645076,4.1833679157981445,6.931620542460285,12.553450333197121,9.567234151965176,12.78464052980825,203.85076508324804,126.0403884076783,43.69201967000325,17.05557774394049,201.36748957839296,104.35003633811993,0.9566067877950707,0.020502995403099154,0.191873011442102
48973.5,976.246818780899,0.6457311594678843,0.939622641509434,0.7421914071379859,0.9224097338632211,0.4180171245075131,0.7784638454071793,3.2565149588323967,4.523029908359266,5.15930385220997,-10.005963747726996,-6.789764083472119,10.801683206588311,218.5548469387755,138.8050898931001,46.43845157110463,16.286402656300616,202.49489795918367,86.084036525213,0.9340101474251175,0.025062268514976123,0.2129455038235746
64256.5,986.7077132463455,0.8293729827341909,0.9655172413793104,0.7913362068965517,0.97848316189403,0.44297691699744424,0.7948186399168227,3.716628170089845,5.0239263000708245,7.828887117938957,-14.610689059784429,-9.951050102595952,14.302296072877558,213.25267811596666,141.48088605833885,66.14963441591566,16.63829589896585,177.9827487594874,98.92894712271638,0.9663791791925801,0.02187216676924742,0.2472922533404895
85930.5,1101.844795703888,0.8894393788387498,0.9939024390243902,0.8036295451144696,0.991919704953798,0.15017141061350026,0.797850020790462,5.366151578447289,5.503638346235644,8.726672897258963,-16.427828894657594,11.936746856650105,15.85695696004257,207.38370020600422,130.15827604564498,51.42821100386547,15.028493391662616,195.30625188065645,372.8411800458179,0.8301806922531371,0.017262743443149542,0.1414346557813596
93792.5,1206.2468168735504,0.8100384152820987,1.1847133757961783,0.8029629819875351,0.9786413743811267,0.5428867369138017,0.7905244565621112,3.0941644498532104,5.39811542535875,7.726860454854262,14.763207832304584,9.576414723616924,-14.315335850104352,205.7953162436656,111.05638954264997,46.3723257638403,11.97731272395734,200.44461760278185,328.89350876072467,0.8469410345300905,0.023798081731269845,0.2337262941332026
47575.5,849.7371512651443,0.8279879424907656,0.9921259842519685,0.7432742782152231,0.9804731776683222,0.22817851100972025,0.7974940496692761,4.656648105786762,5.6593837949092185,8.217314057667714,-15.162946673667909,-10.704342696961488,-15.896496088777123,219.9465626564325,150.3309694643751,66.79653345569831,16.15997830802603,178.61002419489404,109.25707098465313,0.9023247157595138,0.024490978724951158,0.1896657222936814
53455.5,918.5067034959793,0.7962282819862994,1.1155378486055776,0.7606075697211155,0.9685195586396825,0.17820063533757657,0.7939695605179676,4.473553262092233,4.068938006082897,6.835905747529047,-12.320065842249955,-9.146679165248397,-12.72158937105748,202.1809927023564,112.15973111990046,51.85536553209663,11.94912075464691,193.17828161847993,74.9912486938349,0.9629788903311339,0.034226564007513345,0.33613033611795984
36293.0,760.0386723279953,0.7895167558877172,1.1176470588235294,0.7802932576539388,0.9834968294401387,0.47383463347522375,0.7898154873225367,3.284539439592598,4.107421604720309,6.518800477805033,12.852567389269547,8.347447887588563,11.83389498401764,220.4549848447612,149.02602331995303,61.679555446328614,16.594139974331668,186.13314764752465,110.87211352989806,0.943913809931221,0.027126127914401263,0.2075595833942005
89156.5,1122.5554703474045,0.8890931289819155,1.0914634146341464,0.7592698255893173,0.9930994920691499,0.42429699640495905,0.7959473300864808,3.613393868190928,6.119960973803442,8.642114955072413,16.024674788669454,10.471470992091481,17.101101909448786,196.01085549803642,120.85500714030704,40.26849785790789,15.3689084255623,204.8436049625134,71.94533231577296,0.9579505519044361,0.022382064539431926,0.2038081208467631
119494.5,1339.2417651414871,0.8372204177166511,0.9846938775510204,0.7897225600084593,0.9833845622091373,0.38600956916423945,0.7948597262595959,3.8128531709022755,4.447182838202559,6.792575538554274,12.492897716966976,8.933576560691384,-12.66706901098787,212.41748834110592,134.13633411059294,44.732278481012656,15.951748834110592,203.66705529646902,69.75437714668678,0.9589068179963973,0.026009453464191618,0.21655029040901486
20421.0,552.4995657205582,0.8406650403816033,1.0569620253164558,0.7739331463654968,0.9794244604316547,0.5401312247258027,0.7901864178118478,3.1207950171943706,4.587674307307058,6.612863100786898,12.2171647993972,8.20669375381601,-13.080708520693193,220.65927575522852,125.83409178931062,49.46436870642913,13.405790085205268,200.1459624322231,72.4325322564759,0.9441077464126051,0.031059863757784037,0.2442249917515697
17024.0,487.1025927066803,0.9016346476124003,0.9797297297297297,0.7932898415657036,0.9912081513828239,0.2292117438497479,0.7977391444015173,4.608491634116702,5.5426481087647606,9.152986690515565,16.55467411761278,11.575602348727656,-16.829886110593115,240.75462721206847,161.6723527705251,87.8392805337975,15.105192921380912,162.14168842471716,107.82325308279508,0.9245707393264155,0.03311914621031294,0.27227868748937406
46735.5,851.5706306695938,0.8098701788154551,1.1371681415929205,0.8046468785510141,0.9777914931899492,0.5120819013779204,0.7907000354153063,3.3872705657725297,4.80869969463322,7.016617220092833,13.052873426241469,9.06055098142464,-13.11052303451501,214.8469195016872,126.61522952524459,58.366709819817906,13.083851524862581,188.54060994503277,75.1162741082096,0.9714170968952237,0.02049430195993264,0.19791672271766433
28655.0,778.7594456672668,0.5937499994042847,1.4873417721518987,0.7717479127390251,0.9071195669378581,0.8542733145926888,0.705395776884818,1.9935797003537243,3.816706444568394,4.828970004365509,9.623536495910301,-6.164378927895278,-9.178068129397662,185.36317258970735,146.31439798697045,111.35972562131606,49.91951328806315,140.88107959050015,146.56028541594154,0.9444268485185916,0.020097873235001645,0.21362008181219005
53007.0,886.7493432760239,0.8471129841813326,0.9813432835820896,0.7520430168548891,0.9841717802801734,0.2006359153888091,0.7965777243684743,5.019492956970081,4.504211507946804,7.7518577741025485,14.217711945290366,11.3525684543541,-13.931364409149914,216.46609725031843,103.85101520941035,48.10481756199895,10.03974675957144,201.03873529632128,94.13933747412008,0.947140422176014,0.02373459126892289,0.23659978094507406
21646.5,553.4873702526093,0.887936929971174,1.0,0.7950964187327824,0.9881313765320795,0.28364192704595176,0.797421192372568,4.808343415275188,5.3583935122856605,9.368581813652298,17.262834094579514,12.230605656843533,16.751784198470745,226.10978618421052,134.55094115497076,54.411641081871345,13.934438961988302,194.00822368421052,48.45219457646072,0.9566126753346322,0.034720660316153215,0.30781964090179104
84043.5,1117.0752437114716,0.8463483267693239,1.0833333333333333,0.796953231679563,0.9852292109936872,0.3863497494123575,0.7960630228794245,3.697570424269159,5.557817930466323,8.420879740259661,-15.425418410219045,-10.313598152892943,15.99537985697661,194.91554677518573,139.58800217669048,46.217160365305446,18.534554961434722,198.8136090474613,78.95920534542418,0.9803656654641109,0.020257613925945456,0.2007760697291431
50838.0,864.3818119764328,0.8550412770124745,1.2772727272727273,0.8223552248463281,0.9870114741685596,0.5786820197075367,0.7860160188136062,2.8900739323722084,5.2870445134038135,7.32330064710474,-13.699485125915105,-8.980078756458317,13.905724031468859,214.2853823776333,128.18202229641344,61.23766570999044,13.097170971709717,184.82500634530157,71.24279252704034,0.9727704353933425,0.021516360703178156,0.23327680193929862
48832.0,876.2051861286163,0.7992869774831917,1.092,0.7154871794871794,0.9646017699115044,0.3867081992229703,0.7916591455646877,3.5986929771101743,4.52290855457633,6.59905986174571,-12.270335681516752,-8.831233760295213,12.359966689769001,218.9939232582717,123.40710104869524,44.54310625152427,13.783147711568166,205.562576213316,68.64833401892226,0.9563780322805182,0.03165635665591906,0.2859191384459238
100202.5,1491.52603328228,0.5660134419265488,0.9455958549222798,0.7112108737312797,0.8817382657820172,0.5262418883808219,0.7397709739909272,3.071812424563745,2.8534658215506123,4.491867844750493,-8.31905282745131,-6.464904626584198,8.311118989005957,207.96509022407298,108.16776720206227,50.29746182827682,11.274122546103511,197.49469561768788,93.81548736173781,0.9668347965470753,0.019657275033453096,0.2233349324641002
103382.0,1450.3717058897018,0.6175841704978222,1.106145251396648,0.7292336775576999,0.9072297033439078,0.6646038637724855,0.7580617632506679,2.690268994766888,3.347591046381123,4.352739007300283,8.23794857956616,5.703508597587236,8.6162576460466,193.7596741740136,125.32450401936292,47.39330462591249,18.237886019226842,197.30047532490255,93.51339145768026,0.9576902426455178,0.021067025013683762,0.20575584379228595
120338.0,1373.126981139183,0.8020311785771674,1.1681159420289855,0.8655230697306434,0.9895606767674691,0.6446729600194557,0.7743762517151807,2.9748254424119605,3.3919388404297055,5.069678103942954,-9.729468775535702,7.670489971812335,-9.332906062751846,215.9379814845429,142.96167961646552,81.51298561745743,12.238369978508844,168.123218713837,117.46085355899451,0.9779257572933137,0.14096845913166126,0.3332127321908058
126376.0,1480.8183212280273,0.7242206620558834,1.011111111111111,0.9644078144078144,0.9860375842172816,0.6378772869635084,0.7802089470296966,4.424069980950571,4.7873449788768045,6.249644659995995,11.82193121412312,-8.471086297129515,-12.097499792805763,209.65630114566287,173.41638864408915,113.14648904695959,18.34467455621302,128.49924461790258,63.81240702642825,0.98924427631909,0.23655542621928047,0.44230329849012834
70302.0,1010.7493430376053,0.8647500760455527,1.0704225352112675,0.814283728687917,0.9836093097441709,0.21943136889085163,0.7960311292987317,4.079294878503816,4.940282267173471,7.520116242568404,-15.371918033665315,-9.573773792394842,-13.750439569303976,210.3880132871581,125.31091949961127,50.85309209131387,14.048187151035409,196.17994204537422,111.78512006861064,0.941598944317399,0.021822154507742397,0.17750656861434574
58477.0,1054.489456653595,0.6608615196357035,1.1666666666666667,0.6875602586713698,0.9295194799001765,0.35081587006495313,0.7908996923285488,3.7028364311598474,5.094465843677675,6.219732897199456,11.886680380232269,-8.240558216621404,-12.55343836968872,206.13172362303592,135.47071300098415,45.63226660331896,16.833542606984082,201.16319951131774,102.38476046774801,0.9449073778579059,0.02181604699388014,0.18365571646177878
92477.0,1146.2295721769333,0.8845051764073062,1.0386904761904763,0.7886222540592168,0.9893286404313476,0.3755162376056917,0.796706229573099,3.809455781017192,6.368494637024409,9.360072359412325,17.273486229328377,11.295895468147101,-17.571160210079473,208.11332444176742,122.63137288646044,47.25841113453513,14.150819601600482,199.99087897431485,101.11226550286608,0.9449028947897573,0.0238060854665991,0.20545151381327764
101250.0,1187.1412595510483,0.9028177671711185,1.005586592178771,0.7856145251396648,0.9951789110531204,0.3372142795230731,0.7971154462904959,3.966599041204662,5.924381127299524,8.70410114771561,-17.32589012640074,12.206357278076508,-16.01886974091379,206.11627587020186,118.97096051416105,46.99383832229407,13.41946579138741,199.15711786788262,73.21858817927505,0.9577880131861812,0.021897924577637926,0.20247155934049516
81442.0,1080.6904655694962,0.8763057360201262,1.0550161812297734,0.8084857148529792,0.9886557452671575,0.314794263486403,0.7946384500573259,3.8938772584182497,4.332618602231618,6.955708119420518,12.675500864509752,-10.236297561218139,-12.865621627305552,186.31449673441983,115.4949276689251,35.17916132576451,15.57166575108344,208.7744857474211,93.88796466691204,0.9678862584004445,0.016973624684433933,0.18189137832595897
42580.5,886.2224304676056,0.6812949111029138,1.0560344827586208,0.7491291344123856,0.9361232027437013,0.6049714036467236,0.7775610043326012,2.9921444653791225,3.6336859789614837,4.924354175000672,9.278789569086605,6.865737884215612,9.469639058799824,225.84692547595773,138.7789414886189,64.2317879253363,13.898361495135688,183.9120700088442,54.867736034895174,0.9446056171709466,0.036476550318204376,0.3143416454239656
68055.0,974.5483331680298,0.9004573270694066,0.9829351535836177,0.8064917519908987,0.9938010645521652,0.22100844332848305,0.7977130282522877,5.174044437145582,5.472048200092185,8.417927615111644,-15.421509984754731,11.286144870438411,15.676003234268368,195.3996816449319,110.73509353505557,49.19692743548929,12.87676154037122,196.26911225667013,162.29342764515178,0.9485111364797864,0.01580967555760504,0.14943102018860305
84755.0,1245.6610324382782,0.6863970916204262,1.3081967213114754,0.6964542503800485,0.9250457038391224,0.6088523711004176,0.7428944131890761,2.664192384489824,2.843941213235733,4.877322769233699,-9.9815982398826,-6.80716604336379,-8.738662992224628,203.47305059314482,100.99615510854784,52.54966708866694,11.382297088198058,192.18255028836685,256.3864684837358,0.9036481870934149,0.02108179882618702,0.23230316016868924
83995.0,1185.4600205421448,0.7510856669326987,1.0705128205128205,0.806032166436358,0.9675561417554126,0.39803632848354625,0.7940332673002182,3.8984784197136437,4.489693806171478,7.331609986866151,13.263430962237866,9.299686644177932,-13.758286619023261,198.81706205998935,118.219972785896,48.0423711767142,14.555167721706207,197.17256108383128,119.37414389690966,0.9496805209222349,0.018150382833060613,0.15527586777416097
59686.5,926.5655772686005,0.873642299462314,1.0643939393939394,0.804573762536396,0.9894894770434596,0.24097661969024678,0.795609734132588,4.171775792267462,4.3995337197426485,7.47666563105745,-13.490716047316406,-9.611434946297951,13.679746078951,217.5059324713361,147.2809478641439,43.431198309287275,17.887374569417403,206.09425390644503,40.93412512546002,0.9764172202087569,0.03434055852649559,0.3283576732745921
39713.5,759.1686087846756,0.8659075847754202,0.9519650655021834,0.7955109971555627,0.9801083428966301,0.35147253177802934,0.7959916011797412,3.988703148057338,4.785582657899397,7.04023187630971,13.377835458501567,9.574905980686143,12.986256711083508,138.93010363341241,129.63123985516293,46.17904857035835,28.1581470845299,179.4586340367087,90.10989949748745,0.9701173822852345,0.01970523741050866,0.20997616848221862
80597.5,1091.702660560608,0.8498116832900248,1.0317460317460319,0.7872771672771672,0.9805525816341428,0.25731552128857865,0.7971676217363689,4.485747792232349,5.280239697942746,8.266442940534283,-15.093728815621997,-10.512374809026243,15.368601791769372,216.86199580609352,129.25812261009006,64.69288269396817,12.637486123103491,180.60769705193044,299.9192380430996,0.8379809072733748,0.02091468528415556,0.18539510655727034
163767.0,1573.3077824115753,0.8313978088163738,1.2127139364303179,0.8072748245129742,0.9778535431942488,0.5226123352227591,0.7900624408790672,3.111188070604305,5.242819663626366,7.349902662978826,13.669253009457531,8.906135092126174,14.145272404626681,209.7609544310263,123.22382550743673,36.052282097121385,14.939077188757949,212.5786177289698,225.03354724361324,0.8030862907280204,0.04094487438149163,0.36680681185555775
18610.5,509.9726513624191,0.8992369258317129,1.0,0.774630593132154,0.9875301796184766,0.2860653649066733,0.7973717425782401,4.407956442443372,5.140717307449221,9.107660418867152,16.39668514607935,11.595845481879197,-16.36892972423092,216.91258165595625,129.32518986669498,50.87529874130331,14.078017951032981,196.14530776992936,59.177221983683985,0.9427655700592866,0.03317343132591475,0.26579483976910545
44781.5,860.0214223861694,0.7608340876708339,0.96,0.7463583333333333,0.9752705969466646,0.19663793792633164,0.7959140336189736,5.154296565742392,4.996618633980879,6.796103586946272,12.70898030261144,9.470647223756147,-13.26010007523946,201.59190272640694,134.7989856260105,41.35018050541516,17.380235210737304,206.9370113618746,106.95915675579005,0.9643655553969017,0.01547578008327358,0.14097241451482861
12183.5,416.03152799606323,0.8845643735770968,1.08130081300813,0.7447582370560548,0.9856403203624302,0.36074034744091343,0.7955248673956609,3.8117369343000256,4.534603024750636,6.874156387426097,12.724212618277718,8.932794516192482,-12.733999836991956,203.94943365695792,118.66488673139159,63.67855987055016,11.638106796116505,175.10938511326862,278.0921375921376,0.8697994185441426,0.021865174568734633,0.17770211616431997
85350.5,1198.0701905488968,0.7472250256470571,1.316831683168317,0.7059769886763112,0.9652904619456115,0.649945148486763,0.7850889327731065,2.94646089787508,4.240025573106482,5.644998970577361,10.68053990093814,7.205826739016527,-10.816436271586284,206.85759040354043,139.2875094625284,43.721889011820885,17.9326966750131,204.11490129855005,345.36933704240494,0.8679404574999113,0.022496449241988774,0.23948303816926897
76275.5,1247.1240174770355,0.6162765477465854,1.087248322147651,0.789993992874306,0.9414578151903578,0.5022716764052323,0.7892594576032973,3.096711346497438,5.055534882170642,7.933323510987846,15.587301455290898,9.481680561130107,-14.428796707333941,208.52728337998826,123.46524314823253,40.42713365015298,14.95137035349261,208.05417616040623,77.36352221001414,0.9541397718813268,0.021161002676642098,0.18362117119954202
58937.0,955.7199056148529,0.8108427290064077,1.0561797752808988,0.7827582543097723,0.973328709208614,0.31981647447241857,0.7966233370197509,4.01516829854189,5.614859639234155,7.916826015352203,-14.836976062309798,-9.92442049502966,-14.829456710228442,214.04212299915756,109.76663858466723,50.6113900589722,10.998837405223252,196.73870261162594,101.83353739414345,0.9362661522696186,0.026042065846115833,0.22038547391214564
92230.5,1240.8742334842682,0.7527120937130511,1.0987654320987654,0.7996124635871827,0.9786560132425034,0.4710364328237299,0.7909722329283266,3.358041915422759,4.3100610168467615,6.769643181039602,12.339700126557426,8.688154289829141,-12.752761511951453,208.49623833236325,114.6414667270258,50.5647243958697,15.206794714264156,196.84871413481642,159.21628018064965,0.9297122146676815,0.02044931696633915,0.19613141305526566
110736.0,1241.7686740159988,0.9024378380707572,1.0107238605898123,0.7874783993855825,0.9949817825678717,0.13559594630674485,0.7978735299991626,5.355059653944672,5.798924464755457,10.717268768183926,-18.97812279694362,-13.60702213782394,19.92486893620657,221.22465447136148,145.1853638306121,47.20615415130233,16.89966371250575,202.22914431511853,60.740439234415135,0.9386058268317801,0.027713989111706826,0.2379059548722969
55531.0,889.2935004234314,0.8823789152143167,1.0191570881226053,0.7998588425085703,0.9879027236661864,0.2317769088199567,0.7976636742183002,4.868087474552027,5.594005006044109,9.224670674512273,-17.31752800068102,-12.325760117748958,-16.643541152974876,209.4776007296529,142.53897741295134,67.74927124130409,17.079635888906772,172.1023123558131,84.70654525784349,0.9688731498094526,0.020611329353543973,0.20698730243378874
64637.0,1063.3767607212067,0.7183179605522159,1.1195652173913044,0.7579030064255898,0.9438676421197121,0.4923553954194187,0.7839555833094766,3.6602679858593397,3.7942409709467633,4.992588844338649,9.387227228669753,6.859654209443555,10.511194511463904,203.25966545320492,118.29550097537748,51.48102237992105,13.72793880466338,195.06695543984148,135.11733827389222,0.9503375263393927,0.018533225531219312,0.19357498258381473
20354.5,534.6589442491531,0.8947807445783678,0.9753086419753086,0.7952219096733865,0.9866695751230035,0.26474101366431396,0.7975531158872791,4.701020791746588,5.663221637499882,9.845716536711528,17.927120433587515,12.654778781886238,-17.654664077511992,215.85787147228834,126.51352795453441,50.74100160295332,13.655802205275174,195.68106086365182,56.67123017827244,0.9515706206037002,0.029277381958371446,0.2532155927811235
38588.5,848.0214236974716,0.6743014802786167,0.8277153558052435,0.6539647838392055,0.8791593096770519,0.7384331122549856,0.7415546040467024,2.3823652687979577,3.3089003840113316,4.401665133387656,-8.555680272787429,-5.799510052231035,8.32018856640035,202.06721092626822,127.8807763401109,65.41373998767713,13.303912507701787,173.08661942904087,108.39451465865534,0.958106180846633,0.021339517961920164,0.2382560010717995
105297.0,1314.1706945896149,0.7661649939190215,1.0583333333333333,0.7676946631671041,0.9705597699348333,0.33514082812070695,0.7929651118266023,4.6466364245481575,4.021813921360964,6.5126838248501295,-12.174318870981494,-9.436445254937698,-11.818476620375794,214.4841930273635,141.78434132104164,55.09526688139339,16.799057343370706,192.02358530664677,119.35362773029442,0.947050316970552,0.025264890048504844,0.225436776712936
50320.0,982.6660813093185,0.6548450739968128,1.0692307692307692,0.6961815163254013,0.9221606267466899,0.3930086028341226,0.7638728771837309,3.8739013746507047,3.011199784404949,5.071902142398683,9.120680497814856,7.036854743787703,-9.855943130956723,196.87644810465758,117.28936480416108,56.13517613681141,12.800082748837575,186.60972101820474,96.88513888888889,0.9768579894492606,0.018910468532160173,0.2067388962424
75866.0,1029.116879582405,0.9001764513519892,1.0460526315789473,0.7847773915921881,0.9934265661009847,0.5137585574710514,0.7930831457352484,3.238772627570361,5.900056196060088,8.204927849433787,15.514246957218552,10.591723965120044,-15.33687793633869,217.8001625014743,159.2358630269831,39.67102624923008,20.15180782890167,210.18605108312474,77.58868247694336,0.9291129014429047,0.025711232060248303,0.2087249009807865
67995.5,1054.9331105947495,0.7677859997875924,0.871875,0.7615983422939068,0.95861471007035,0.40866591406637637,0.7921624382106439,3.4594322799453225,5.406631606948865,6.7280659843203185,-12.817152981372422,-8.848012146791344,-13.30595856806785,212.4211671901249,124.38038127236871,64.1340880870645,12.454926594112921,180.1057921262143,90.73507220748598,0.960532496424439,0.020147419665091135,0.2042058157766362
86438.0,1267.8477603197098,0.6757411367942433,1.2246376811594204,0.9265714775748221,0.9721966033067146,0.6657472535891035,0.7717362420395353,2.9017151675930544,4.133695002110979,6.668722008519641,-12.075351666370581,8.119596115528939,12.873966795123028,211.75586471520805,154.37044780920434,97.43983640833582,13.824070031937136,149.31089309100935,176.7229678312003,0.9706263993991158,0.1850191260908334,0.2997463409673242
20350.0,540.2741672992706,0.8760842489858982,1.0063291139240507,0.810046970782581,0.9834956383055844,0.20582712054895635,0.7959657597154339,5.075770666999772,4.588863226408144,7.103150936996599,-13.133674336922033,10.173346760922767,-13.070281939445099,216.63075578006607,134.31265785894698,61.97605401204586,13.554643481639792,181.8173693413639,209.50689451393677,0.8470724748325239,0.03617619251886138,0.28915624346079594
48881.0,1084.2295742034912,0.5225254496196002,0.9328621908127208,0.6542590213084912,0.839180408079178,0.5403748900123383,0.751476954695091,2.7707832299734676,3.2011654170998476,4.275370946319784,11.113174958977957,-7.161739140387039,8.013639265333474,215.3400749822677,127.1995136285338,45.70611004154423,14.544391529030296,204.3490931198703,142.59037544331662,0.9413686385148691,0.019698248356284424,0.18157725652975776
102621.5,1201.8691796064377,0.8927581542009321,0.9780821917808219,0.7875484440351483,0.9915072874044086,0.3001707045339137,0.7972143051941889,4.374311052933882,5.361933974240047,8.331451387062707,-16.23177860065765,-10.595538414397554,15.179846959413634,205.75359480292818,119.34375333301013,48.306413923498326,13.322965045813739,196.5825471469433,71.90259929906541,0.9583702567368061,0.021577477336093494,0.19390998613267174
37613.0,736.8670941591263,0.870501476657343,1.0273972602739727,0.7633282597666159,0.9883203048019444,0.36585932363477597,0.7968250211853993,3.8909953095656147,6.2652198257634035,9.089439968596642,-16.785899221103666,-11.164945288740869,17.303791322837185,203.0636715969311,123.31514144849588,52.22995597036569,14.175195760499882,193.11816815629203,100.19910795363495,0.9559353055376141,0.021685444869508397,0.20605676791058863
54684.0,1034.4894597530365,0.6421226635808536,1.036101083032491,0.6878577089019988,0.9486667938865083,0.3607055584433312,0.7927548129642044,3.879521856703371,5.194862637465751,6.236954161296013,12.153829233837184,-8.652652519000416,12.06246595018726,202.05925885617893,102.83163737280297,48.834213056175294,13.22695035460993,192.8936714371225,289.7983933091229,0.8730191727022244,0.023146794113944852,0.24249376019443292
17049.5,487.00208842754364,0.9033579356472371,1.0068027210884354,0.7836688729545872,0.9903287639405205,0.2418913217735957,0.7977414850265064,4.634290552930383,5.319395572266383,8.765228569623593,15.969748737571669,11.237419537052713,15.94696015378975,239.3920852888348,161.46288892751608,87.63984008343473,15.169360913146765,161.7109334260386,53.09759248385203,0.9594820193778955,0.03159311029188908,0.3039704272232959
37549.0,799.352376461029,0.738468030187007,1.0,0.7550724929115807,0.9474892758011607,0.3206694049068605,0.792770533909887,4.026772926050666,4.27865041086916,6.72349746403107,-13.474296392569178,-8.748325876137695,12.225260042348571,214.54814619342923,133.00989576461276,44.32355191977834,15.769415490170209,204.58778202929147,48.85786015704289,0.9657175451364,0.02642325940857052,0.23743671122907967
52789.5,862.3645665645599,0.8920220817757177,1.02734375,0.7840645793726235,0.9912404236142407,0.3086139845169549,0.7969632777089444,4.179171688712219,4.826824929877663,7.834484373319968,-14.420080813321379,-10.141783022675115,14.245435325016786,203.72500517296513,133.64379902560145,66.87889618329226,17.08167641692218,175.1259381877692,53.51321435352193,0.9763355111664357,0.024321530799967024,0.2666620554066911
97478.0,1191.6854189634323,0.8625677628067173,1.0680473372781065,0.7988821321444377,0.9845168718627223,0.47128386026126634,0.79332926898339,3.3925094482346694,4.760622396680155,7.004314875949222,12.939702418431164,8.701425673406712,13.219277610835555,209.7173340680872,131.36979549350968,49.54987141807495,15.420187362233653,197.4635786594824,86.23896125174079,0.9425648530021324,0.020571406036731858,0.1692285877613619
81535.5,1103.6437839269638,0.841199023170206,1.0705128205128205,0.7824303316444035,0.9809371992300289,0.3019149038020849,0.7962013337629744,4.229055280687582,4.814071593239382,7.256237721613305,-13.291516686131875,-9.400867497483484,14.912583733628665,201.07427233596314,118.2331329488227,47.95168822934068,13.798997670987331,198.5365264788011,129.98668874984665,0.9479241415727584,0.017257927139388687,0.15474380470514595
108127.0,1468.940246105194,0.6297029936606682,1.2369942196531791,0.730153692399114,0.9177187525197014,0.4981208982780923,0.7746133713721087,3.2397634657198506,3.819370839214165,5.807394766347381,-10.682178746268688,-7.693499522965043,10.925044032759303,202.6170557031616,113.7190203451224,48.34838608845945,14.294475651126657,197.25200187546542,72.79531470086738,0.9807408124067638,0.01896263096982578,0.24488370492829586
66918.5,997.7615340948105,0.8447001041597151,1.0551724137931036,0.7540962361956277,0.979493409641464,0.5727419210462649,0.7879522053155639,2.982523166055863,4.672304738318516,6.648772591116808,-12.407157553359259,-8.187070376976546,12.529505402809074,211.5614931179379,129.57461877681925,58.09042450518939,14.022227501521924,187.82109608160476,131.47222471641078,0.915440364472097,0.02014870836396025,0.15745942544190217
55195.5,976.9331079721451,0.7267480580136535,1.0354609929078014,0.6703038472748469,0.9590544203502919,0.40844931868505424,0.7878372487566769,3.334492656314675,4.038431643883989,5.959385421816068,-11.036344151694097,-8.379292367604366,-11.218341551322489,216.0599827387802,122.87537758918297,59.25323647871116,12.14521001150748,187.09392980437283,269.7523004182579,0.8541313884059775,0.029622250614865054,0.27751470284758634
37490.0,786.0386654138565,0.762495851618028,1.1157407407407407,0.7201859535884432,0.9591546953551738,0.39886417785158856,0.7961596898802528,4.750913302874509,5.176167223267432,6.7980052839653835,12.826768463004296,9.192941808422338,-13.164026131257636,186.42055457164759,106.88401046760593,46.46205492849779,14.841981443789486,194.97052681663186,141.44869398002243,0.9627193304827107,0.016479762037514247,0.178805865004048
77840.5,1052.5310900211334,0.8829693224232351,1.055921052631579,0.7976768732579111,0.9908603142880783,0.36221932001579676,0.7965960763756954,4.006042786676505,5.076056994175622,9.773886180694003,-17.47731721293627,-11.80400976468015,-17.269403924584662,202.57044691096266,109.02587715376853,47.32752608790058,11.886656533789738,197.82410943507082,84.23741007194245,0.9634150966649467,0.02069273131018816,0.2088015442376315
34343.0,805.8721457719803,0.6645318545094843,1.219895287958115,0.7717007842167943,0.9257621910127504,0.7758074144355168,0.7635033533846194,2.7708743130579885,3.246910779128753,4.770620307033374,8.857502032004916,6.1826005088348115,-9.039280964047327,191.02192578079982,140.6811686066613,61.502852368330075,22.069753370980756,174.09761438285122,115.33687881429816,0.945477595487275,0.0193084311416946,0.18049520511177403
13559.0,475.3380935192108,0.7541058064872153,1.2434782608695651,0.824505928853755,0.9851776502216086,0.7383257272356137,0.7537249153588199,2.4974506149725593,3.324689638173574,5.25474725273125,9.702393152624118,6.520411008362739,9.687812938267287,201.72381021474172,168.86172373766686,105.6597504352873,38.20393209518282,143.5121880441091,134.52991452991452,0.9527035330146731,0.02325651711239988,0.20984728565256264
79552.0,1096.4894578456879,0.8314804560724817,1.193220338983051,0.7661016949152543,0.9784031091651498,0.555713725456796,0.789055081559088,2.9925203581847546,5.149797075883969,7.275268537435424,-13.575153901559727,-8.849056152329643,13.727754787358053,209.20924653255028,124.92060477321004,42.90162439085343,14.806834936898662,204.82377858303136,281.5850432851266,0.8499825348828296,0.0209389858714381,0.18810623044152147
18807.0,511.58787620067596,0.9030023922738214,1.019736842105263,0.7982597623089983,0.9910940134907251,0.2751574930705344,0.7975476591281981,4.577222120417329,5.48258770614542,9.026647088902193,-16.62443839555414,-11.960411300251753,-16.331326348469364,217.24394345472697,129.7791791476168,51.75684481580745,14.011245992958116,194.97629933259762,52.1655216831258,0.9483701702636176,0.03713272443241174,0.2952679837832804
68068.5,1117.0752440690994,0.6854743203675555,0.979933110367893,0.7769755841428196,0.9394460086121232,0.2891486408813508,0.7935337458489842,4.199819606831742,4.417370003847551,6.21856619242993,-12.14924889597573,-8.324271796154754,11.549856593287206,210.84589465700074,131.6874279796374,53.667605058564405,15.741033009028984,193.21589334422453,191.20865016209842,0.8964260392512307,0.017165550880229793,0.12782644568241658
47042.5,953.1929941177368,0.6506367265261953,1.1229508196721312,0.7036391647720474,0.9144942749946541,0.48550761491209915,0.7559345343988492,3.9383979207014734,2.8865810797867373,5.5612386468365305,10.131072180876698,-7.916160938397719,-9.834503051153217,193.60150867064203,111.50464611559453,47.67963926757833,12.80625381908595,196.6152889862829,105.66534391534393,0.9733144434849218,0.019101234718692305,0.20736064622963876
54893.0,1202.690467953682,0.4768909628164871,1.0071428571428571,0.6952001013171226,0.88554950594878,0.27814547822210134,0.7840795827712856,3.465123306863241,4.076569097740772,5.528645318751738,-10.38797896575646,-7.79154744044857,-10.650483039842516,204.0840204232594,102.88532664585851,48.474552113590846,13.347447994659642,194.165100041496,97.32196763047827,0.9493638439442134,0.024117092045270697,0.24044375081438707
127947.0,1370.0285604000092,0.8566052460057858,1.0076530612244898,0.8263174890209248,0.9858267231183521,0.3578124510936299,0.7963676004804829,4.627701250994321,4.994780553299616,7.663394115887114,-14.016695151770719,-10.073905789413098,-14.480822379249087,208.68148828091574,131.96912509432053,46.085763626887385,15.576347130710769,200.58737777224601,292.8044301519491,0.8610008849026086,0.0224642559873787,0.19256027362158454
105436.0,1304.1118205785751,0.7790567999384989,0.9945945945945946,0.7743537015276146,0.972706179741592,0.45975989597985434,0.7918251726856536,3.6229900664271826,4.044429035717661,5.983182176833231,10.997270111884232,7.811484554925986,12.4401285177063,189.94684905660378,144.49630188679245,65.59775471698113,24.415858490566038,169.20900943396228,80.9955460588794,0.9666182555329463,0.02480170844826727,0.2632516821485729
50629.0,856.180801987648,0.867917094940214,1.2727272727272727,0.8218993506493506,0.9887317892434481,0.5915714451311652,0.7862203654328969,2.893653673244651,5.417451695345693,7.221434344644292,-13.556642559565235,-8.738995069864448,14.118239758940126,214.10073917220555,128.28998294217988,61.613748210889554,13.017410740544674,183.74762268886144,265.70966269841267,0.9020330360361208,0.02155745065686991,0.2323871974369991
42257.0,804.6660846471786,0.8201194875102313,0.8638132295719845,0.7406492095208048,0.9765211563792665,0.5154677667047041,0.7896859709758803,3.202346829324543,4.092351435000986,5.8707853643516374,10.852964197910973,7.472285545996938,12.128216751404478,219.75316871655244,142.1265843582762,59.343089850718236,15.671204581729414,187.5098817012487,72.55465309022023,0.9397673093997744,0.023915070178703816,0.18411146255912614
25162.0,628.877197265625,0.7995089440987999,1.0470588235294118,0.831526768010575,0.9767098827730766,0.3218088354577091,0.7873582306372178,6.524559071880262,3.6179590835761166,5.952012419353561,10.840682502556698,-9.409607736647676,-10.947302016088278,222.6789769378855,158.2063018111814,78.95910108828035,15.50728794248222,170.48049345853138,161.49880582756148,0.9560152961382243,0.12175378796256828,0.26571782235809954
51774.5,896.5067003965378,0.809503438718877,1.0078125,0.7838920179263565,0.9721632836997953,0.22370332672744778,0.79697553378435,4.298220382266187,6.935096936669,7.955117430362165,15.455708633132442,-10.154996125003365,15.723669440994671,220.5957899580146,123.00690170817278,43.74776173769675,13.523916335959816,205.61170222963517,52.39183862740551,0.9462151840114855,0.04256660418400546,0.3239887895422044
100338.5,1201.727047920227,0.8731036342568107,1.0140056022408963,0.7764094588111488,0.9859775660710162,0.22578427407765664,0.7974926822712426,4.539234608820026,5.739468967076769,9.716224154256773,17.444209887161275,12.049153900568193,19.040741150016196,205.62189898268784,120.36242489142721,57.24041684018482,12.720943145537113,187.06691851587442,71.81050592980075,0.9631055666247448,0.023986040986067936,0.21620791215132248
102110.5,1226.413337945938,0.8531129543177327,1.0310734463276836,0.7902677811314913,0.9853039798906724,0.26972912928807247,0.7966905998641608,4.369145435375846,4.829165231334565,8.046996864240079,-14.485154649316597,11.27227740366575,16.210990210688106,199.212470771629,121.96619251753702,38.076071706936865,15.554510911925176,208.7031566640686,56.27711598746082,0.96339139784763,0.02720929023636393,0.24641351168309827
41286.0,827.8132700920105,0.7570906875711894,0.9439655172413793,0.8125885687293339,0.9592583556965113,0.4525788670710171,0.7822956612506963,3.397041612918701,3.702208799104857,5.210533471520104,9.683978874797775,6.92548564006278,10.22759191550997,212.22281969416906,130.9185010922534,51.5964903857695,15.2141776892239,196.2811772331181,83.70807978363759,0.9732919539748468,0.020099166487463533,0.2366794929861445
54740.0,1055.6610308885574,0.6172565069608116,0.9753521126760564,0.6958356638023084,0.9418525623930006,0.33794922977331254,0.7922594512996233,3.9206773843929423,5.052794274587197,6.091969537261771,11.86018309517246,-8.517505925179542,11.777393538166097,201.28522772564222,101.53389615565781,47.4959781151491,13.459364469727165,194.7062937062937,89.10672755951725,0.9574602003763893,0.02438540219003505,0.2417484840564435
68856.0,993.1757491827011,0.8772016515664846,0.9504950495049505,0.7890539053905391,0.9919398405255311,0.2822223827304368,0.7976703938625572,4.323029157899029,6.324999494894851,9.149667249648727,-16.95886999475654,-11.354432481287612,17.162050331132928,195.83052364182208,110.96573523468622,49.85780266728249,12.808700421453727,195.55093528087292,185.21217310538995,0.9417379577712418,0.015206102886359174,0.147227285311837
77882.5,1224.4722130298615,0.6527575136837842,1.1006493506493507,0.7459152204727426,0.937067606752253,0.42492844056480766,0.7893609927695677,3.403107811536167,5.259521662546751,6.2384269302057005,-12.27633810179083,7.972463898270248,12.054056073447718,187.04537339318506,105.20212711691491,45.78077178126913,17.61723372781065,196.89354213425833,115.4253456221198,0.9651919181047717,0.019738001994141982,0.22236036271382648
169298.5,1630.9129045009613,0.799836899896087,1.353658536585366,0.7440057130301033,0.9782336745336303,0.7399308900117,0.7586991063315125,2.3228011069070478,4.5415003565888155,5.732576299760049,10.89899052367956,6.961887325403071,-11.318518616407918,211.43772579666071,127.18093200610572,73.13773817311716,13.353506957336586,172.67287846909127,108.31998694439497,0.9734766001073625,0.022350968129884033,0.2688473949002764
64463.5,1034.766585111618,0.7565522960715458,1.013986013986014,0.7772305280925971,0.97319554944972,0.5414082539736502,0.7863145621285684,3.3017570685100703,3.755918502836842,5.514324491906264,10.513742905794425,10.644903199615849,-10.194350669116849,202.63460501794322,124.30659047853743,58.773206832288565,15.697398616908218,184.43009841822354,95.54066166630358,0.9554701373797942,0.026239300611879884,0.25048894593377025
45415.5,866.2224322557449,0.7605978812660628,0.9693486590038314,0.6877697514878924,0.9531559892963954,0.22780560140875897,0.7931104862112871,3.7988127312670725,4.572967237816683,6.582593243338216,-12.415202212493805,-8.70456156452985,-12.24072038756512,208.67085235089866,146.7869231945142,42.94883274005809,19.37579437007272,205.26088095914045,95.93788200903535,0.9438536669229491,0.024486085429904693,0.20997608931377687
10556.5,514.7178181409836,0.5007159327420003,0.8345864661654135,0.7150646887488993,0.8673486155615808,0.549394232870021,0.7739027008656245,2.946014361019908,4.4821814384529794,4.771049037088023,9.482445017522807,6.461714510034122,9.642905738315347,207.6811943620178,111.45604599406529,56.947051186943625,11.365819732937686,186.60617581602375,362.1899866742814,0.8498110929829626,0.022382747153126922,0.174523028401614
47320.5,910.423440694809,0.717418095775185,0.9693486590038314,0.7166189632456499,0.94628698269225,0.41858863287145287,0.7883193147349585,3.5883611357841825,4.037370221418846,6.621162514453022,-11.971467202164789,-8.640213241517401,12.467734751650948,207.30869009450765,138.2380084239643,67.10775130445715,15.339410322499528,174.38486201043565,65.50968164714835,0.9554642307321731,0.027348591889407543,0.2657795186061563
113760.5,1412.4965953826904,0.7165170626406149,1.1483516483516483,0.7476766654398234,0.949955533658724,0.4162244288191925,0.7908454789187203,3.9768930558641826,4.104933255576378,5.70747800212975,10.629341595368471,7.776049476319815,11.192475078485824,181.28677344897534,121.8021350633,54.46156536336295,20.146595439602716,180.20164195285727,93.82137903183326,0.9754794479583622,0.018518990149959853,0.2090581007495364
96085.0,1381.8864237070084,0.6322964714377978,1.0593220338983051,0.723804143126177,0.9039975914723066,0.6115090377495994,0.7530284385440701,2.6297946992254118,3.252400584476519,4.480506588867425,8.650916814477132,6.327999713502887,-8.408462696356786,187.34428162197378,115.35318572447956,43.89842497698998,17.42029225312057,201.31387736951507,118.80257855726066,0.9552356229928036,0.01656158152197425,0.16183233605631653
18336.5,509.203097820282,0.8886775982705822,1.181159420289855,0.8151729350048902,0.9905731727081195,0.4229956533049268,0.793438630056172,3.312920611514036,7.071462608273518,8.651536512616493,-16.551832126028764,-10.331401599986757,-16.906128754146046,236.41271551724137,169.58518318965517,80.84913793103448,17.482273706896553,168.4245150862069,57.6609477124183,0.9624680794392191,0.027487375154444642,0.2817181272292886
100835.5,1214.7564834356308,0.8587067342681473,1.25625,0.7838580534825871,0.9883992197531832,0.6006689171599362,0.786949849978483,2.8868583092549445,5.5072026453026375,7.468456941143362,15.489444454752068,-11.616892269506607,13.95647321139419,211.98498421468034,119.46960339384371,41.424595501183894,13.846911996842936,208.3715765588003,194.4241017399758,0.8977063647984265,0.01996821291746861,0.18056600013319377
118756.5,1321.7514337301254,0.8542159438882259,1.0641711229946524,0.7978159514148282,0.9878511358626484,0.3731521773588806,0.796041075629662,3.8958083761552422,4.837595379217042,7.378625032962627,-13.51958207968149,-9.522789542213706,13.91308203053022,207.76398759637948,128.88865236339254,60.42313107609788,14.196630908481394,183.9309001005699,76.02616279069767,0.9549662143103553,0.01969099654525879,0.1755029314217197
111640.5,1247.0996280908585,0.9020473551566277,1.010840108401084,0.8111227358922383,0.9944106958349663,0.20740516413474924,0.7978165891817341,6.0877963367489425,5.809999425577094,9.417898643298685,-17.332006446921554,12.529705267783761,17.094608233377407,218.69656451124064,143.5769107343424,46.483803105667576,16.810397389955607,202.00083792408762,274.652982323641,0.77391017636905,0.025613907527372696,0.2224636430906261
82465.5,1214.957494020462,0.7020369846740229,0.9884057971014493,0.7009690169577968,0.91184064308895,0.5026880726285113,0.7743250315415036,3.24648997086215,3.839623638504801,4.888074126821512,-9.309037113858926,-6.529067475277012,-9.569859971110079,209.43979612738423,115.90213632475027,39.14307230730302,13.479823599580687,209.579819984818,61.41506968641116,0.954254768395678,0.0328249017286696,0.3004927989889271
68987.0,1339.5777732133865,0.48310469434032743,1.0808080808080809,0.723612028907979,0.8967736064891847,0.659308676780559,0.7407589224062561,2.382146313950476,3.431425131928242,4.273844415553715,8.144755727756477,5.488159439705428,8.672983553036582,192.97239704572235,125.23877058367101,45.945627496623274,18.70965887863896,198.88697301491507,120.48056772995095,0.9457502733492135,0.02071253226029322,0.18509948423541092
64293.5,973.9625444412231,0.8517113236528417,1.2140077821011672,0.8018245535268882,0.9855222416383089,0.5717410359044247,0.7890141219520732,3.0082334196128775,6.540202329836027,7.812537523232269,-15.166860957526788,-9.336613487978417,-15.115065317389933,219.66825310978908,113.17604882948312,48.00424940122073,11.871884416286795,201.08427721548327,42.09610656375463,0.9743008528354974,0.032209040852277604,0.30225751506856124
162927.5,1685.1483999490738,0.7209878613774449,1.3097560975609757,0.7400077213062634,0.9699104665976116,0.7540012607179479,0.7545955728530602,2.3178267095976732,4.171007054419903,5.127678116465376,9.777190194519765,6.288560103154089,-11.330907214581014,211.42269819329428,128.12273244363982,75.32570243789067,13.706333867475626,170.60900784088267,105.47664177087684,0.976337289626278,0.022881447783326413,0.27473132124088917
100595.0,1325.6265397071838,0.7193560134060035,1.144092219020173,0.7302245225357327,0.9369309794023275,0.6015448666989852,0.7707249109731038,2.7074284163749707,3.7239670696329026,5.0872153254110835,-9.536748412881343,-6.468002908064751,-9.861344882890918,186.7890008006247,117.80960947307035,47.20128297634698,17.92536398770399,197.18757351414934,125.36663492252445,0.9558971873101039,0.016416936274522377,0.16538901539559636
51782.0,873.9209152460098,0.8520094619280315,1.0390625,0.7604264567669173,0.9819750628170483,0.318371561715739,0.7971840392995275,4.137207482563909,6.6559713243713166,9.052049463233999,17.08194846396683,-11.179110685003526,17.03385836756865,220.6083747148034,122.98972333531454,43.64254079030619,13.516862549609833,205.796729106352,46.057732436818924,0.9486936163361926,0.04033643460466447,0.31879808781232294
80969.5,1081.2173817157745,0.8703727466365856,1.0127388535031847,0.8108951247846813,0.9875955187744324,0.20346960298255318,0.7971982958120258,5.069918686533619,5.236697962056964,8.009229482783176,15.037492365506818,11.05209897494074,-14.668679661125866,210.73204155308332,136.18959208232027,44.792418772563174,16.613313195314227,203.37026940740193,306.5511119347665,0.8483115337596382,0.019945711982802403,0.19100594353399372
44988.0,795.009229183197,0.8944626485008744,0.9547325102880658,0.7979991485738612,0.9901072902338377,0.18399649752091288,0.7971602353655407,4.63275963661232,4.9944239570307944,7.72388569357566,-14.57795737299185,-10.346522262524651,-14.106491473852458,138.92243718426684,131.47142132315633,47.15016214069841,28.742361739207162,178.41267565242327,138.48911293928285,0.954006851215925,0.017528099826212267,0.177592458227187
96063.5,1190.1290662288666,0.8522757780284714,1.1867088607594938,0.810662447257384,0.9850342996011198,0.5416985620898003,0.7890056221541016,3.0199179033267534,5.44206254765508,7.373560139978041,13.805085349461072,8.888733849924364,14.273996503088,222.58982801644248,114.8184594994771,44.32854968471406,11.994429430828648,205.72085028836494,47.97792045098653,0.9512773049727329,0.031855645445195084,0.27439813056120865
49688.0,936.5239456892014,0.7119075648898787,1.2533333333333334,0.7831048069345942,0.9561084492678328,0.5195150139395812,0.7759084789823405,2.741012188585832,3.789292536291924,5.482925716908579,10.236022477135464,6.941875229267579,10.30921604405241,190.83577829670878,97.94974352833164,40.7139692233998,14.602279304632457,204.9636149531964,180.2874803054175,0.948278565593577,0.01578719626152768,0.1487770579377013
22099.5,555.4284965991974,0.9001937565094034,1.0119047619047619,0.7737920168067227,0.9916982656106262,0.15006766896070578,0.7979874638359647,5.378901175108519,5.572087291914462,9.520435530392312,-17.31292266467138,-12.417465384882886,-17.151009155996714,223.2091149214308,144.745579084031,48.80248018981958,16.50123114115593,200.43640596320006,47.69213676764012,0.9333117557806004,0.0344461788182874,0.26860238122183255
100210.5,1211.785920381546,0.8575733743675686,1.0225352112676056,0.7776393900593644,0.9857416879795396,0.2505349396313919,0.7974138712420937,4.670700900006158,5.314664817608484,9.828219716803762,17.4081549922647,12.203288762821602,18.107741032348954,204.96343908831005,119.71853160736977,56.645886277001274,12.697109275730623,187.73267749364678,64.20342011739808,0.9672315035014346,0.024586310774818543,0.22576536923419308
69661.5,1049.5605278015137,0.7946716270797171,0.8303571428571429,0.7431035586277521,0.9659109816971714,0.5169482124640418,0.7875658687416093,3.162315691778426,4.501111373886162,5.864784061531904,11.264482211833835,7.577902538738477,11.147563089014728,210.30532696284675,124.06587748698567,65.19246951436925,12.383755259217,177.4032090137631,288.0113492337827,0.8875781031552084,0.019918910032173033,0.2055553428718431
51034.5,943.1341199874878,0.7209859719088784,1.2642276422764227,0.6670653282095522,0.9531142030068167,0.6791853074355754,0.7702522039493064,2.612449913788995,4.041621001030284,5.672472594187959,13.222949956659539,-7.527789014242974,10.529520282830672,188.46352131568204,132.9955482980502,77.99166034874905,16.808032503256157,156.24435761357674,131.55811209439528,0.9723001842645147,0.019973810283680178,0.24750945539787847
35436.0,789.5533868074417,0.7143179366072357,0.9953703703703703,0.7630490956072351,0.9461205745714744,0.12145484438416342,0.7938169535836377,4.620762300953889,4.737718622611636,6.404568697987912,12.250828886480779,-8.734801523817241,-12.047555522383425,180.830296254891,142.5647847959754,70.27498602571269,22.916545556176636,161.42551704863052,168.1623888326016,0.9514804383047952,0.016805008631762913,0.1665009601755736
27554.0,640.9360756874084,0.8428787098712004,0.9886363636363636,0.899751828631139,0.9866967467010439,0.5712582871197429,0.7888160708456022,4.277337183063188,4.318671576920051,5.781853128809645,11.398265180794185,7.922994203993543,-10.848748926056762,223.4604035037335,142.77728317059163,92.05488943136129,33.19435669155658,156.2740881677197,108.32223439211391,0.9759800113369153,0.05958545632973271,0.3576485965509034
88998.5,1118.2712025642395,0.8943309665671691,1.060790273556231,0.7751064700708059,0.9940245829773213,0.4228228724830811,0.7958192920633569,3.589535409989029,6.057468639687179,8.567656487490622,15.880884790869581,10.379848118919538,17.137276736388607,196.35659841745272,121.11291295989986,40.457262282623276,15.36030890965175,204.8955250569985,70.72794101142512,0.9596066141769665,0.022891359386037063,0.21319035465447933
16983.5,488.51680517196655,0.8942893177699542,0.9931972789115646,0.7913288603112478,0.9895126285431293,0.24055069258090317,0.7976523897451984,4.806726736354625,5.385209069420954,8.571605497588072,15.642873649995439,11.185825787707836,-15.779251889812144,239.72695551032277,160.47019482407677,86.57336435010177,15.064379179994184,163.09508578075022,62.22507339988257,0.9571559989264441,0.02862895026253257,0.2720132531983198
62817.0,1166.9747375249863,0.5796477393236434,1.1180555555555556,0.6773744824016563,0.891830881935374,0.2825090967571835,0.7821682312997076,3.2665340920856667,4.054845724189564,6.801507322204993,12.376944033836697,-8.464228240409174,12.383503182147964,192.16401648533846,109.71989136098786,47.09722244153547,17.151999873675567,194.5433055945933,90.385593625498,0.9645492985258347,0.02095570568907116,0.20679952495702147
67278.5,1209.6681708097458,0.5777682296565468,1.283828382838284,0.570800139139878,0.8411179316638954,0.7842432861866818,0.7049295708509515,2.079086745674528,2.9176317332732054,3.9795884948445326,-7.643877425371072,-5.192067842272209,7.528657833615048,199.0254746065228,109.13203428082547,55.03624267992271,12.177746965025888,188.46181759178677,71.22038907038907,0.979573675427019,0.01939576521988217,0.2161043449596182
32179.5,666.6833263635635,0.9098084551982866,1.0561224489795917,0.7931455190771961,0.9915113233708212,0.21629670500760195,0.797645267527415,4.489458002032413,5.9797677717794535,9.72847453416665,-17.619946125678304,-11.978391090117874,17.983232591415796,202.99276165835028,116.49775149387051,42.57688042875624,13.729440029569396,204.51145814082426,55.282278088144,0.968621420393625,0.023829659789012476,0.2319718458845577
81643.5,1105.5016479492188,0.8394845152488244,1.073482428115016,0.7763150387950707,0.9855921870661661,0.42568061338545576,0.7952781297538335,3.5422121767856383,6.5950475911959865,8.425870144764316,-15.938218187827008,-10.41251753582436,-16.96751396889391,219.36709693132002,135.26802240623476,54.658122260107156,14.847381880175353,193.97855577204092,49.75951417004049,0.9743078572997534,0.034298447649937655,0.3241140924300428
38749.5,741.653890132904,0.885265233901124,1.1047619047619048,0.7953509852216749,0.9889617681588484,0.420247965230028,0.7953726687711292,3.5694907172701926,6.224687023470764,9.044943647766285,17.146280885574026,11.02119866926094,16.706697294934198,191.3507972665148,135.33986844462643,66.69847201249009,16.12607816539121,169.74510506513784,45.66935149694396,0.9773413422822034,0.023317080443741558,0.24387834857228036
54405.0,1011.2935001850128,0.6684889714421188,1.05078125,0.7900354321561338,0.9472776974909894,0.3146540442407401,0.7935433543679039,4.206046506208443,4.4682464681687275,6.881116129146255,12.572704634641465,8.984286390772581,-13.118537408757083,211.3890468898126,110.31792824327282,48.37043316560928,13.99941661197404,195.64792532633268,122.2861963977844,0.9577115094566484,0.018863055388757658,0.17621498343001626
18343.5,508.7178190946579,0.8907137730009992,1.1666666666666667,0.8256143667296786,0.9927479366797456,0.41432949288244286,0.7930971861622947,3.311557420434213,6.434698838731447,8.667592797769824,-16.301099825330414,-10.400233867329744,16.469134970978388,236.19759801809565,168.58234597156397,80.13183972425678,17.469086600603188,168.9909521757863,75.27227668845316,0.9499214560196865,0.02868563734668986,0.2781419770866692
138684.0,1425.0235112905502,0.8582072198280769,1.0433734939759036,0.771774395503492,0.9855595667870036,0.38362146183447243,0.7959886144172582,3.938287902741466,5.057734372968791,7.3237577859920435,13.562044254946942,9.598298525702086,-13.867686352901263,218.79773296674108,138.86759606894424,54.29958148182712,15.360765536500097,193.22329344369388,54.73979503589034,0.9561241206263866,0.03455476189870976,0.2656784976981201
34719.5,698.4823174476624,0.8942778910901503,1.0336538461538463,0.7763752236135957,0.9920707489213361,0.275371385739081,0.7977461811350627,4.395525369058432,7.200117192252966,10.340498779336757,-19.19106461663644,-13.011586088942682,-19.365834513421344,220.42871012878723,137.57588737542477,54.43759102201662,14.990976327136696,193.56075273423,58.598786728767756,0.9408769130071967,0.02469312577643088,0.19622620442931796
126020.0,1585.8763206005096,0.6296666768923116,1.0518518518518518,0.7304236944299543,0.9217378583967232,0.3679616543793179,0.7726589982836176,3.7210883006122266,3.266473066988673,6.297197491729269,-11.19422449599331,8.171394303723178,-11.271754985738507,197.35448482696026,138.07869460557987,42.77835128842587,18.055356931454952,205.5304052720887,48.52103127238004,0.9879782523482608,0.02133238497329302,0.2754000080091965
18122.0,504.07315826416016,0.8962493342413878,0.9934640522875817,0.7792397660818714,0.9897053603123891,0.24233977964483372,0.7977095713932105,4.811236289293866,5.750801751518989,9.593124750093185,17.443560948303077,12.311081635488653,17.39083753402085,209.54915753312613,141.74884126724467,49.75876547249032,17.353836087027645,198.35198211461912,140.90055279159756,0.9514023285359909,0.01742591669987056,0.15878640603703317
39694.0,953.636644244194,0.5484901941712851,1.1125541125541125,0.668620614145906,0.8830111449736391,0.435714635862067,0.7907867170532243,4.0055080966603915,4.785382164262958,5.741109018669943,11.00613505336755,-7.770057011939171,12.048357315861011,194.43596838930023,139.04674295116297,71.55582978086905,16.220078278862214,163.75040510557673,85.99231155778895,0.9588829399586516,0.024031510767320782,0.23034214097561723
72455.5,1079.9625444412231,0.7806634291435158,1.217081850533808,0.7539437264573058,0.9712663708628801,0.6506680922475211,0.7788078719761711,2.703096035691722,4.069508164513909,5.712055526081389,10.602856516478742,7.0636530217163696,-12.630195285470137,209.29329494035375,116.28085835732894,55.224804607157544,11.900891265597147,191.80618401206635,175.5657304144293,0.9344188874421723,0.015981011508419216,0.15859836404185043
88349.0,1320.6173124313354,0.6365866543175573,1.2587412587412588,0.8580905205905206,0.9253142019271051,0.733037424410443,0.7404940724224418,2.4462876919453684,3.3028167933914236,4.737834365076414,8.86844570023982,6.0538999295974785,8.958091412355591,220.90362786306727,144.67701004742744,96.59353997617389,9.788678100204544,152.46392366652432,86.92568865387658,0.986981934800268,0.22082147400872654,0.3972395872165689
61906.5,974.0802956819534,0.8198919050855146,1.0671641791044777,0.8076727377100511,0.9722414172189591,0.4576926420405686,0.7904579531181916,3.4218253899916227,4.523554540761498,7.299468038591147,13.286739772335835,9.300772026845346,-13.476415232256038,194.6776925791652,128.97425326446148,47.03511501812699,19.32800218165485,195.6708909493407,95.37660318694134,0.9600042830156355,0.019455307981137437,0.18973636434816646
73672.0,1040.3473193645477,0.8553731604832344,1.1145833333333333,0.7969020422291451,0.9845972909942599,0.2387746776722845,0.7960606327728309,4.050752842947032,5.066331420589786,7.722403318184744,-14.205351527128665,-9.770174748967309,-14.354264836141107,213.5593920212983,127.64260197497997,45.96810692601296,14.656361635946267,202.19131769467953,63.897512641793085,0.9501747658342163,0.026878617160529233,0.22263339480082572
101505.0,1250.9991260766983,0.8150481893356594,1.0676056338028168,0.754431602809469,0.9856624733568651,0.4111536965706205,0.7955029681550021,3.742009996554005,4.657057127744457,7.075885663620336,13.132077089894786,9.11954176267887,-13.05967450374154,213.85063745137046,138.3248895116956,48.127264887747806,16.19247013630974,200.1112820563074,123.05134953963844,0.9352810060558792,0.02598251334224594,0.2330594150847738
54752.5,1056.5310859680176,0.6163810219029192,0.9893617021276596,0.6959060982739774,0.9469310458138047,0.32187334800456685,0.7925851138989802,3.902892007626249,5.120179143699609,6.182112170998572,12.027620313587441,-8.592619815908899,11.947309108276928,200.50258119441378,100.9437027913127,46.968355462169654,13.217925263100694,195.1263426739363,90.35644327060635,0.9572466586262969,0.025772122795779534,0.2667480135567908
48015.0,854.4061959981918,0.8265288533393239,1.0819672131147542,0.7453893442622951,0.9675859219926043,0.3943884896718234,0.7907387838383827,3.36318281053316,4.347318866585823,6.318067099594231,11.717880466645584,8.248758383761695,11.93840644679055,200.58118191777424,135.98340188924948,47.54374832055231,16.795283077368282,198.31189152318157,94.27891583930293,0.9685598346923027,0.01600975287451964,0.15079746832426
124360.0,1801.1311535835266,0.48172579387056874,1.9793814432989691,0.7419339442535319,0.8565800168064912,0.9310759267975267,0.5942642467666549,1.491126320503066,3.836516584840277,4.321060784570676,8.411491147802177,5.077228208685112,-9.041013660213094,203.97875281671008,109.17067265433974,39.02025634059419,12.52275741933422,208.00305243475623,336.912020345094,0.8193377639017732,0.021201664305405238,0.18506331485841554
64608.0,972.0630514621735,0.8592257618462088,0.962457337883959,0.7819330477089536,0.9834313852336122,0.19456463106241367,0.7971197665317469,4.702547947057645,4.912723408353435,9.278497555702431,-18.21902160892542,11.71666809991532,-16.374152395686842,212.3310318314624,124.89495617407351,60.46234045825004,13.227864062740274,186.74442564970016,115.63875250887757,0.948603491008459,0.021961195364622245,0.21284467130640153
62467.5,939.3940057754517,0.8895460185772689,0.9820143884892086,0.8230887817218753,0.9930134961133101,0.4930975640044998,0.7931765309090388,3.400032948545727,5.160831813369372,6.794728086463996,12.814135968773305,8.497541242533842,13.151674332338214,220.62810114503816,116.0599713740458,50.07714694656489,12.153451017811705,198.79503816793894,72.80477108433735,0.9526600693542185,0.02805054112730369,0.26034578270552255
38670.0,814.1219272613525,0.733170752821502,1.1050228310502284,0.7296501754783199,0.9539550775227265,0.47297318314120324,0.7908792851886122,3.689779893918673,4.122297923503422,6.054424040183381,11.261154427992464,8.062993891411596,-11.331045254243252,185.12345584089397,108.65308319237276,47.529371059511,15.298477625711211,192.80960069711418,366.3960685797162,0.9073982736006291,0.016817481732311623,0.18233816157154933
106395.5,1538.011314868927,0.5652154997387456,1.077720207253886,0.6625865633718613,0.8844475294274123,0.4594277589887579,0.7240515653036519,3.1052276240443026,2.584168153858959,4.399488885096733,-8.257676346373447,-6.144212114209617,-7.935751130857823,212.9974223674994,111.01057202895167,52.98776558487042,11.007060471632034,195.0415783329442,89.87728185212285,0.9617458658478064,0.02153470285504841,0.23592091269578847
124746.0,1841.9595812559128,0.4620365162634165,1.9793814432989691,0.7442368270332188,0.8591174394380262,0.9263795691453112,0.5968185950824935,1.4998622272727393,3.887134550015822,4.375658883036862,8.517545414774744,5.134217661697874,9.17027263254998,203.83227666624188,108.64238721804512,38.077195106410095,12.610073913597553,209.65629380655028,139.32725148445127,0.9196493336804522,0.021117344237906,0.18701124347216802
50908.5,891.0508583784103,0.8057404729119305,1.07421875,0.7231321022727273,0.962135243423042,0.5275409656861415,0.783834095097303,3.328010933583917,3.498727440556362,5.406060418838499,-10.145621167469983,-7.418399430858301,-9.925748685182567,220.70697520274484,131.05253820960698,50.09170305676856,14.115194167186525,199.15925218340612,86.60385447394297,0.9508620992932848,0.02701296909949434,0.24522087483090604
131281.0,1442.5626137256622,0.7927612158292776,1.0808823529411764,0.7296307411853631,0.9734577582019939,0.42708549975147797,0.7942451048633251,3.701143016545886,4.761490725747226,6.774605325529335,12.546162355050306,8.938700318180791,13.440190723887579,193.02205525565597,112.52695305392128,50.050471583671985,14.451567901983381,193.9890595620792,72.61124301782263,0.9740929781428634,0.026046861144395594,0.2885405077398783
8222.0,380.67618811130524,0.7129776445361479,1.0186915887850467,0.704964417388322,0.9176339285714286,0.29251131130113867,0.7890678328033958,4.118554759676789,4.159094705940188,5.858094355892342,-11.0314906893079,8.035489296227471,-11.003799308050228,205.5220605771524,125.24338182685428,72.51562127355116,15.263415215835916,166.21404722155975,195.7594627594628,0.9328122804663159,0.021363160203812816,0.1919126215618729
64241.5,961.9625446796417,0.8723870534909006,0.9518900343642611,0.7969717270212264,0.9838278647727707,0.17917297470349422,0.7971893055453583,4.660067480320365,5.418800776524069,9.395138429388634,16.802197834579438,-11.856032930123817,18.493886518294612,212.05510617566546,124.37780905393076,59.91584824535627,13.33263219759655,187.04299611797643,116.14808129221002,0.9468210008072913,0.021927616423987883,0.20993577430064067
62750.5,958.7077119350433,0.8579354491976826,0.9893992932862191,0.7919043412417971,0.9845223339661421,0.2997618178379906,0.7971370968968686,4.411420154894648,5.600490877405192,9.09689649682602,16.853481263082106,-12.077489037131963,-16.48160573231169,213.0986212027671,140.66502034161246,64.59821753652784,16.646230073926326,180.38117174019723,98.52065338645419,0.9675429259500581,0.02230535506601938,0.2566281819662319
52155.5,1457.477264881134,0.30853639394532645,1.1793893129770991,0.6442291064502581,0.7975334882867454,0.46707947160694907,0.7861897890120382,3.485613066999779,4.8109920936144475,5.816010795746173,11.715578528480417,-7.563779314969872,11.144635926439944,168.3549413101098,118.9983718288527,55.566035592578565,20.64892086330935,175.36224914804998,215.5669194821114,0.9584194386646542,0.02714553121229071,0.21647792908904456
69847.5,993.7371526956558,0.8888278955412809,1.1449814126394051,0.8430393955486892,0.9942987700717458,0.24650584544399975,0.7906508119717874,3.363933734557581,4.164963120536817,6.030438244937271,-11.154837959683622,-7.719044794649423,-11.596481079808001,212.64792102472992,127.84021549130298,45.48210447889504,14.811803306874516,202.71116428346278,80.85184064984446,0.937954297780455,0.024065105231851805,0.1998362425185356
94369.5,1155.1585068702698,0.8887065000319161,1.0694864048338368,0.8053791796814993,0.9919222602955706,0.35175638122137287,0.7966890236248062,3.9672783421365723,5.308550308692458,8.702061944611621,-15.90958711883104,-11.572868322401241,-15.816153114252595,174.1499209444503,109.89203120059028,55.62155581321809,13.587878149046063,179.68666596395065,119.7388425906341,0.955021533219601,0.019224360055181113,0.18564825876745789
71636.5,1308.732097029686,0.525584701623763,1.2430555555555556,0.694798455927995,0.8686844801765586,0.5114758641444397,0.7768851420065066,3.2770131786847014,3.832292764740087,5.570729503494362,10.721613657687522,7.3036202203453815,10.301548674097818,194.9820132927167,116.67939628911658,59.7489338133481,16.72111603433952,180.800526170036,77.70093353457432,0.9791034426244928,0.022172746492425476,0.24448111478371545
46746.5,838.0559103488922,0.8363979841957746,0.9626556016597511,0.8360727571898698,0.9777659251822337,0.46084827385518945,0.7884270784814195,3.234525542136232,4.454585067535801,6.347779504310122,11.833255067599156,8.0126986077519,11.99522743413726,145.52684521030517,137.224566020118,56.48671533466322,28.197211493569885,168.48756419506813,164.264315582864,0.9546368156833765,0.016689224069982436,0.17903056732408373
32583.5,677.0264744758606,0.8932978597000191,1.0252525252525253,0.810655819276509,0.9903046880936099,0.1937870583573677,0.7976182246907995,4.985699993289132,5.879305311717938,8.400177145372725,-16.865338242500265,-11.04856416615415,-15.54040410984171,218.96465506752645,130.68140893052683,46.70908869692177,14.73637303808249,202.6638581335929,124.99766728054021,0.9007911443104492,0.02045889574182209,0.16124387646571953
17066.5,488.6589413881302,0.8981370855044116,0.9932885906040269,0.7739207328133503,0.9894196765029857,0.23060336999203934,0.7977754313384378,4.649845026836899,5.379343958023203,9.103342510478598,16.691773514648773,11.850445528828141,-16.39374421734137,239.03768233387356,160.09498726557072,86.48657096550127,15.220942347765686,162.86177355869413,112.31033470346449,0.9225613646909856,0.029702029525417215,0.2539545239968018
36393.0,832.322936296463,0.6601520803114532,1.0849056603773586,0.7463699753896637,0.9405820324614907,0.4293379951506176,0.7876612573833894,3.632725484908286,4.0686932758582595,5.582218019662053,10.865506388374463,7.806372903573695,-10.435786074398894,194.82420482681687,121.90242973362719,52.89402225668653,17.978777242674067,192.44331075014284,116.2972995315514,0.9615373662080214,0.02765294944338448,0.26701497765788096
87271.5,1106.8742322921753,0.8951292525341658,1.1294498381877023,0.8092608562606058,0.9918399354468431,0.41875589636472094,0.7949166467358766,3.5305427174833013,4.8665611411228245,7.504250407792989,-14.260171293733869,10.263607162472978,-13.705945838539261,208.4060192360288,131.61648737350717,53.34483544534598,15.0490815024159,191.8823958428298,226.43184837379755,0.8973802266688159,0.024312935577343167,0.271263325105938
28408.5,631.2274841070175,0.8959553495764231,0.96875,0.7954889112903226,0.9911036684284892,0.24947934781531358,0.797725757037765,4.611879809645144,5.4846109092898025,8.59877960659592,-15.666295215517616,-10.97444088745352,16.115653216252607,223.31487744499844,152.94302848575714,60.62400195251212,16.989784177678604,187.12802900875144,78.23017047055508,0.9545411979651013,0.027455521211822053,0.23253097587081598
79760.5,1056.388951420784,0.8981523925298837,1.0721311475409836,0.7997242693136812,0.9945509523364194,0.2384803907856353,0.7971382484904389,4.173057825672797,5.724545810740945,8.01759187697074,-14.968358182017246,-10.304705918934609,-15.144946956320283,137.48569505217097,131.35119737711457,48.87724547165813,29.14005759377688,173.86267250084146,92.74707415482546,0.9647567313791929,0.017197050044827175,0.16686583680639222
92721.5,1207.7472550868988,0.7988002545511831,1.044871794871795,0.9116082664778984,0.9906778212278565,0.4982015875774605,0.7816384881684312,3.475836554567217,3.7637356073600268,5.947897488457669,-10.970277258236553,8.481707565318612,-10.93928566505612,206.88920448455485,160.32771334862483,80.75874080902055,20.942603271238397,166.96250723488177,182.68382226056946,0.9710115271611655,0.09947618791186742,0.28032097528614297
49090.0,920.5483328104019,0.7279636678560542,0.9027777777777778,0.6555822649572649,0.9489474396396744,0.46601164440523435,0.7918985888314243,3.648930696761163,4.324180033507299,6.049414058961824,-11.467263385152794,-7.9226446790955105,-11.328110564028508,212.4410427402243,130.1884207335556,60.602404769121954,13.607315348085278,183.49920177831666,115.95546451428805,0.9239462519156587,0.023152182554027248,0.18640623920209035
99749.0,1218.7737300395966,0.8438635827692829,1.156923076923077,0.8162765957446808,0.9826858378527483,0.4344832389445315,0.7906704802686633,3.37816840041447,4.090414239861037,6.038128178978924,-11.163063211111687,-7.747774204992591,11.40893788421777,197.01247457221493,120.03713453791234,36.199932192573094,15.552201747038412,210.91979777432093,80.14293751255776,0.9551648744112436,0.023146698335564896,0.21541303082261926
66650.5,972.0458048582077,0.8864205487921509,0.9537953795379538,0.7611371863829982,0.9907098423646052,0.3384828362511619,0.7969399995739597,3.9794156883482374,5.225594899073897,7.907161519835594,14.912943211107622,10.528243028057274,14.504326980198531,200.20325360849338,121.9000805201002,52.94843731361088,13.827522963139687,191.0637003459382,350.6374687056978,0.8809152381917928,0.0158281140177425,0.14592279733734692
88464.5,1118.330075263977,0.8888712965196945,1.0029940119760479,0.7906381267316114,0.9928341357754509,0.42955774228239524,0.7957717290004835,3.578478390183867,6.204598258313954,8.767545804957132,16.25533533870701,10.5854874870663,17.305404539266664,196.37880985305856,120.83534014637931,39.8874835576242,15.362114517634097,205.45301134383396,77.83284749056561,0.9546879778949314,0.023146916739706327,0.2218760184627038
87752.5,1162.8153569698334,0.8155448405781602,1.0914634146341464,0.7473131557432893,0.971766959757259,0.43711816120677754,0.7925169014128906,3.744258854745048,4.171165190204212,6.054871070550906,11.354963224269778,7.986469514271853,11.28712243993641,203.76744923857868,105.0416515591008,47.95880166787527,10.867873005801306,197.4166062364032,97.748725998726,0.9458650968920868,0.02093223863064406,0.19949459930454994
112281.0,1253.827548980713,0.8975125295077221,1.0162162162162163,0.8070802185163888,0.994455613912335,0.19018452604647906,0.7978272069725434,6.3790976493582825,5.88345091831804,9.38598911248964,-17.112129763691353,12.620941594619618,17.25267314784989,219.63915478976102,144.26951712401615,46.9054013330497,16.908769410763668,202.34485570446003,65.13959245687728,0.9381954242446656,0.025731090835786133,0.22446209655822452
71172.5,1093.1585026979446,0.7484379678029298,1.0891089108910892,0.7117961796179618,0.9517203107658158,0.26376144140969543,0.7956740555801171,4.833930069295824,4.847295145000619,6.783513051101683,12.710962824093976,-9.366798680977698,12.796215985625889,220.11021467854053,137.65303872030373,62.89416822534268,14.179433851651266,182.64614332374865,69.42636084593506,0.9248851488847161,0.029095543948067213,0.2183104937252461
89967.0,1180.229573726654,0.8116337862497671,1.1203703703703705,0.7649474543413938,0.9792166658503535,0.6062499989183951,0.7851197053556935,2.832855823105973,5.749673676540762,7.341845667331993,14.042697803363703,9.273010954461741,14.033637375152155,212.20718619790227,115.34890969175169,48.29506294278231,12.286740569634944,200.24982592645807,142.26665551839466,0.9096901437752344,0.02206845852355964,0.19874869253575794
8132.0,353.2203438282013,0.8190601868271185,1.06,0.7671698113207547,0.9627656425738471,0.4360477510946508,0.7924534728794064,3.6888503712542797,4.112009856626606,6.10855240361718,11.309253855873434,8.054452465476512,11.45272129196669,200.3521602703355,119.1217716630461,66.45112237509052,15.138184890176202,172.59328988655565,215.35604395604395,0.9262014776877477,0.020788599120943062,0.17426053445869372
65801.0,1017.0092273950577,0.7994523273370857,1.0355871886120998,0.8046984872387521,0.9780681218553284,0.4558674835502679,0.7920864684455592,4.617851906524765,4.232148919417126,6.534078657062679,-11.917495123392033,8.878627203734993,13.345230432599822,218.20460342615652,113.81500264131009,50.414655497698284,11.6984529469474,197.84215530903327,47.933958535992225,0.9712136660486073,0.026704360190675465,0.238894568534878
53706.5,965.7371493577957,0.7236337916707876,1.165991902834008,0.7549834120557805,0.9446222847594758,0.4214158177636609,0.7802615596669108,3.6047854225789866,3.486965354488719,4.998303347014957,9.283059164846787,6.854862759300693,9.617783510579647,219.67790442059373,110.52492934069791,58.39046422699647,9.796519683002975,190.5300094212403,122.86701373339304,0.9384842434543724,0.022144135300997982,0.22607843425714513
45858.0,848.0386670827866,0.8012972725266245,1.2136363636363636,0.7806945863125638,0.9643150036799495,0.5017465571015554,0.7846599583335816,3.021457449253942,3.9652761344318743,5.5720628050344025,10.415815381019344,7.1661269752739365,-10.607799215605889,212.94724205061647,139.57428077006273,67.92796885139519,14.73140817650876,172.64972961280552,119.32662464681589,0.9380575328299848,0.034342943374175004,0.2889059362733557
0.0,2.0,0.0,2.0,0.0,0.0,0.0,0.0,0.0,0.0,0.0,0.0,0.0,0.0,125.5,114.5,111.0,7.5,32.0,0.0,0.0,0.0,0.0
45236.0,812.6072067022324,0.8608603795891957,0.9563492063492064,0.7448462095765,0.98414010660285,0.23510279244164647,0.7965175317131543,4.520781679836448,4.661134744847466,7.10483423858796,12.988081895224516,9.370404660888191,14.44621345967296,200.1132025799658,133.8726909745075,40.816791716028256,17.436531964371902,207.07200210609452,97.91276906723358,0.9673452866344359,0.01579764827423442,0.14341242746291719
45066.0,796.5239474773407,0.892608877044162,0.9428571428571428,0.7962894248608534,0.9898958836708694,0.24314643409261946,0.7973462370137743,4.290219364170918,5.599761124736422,8.953393578119007,-16.34714351420854,-11.107614915928744,16.419893308730067,141.0275263702627,133.05943493867125,48.487326859131045,28.58741274140627,176.549976877849,91.45238727965275,0.9694048830063199,0.0172118174652907,0.17335808496700247
46799.5,946.0214245319366,0.6571267297625467,1.0515873015873016,0.700801138065289,0.9130986176553796,0.45342093162718283,0.7536572672359585,3.8181127399541164,2.860880045907344,5.63060195166912,9.920653052133025,-8.031806880218248,-10.243247178019761,194.19037532830637,111.94668728289419,47.58857917478608,12.857515038549522,196.93279251037873,94.69636456733231,0.9761603086480828,0.018892962929753076,0.21657628024020956
47893.5,1002.7321010828018,0.5985722830845306,1.1574803149606299,0.6413506347420858,0.8938689809630459,0.42744869439604255,0.7292042602839903,3.4070672069909267,2.5899015988656497,4.931337299871509,9.068967730429389,7.054379821546347,8.734042875411625,197.26980382418674,113.3989322075987,47.397876831388125,13.03219932124824,198.59094859697043,63.517029031041844,0.9806541692382108,0.022026323047295175,0.259822289834131
124228.5,1844.6042417287827,0.45880136299490176,1.9793814432989691,0.7411494129438717,0.8574638146315201,0.9301497797992573,0.5950656325924828,1.4940035629144364,3.8470369085017753,4.344677772197592,8.449748332029031,5.09736251454282,-9.131296884114713,204.33333866491793,108.87797602386418,38.26295375116962,12.594069145320336,209.4286034180789,140.274803631213,0.9163934125310493,0.02145087461523941,0.18694432398265937
111190.5,1694.0600856542587,0.48687774903821596,1.5706051873198847,0.587951775374772,0.8910066350407078,0.7556755745489351,0.7051161719879705,2.12820351125076,2.859523460043881,4.387359206105778,8.074568020496738,5.775206795048828,-8.307982117260432,191.49738215217468,104.11044994817911,38.30895071655766,12.418596547657337,211.23851899503234,58.31567495639352,0.986207080101723,0.020899320632126277,0.29497257806092253
39730.5,806.4823169708252,0.7676163133062072,1.092511013215859,0.705742859172943,0.9585972277514386,0.45912364978776543,0.7910025423798743,3.393225880169001,4.772554874464497,7.166018948761618,13.206725034766512,-9.032006201226508,13.411507340750093,215.68643348967169,137.14067957289691,54.70217543159365,15.226299770481988,193.25506436483386,99.2498743718593,0.9578109739801512,0.028027686054616096,0.24756540883995373
94349.0,1152.8569877147675,0.8920645742213568,1.0716417910447762,0.7845092088304993,0.9929069804152679,0.35793619846413516,0.796748360055602,3.9370982590205084,5.072461571245338,8.460278860563132,15.259939260775878,10.482153738860374,15.650300617561056,174.02335413942893,109.75332124330478,55.507791742229344,13.600016869807261,179.6428450929948,109.3219007472696,0.9575418237550087,0.019650602801903533,0.1879699232147259
103964.5,1410.413338303566,0.6567530833118222,1.1796407185628743,0.7900278123955136,0.922922936252186,0.6041327812773436,0.779614796104975,2.9536778038983234,4.628001537514296,5.6891059361307965,11.037650723337846,7.6699571321513655,10.96478314904653,183.12019773201,126.95890463350734,57.83947182223242,21.104956686363376,176.4977243608131,148.00529777128244,0.9636308743191444,0.016653171299308257,0.17607768782060831
75022.5,1161.59501516819,0.6987018882373577,1.1619718309859155,0.8004961587708067,0.9465785140650924,0.6928858729556583,0.7641510067960494,2.5268083019683223,4.253877611941561,5.399409345538736,10.287987388522012,7.741609253599991,-10.528695180732102,204.96309679810454,129.64678552992098,60.70669366900952,15.991912533587474,184.15923440416154,121.20286890724846,0.9612113256421844,0.01685920027718838,0.18663852674377768
65154.0,1058.3574273586273,0.7309475649343109,1.129277566539924,0.8341206744248569,0.9616471716910815,0.710118614518245,0.7815531387086379,3.2939908227427175,3.726169653638078,5.915719733838538,10.8919936226568,-8.192023984144006,-10.882469649018455,187.2284900371702,135.78372737797818,51.677289622813966,21.948632015111816,188.3141338126866,120.04590992647059,0.9480786266712645,0.02067727603527589,0.1940020610225069
101430.0,1302.333040714264,0.7515055143252123,1.0632911392405062,0.9553006329113924,0.9757716561566545,0.7010535404504027,0.779100559132985,4.195581409074432,4.795069753585527,6.211379771157345,12.127030997192175,-8.415064379376076,11.749811866547022,215.1890959688008,154.71110392537284,85.39072451839222,15.230613204773942,163.45809081466672,97.185889473788,0.9805646106827276,0.14934801368035744,0.39783424418562174
25543.0,600.0142817497253,0.8915764569292787,1.0282485875706215,0.792916123424598,0.9907683953298941,0.3812840103639628,0.7965549012423894,3.9119447788442687,5.177283740819027,7.718394038132175,-14.1966357124386,-9.708966919400769,14.608177461618306,208.62430725109482,111.57497190249195,51.171956749215205,11.404332829515948,193.54749447738635,66.55849056603773,0.9497477143376536,0.028249550338190446,0.23554894244633745
45096.0,1074.548333644867,0.4907903057306829,1.9137931034482758,0.7782955369162265,0.8717824796775472,0.8880819019639627,0.6220990641146057,1.6202944504210723,4.660757995410451,5.122785374390067,-10.558896788501386,-6.386995305774002,10.033024709093874,200.0778836025281,117.68664413623596,43.757198033707866,13.72902036516854,201.33347963483146,48.978917530339274,0.9748166564107303,0.0346508242884978,0.3541035495051579
37858.0,899.1858534812927,0.5883944932112372,1.2995169082125604,0.6798843453118546,0.8716915531711585,0.773192034478843,0.719403519128591,2.43916256490784,2.7639301899363704,4.646243324340929,-8.541953103160937,-6.527123290430409,-8.468002865813283,156.57836834953486,149.04941465454166,73.94193582105153,25.515705027699383,151.52958085084143,180.6034099920698,0.9586664617906124,0.02442151894583849,0.21959913094317954
76737.5,1130.531087398529,0.754488270023281,1.1103678929765886,0.7730336059958899,0.9788633131150782,0.513926657877633,0.791257514517197,3.212508612768465,5.523333643461045,7.654885779813773,14.246141640313013,10.080858814795882,-15.247614918730338,208.51171192168744,110.51308446309028,44.78574110761502,12.0771601341465,202.62345750948478,68.75431643384084,0.9587880294191066,0.024367822070888917,0.23809001984502054
35951.0,843.8376550674438,0.6344582318684484,1.069767441860465,0.7270171890798787,0.9179955314395148,0.36048728423900767,0.7806335770132851,3.633733792272605,3.8550684860956337,5.285142069406007,-10.437082712347694,-7.119662365049817,-9.870679420159084,221.66080180626685,143.00349688859518,49.882234704554214,16.779200396497604,199.4800099124401,83.70620996936788,0.9503034889430007,0.026205709364165115,0.22215682057540517
128283.0,1364.63159263134,0.8656615518623388,1.2148997134670487,0.866917608260799,0.9889947228636078,0.6052082653258608,0.7855636673692923,2.9820571135376204,4.661158262584082,6.453523858768044,-12.531942747381681,-7.973120434818052,-12.031523150322233,217.82360562637226,149.8479746766698,45.59155268323338,18.252131613043378,203.61440109237896,68.6443799505143,0.9445058637141565,0.02639668760444561,0.22633152825192374
45937.0,1048.2640614509583,0.525328665973312,1.8920454545454546,0.7838008463008463,0.8771290002291301,0.8874777169969131,0.6303567674136942,1.6439602212579971,4.6389389505389875,5.09152245132407,-10.145972688907595,-6.112797191930517,10.07442989360966,200.20594827586206,119.72234913793102,47.682392241379304,13.901099137931034,196.47525862068963,229.37685285807436,0.9023998049622064,0.033885506628386824,0.3531878806719191
63672.0,982.641698718071,0.8286439740387261,0.9195804195804196,0.8464995080964662,0.9793432284857341,0.5665606080502261,0.7826745453189082,3.093868757592912,3.6907481773650574,5.595763786043988,10.309421200672174,7.145486887589032,-10.517856687284857,198.64241086108893,144.05313101893177,39.952349634362136,21.633954996006953,207.76257809930945,68.0170429393537,0.9719678581459734,0.028386151502134225,0.28345728715038776
21284.0,595.5634914636612,0.7540618681946507,1.037037037037037,0.7820399764844209,0.9730050972593659,0.7671635631361373,0.7638433088390849,2.8973136143514555,3.06529070614937,5.158911872557836,9.279522200311659,6.693896672308564,-9.97869070433879,234.56832096474952,180.47495361781074,117.68487940630797,12.795315398886826,133.50115955473098,81.65550307038261,0.982704674703397,0.2879521538132797,0.45986264980133645
107851.5,1735.3006389141083,0.45007677229455717,1.3085714285714285,0.6728103555832814,0.8350192202724517,0.595656986646946,0.7619977390779304,2.7966190851127677,3.6216232078280504,5.3770193029422755,9.886085118737066,6.787612566226327,-10.555190650072237,180.5485088365243,135.16077871870397,70.45457474226804,22.053912002945506,162.62971281296024,243.04328526947884,0.9632563486579335,0.03344503483634445,0.30363131908718505
70004.0,1069.6021542549133,0.7689324378436058,1.1789473684210525,0.7310359231411863,0.9584074915801868,0.5801032252364627,0.783354121533717,2.917078651935547,4.065280941779246,5.655527588726791,10.76021834211131,7.215914551193959,10.601170194047242,210.83513567211625,102.77587136693914,42.26030313351499,11.103031335149863,207.42481267029973,87.82104059462549,0.9651150350431016,0.020502642109947997,0.19909961946941968
104851.5,1226.756482720375,0.8755234617515004,0.9206349206349206,0.7970831052727605,0.9880837950921633,0.3656550684467812,0.7960421672473871,3.847464189516567,4.755026709246477,7.337494978233393,-13.383768950821269,-9.270853802547228,-15.493026235038553,212.192898217912,121.12464177943103,59.298912527756166,12.126966654646905,188.07167258165532,182.44812330390243,0.9266532436792597,0.01819151173228674,0.1735596816746124
70808.5,1002.2468190193176,0.8858208237011747,1.1541218637992832,0.788179834813776,0.9885382419254637,0.4775356233329621,0.7939458165602107,3.3718612341894354,4.959892684960548,7.481813791166049,-13.755457313602498,-9.190252036099041,-14.03562785188986,217.47366647950588,128.23872824256037,47.57842504211117,14.321083660864682,201.0836327905671,257.0240885231948,0.889744705502138,0.022406008929730416,0.23251271761845166
82443.0,1191.116874575615,0.7302219714361207,0.9740634005763689,0.702922769981072,0.9154840429075888,0.4069606919761682,0.7747481319276387,3.225543480819481,3.8355732773573408,4.913737630550032,-9.353196791301954,-6.547555606151196,-9.582566955976677,209.37154221659736,116.38349906587115,40.2765021394564,13.361694690532152,207.6493702163563,286.4580792682927,0.821961787031907,0.03160921338236804,0.2905413085131271
11821.5,405.06096374988556,0.9054024539086313,0.9919354838709677,0.7750786782061369,0.9881718632450054,0.26749654659913197,0.7976622260889864,4.590043907620849,6.096325570107502,9.013356325554616,17.251322876909992,-12.688385235103754,16.577747604692316,205.16198416006668,117.46727803251353,60.92621925802417,11.68211754897874,180.6749478949562,119.05062861026167,0.9371251532698005,0.022731944311087122,0.18258173344056366
97931.0,1221.54327917099,0.8247310321275875,1.0342857142857143,0.7729360694554065,0.9784049753977571,0.26883598140951276,0.7969787626682472,4.4357729935599295,5.200013972933031,7.968222514786398,-14.897821438641586,-10.382264185168543,14.601808490843355,201.43483780544778,120.3285836160143,26.877079482439925,16.080914464463447,224.2008896833296,64.54034570328498,0.9644814978432427,0.024001844913390462,0.2311774697021171
28040.5,633.0853492021561,0.8791664184411206,1.0160427807486632,0.789206304531382,0.9843261838733457,0.2050185227700984,0.7976879153459872,4.801183702542006,6.013064254243043,8.705011614126713,-16.656153877807647,-11.111581713022892,16.07874413516413,213.2259853086594,138.50836982624665,48.70433677073033,16.3863893205255,199.91382963695438,329.92415169660677,0.8506221992745784,0.02104962825424215,0.2044622905246934
12681.0,429.8477602005005,0.8624502061853985,1.0564516129032258,0.7806574735286875,0.9787365415042643,0.5348897657986501,0.7899029159473037,3.284192031081799,4.127341362959585,5.803107596990226,10.790188636598787,7.447466296112984,11.277754957406037,204.01118881118882,121.13092463092462,67.75011655011654,11.672027972027973,170.1112665112665,67.59718710493047,0.9647893294698611,0.02263696708459487,0.1890958842002759
39086.5,810.766588807106,0.7472139314992188,1.1488372093023256,0.7360229733546747,0.9647771730410851,0.40618145221789187,0.7903360905770858,3.7006916612831446,4.463728000539841,6.378197213194846,-11.884643239871114,8.438820308525806,12.042937388058967,213.60829656676302,110.81710532988488,52.830899132816064,11.053172067549065,194.85049951823115,116.05427370148183,0.9437460870888136,0.020333680704897418,0.1863117826732706
27309.5,629.62950527668,0.8656721981908446,0.989247311827957,0.797963417484806,0.990910740203193,0.674488728123285,0.7839386605777077,2.920900093225907,4.060966941583531,5.726030570614583,11.236756254927899,8.881370149862413,-10.632569252874545,214.46018051981002,125.33457788088592,56.965128502555544,13.172037553920324,190.14089969913363,146.08072289156627,0.9365470085489104,0.022614789437370553,0.2058998620512347
50841.5,1013.4873692989349,0.6220016518442769,0.9921259842519685,0.7942991501062368,0.9066211348478904,0.6919083959216639,0.7703622937016212,3.191231375310599,3.6591889355143885,5.443025437457657,9.996150142536402,7.100755154249844,11.011108987168788,178.27856488609123,138.26689143102138,83.3961569192992,22.504355621382494,161.44834642293375,183.7228318584071,0.9776707179273814,0.15015866571777312,0.31394476349958866
25358.5,595.4284980297089,0.8988230293150344,1.0457142857142858,0.7918345042935206,0.9901022957988443,0.36941093324903596,0.7967441868198266,4.017314602759185,5.604818784212076,7.963442404545468,-14.756084537238673,-9.99588911978243,15.455187995707927,209.25628513429106,111.90626951905058,51.21025921299188,11.452763897564022,193.6105559025609,65.46525157232703,0.9494144113194984,0.027962221337180806,0.2480634793214959
62492.0,976.9503502845764,0.8227905635956071,1.1875,0.802991365131579,0.9842732377284791,0.5607090230713666,0.7876765664946683,2.9867182856119645,4.8339779312853395,6.510831942006028,12.205420818806163,8.009297740962129,12.689592241874212,198.44636925668698,130.34840514295703,53.77892913335771,19.2061791770633,185.9652103431287,81.24226506024097,0.9710695010526935,0.025050664940046697,0.23345406779707895
79808.5,1136.0458056926727,0.7770828550558414,1.1111111111111112,0.8142893582287521,0.9693202727896568,0.43488774638971955,0.7919826807497827,3.4119252451053907,4.596630140106268,6.852385348114495,-12.888432596362783,9.211321911898139,12.635969361693004,196.93894451085873,118.11541143654114,62.00758368200837,12.721757322175732,177.8435196254234,52.89146179485252,0.9678724996977117,0.025858854175351643,0.22980543786806962
19318.5,602.267026424408,0.6692757556771679,1.2237762237762237,0.771968031968032,0.923402323024712,0.8169723758045887,0.7158002820611906,2.1690425089876895,3.1823332945425316,4.825745543686319,-8.920031079328691,-5.91596109260608,9.06401040376293,235.30099959200325,194.21980824153405,152.86357609139128,9.003722970216238,98.4312525499796,77.47466598150052,0.9871059572439621,0.4400961451560395,0.5866381711448225
92126.5,1145.4427732229233,0.8823637200843483,0.9657142857142857,0.778753169907016,0.9907566730475555,0.3886874866460083,0.7966789923005537,3.788665756250131,6.32694205195866,9.08413777619443,17.300131221253267,11.376439680145442,16.81142539708231,209.47963678766547,123.72486989570062,48.318512600142526,14.117795676866269,199.20132155736468,87.28628191766546,0.9555241108295807,0.02304276207041337,0.20451061447058427
10694.0,385.50461304187775,0.9042549299771457,0.95,0.7817251461988304,0.9879440158898795,0.23414520565032146,0.7963932685564896,4.184202355907452,4.509390165787608,7.693194216611276,14.999958511118107,10.46445951805097,13.795331014354316,211.50570902394105,152.79668508287293,59.01556169429097,18.240055248618784,184.9209023941068,80.83980582524272,0.9508134301019953,0.028487734638542397,0.25322486628239677
62094.0,990.7493433952332,0.7949355420438722,1.068840579710145,0.7626381724392042,0.9658422771815213,0.39616079861613746,0.7935907430305199,3.5125850588737437,4.928809344255629,7.1629176304368904,-13.444576385027535,-8.948785231747348,-13.298222746755568,209.19690693620356,138.06267692356903,42.41356533977322,17.66849521006925,205.64572104850706,154.2435823293173,0.9226005000048972,0.017482399612782813,0.1422947739207952
85624.5,1096.1290663480759,0.8955390418748174,0.978978978978979,0.7887442657381307,0.9918795720847259,0.11644354581760467,0.7979018338171786,5.368487334689093,6.1412770905296465,8.886252261985419,-16.412643193656432,-11.649673888502507,17.024039349181262,208.81904452162195,130.88332384746727,51.70736296795326,15.082585111449246,195.74213931446226,167.4921338070971,0.9100303444296904,0.018170343837614483,0.14445066628895212
99543.5,1494.1290673017502,0.5603334397785096,1.1689750692520775,0.6534212495569179,0.8914835595398551,0.662424030136978,0.7072485545716006,2.5635345890513372,2.521015888863642,4.151286248335842,8.657613665380175,-6.802146289553118,-7.488431337249711,212.00566804043467,110.81861272714572,51.12772050972448,11.244484138467833,196.97335621837922,111.68138436809322,0.948063475086398,0.01940579845268173,0.19954284442054646
50461.0,922.2640627622604,0.7455128689794019,1.007905138339921,0.7821591877857863,0.9499077594970069,0.4338254395497151,0.7922350535754815,3.707405469034032,4.443258491435958,6.861585510016873,-12.57548489499953,-8.982089355752032,12.818040941689349,175.79121527299898,122.92465739957926,59.71669845264545,19.65177641021608,175.38882444309002,146.01208333333335,0.9655491468005128,0.016708752607726984,0.21071130764102464
55727.0,888.406198143959,0.8872629939410578,1.0381679389312977,0.7819796811854512,0.9902269133038364,0.17049935428376914,0.7978335789511328,5.023464850650707,5.600063483994287,9.230162219470799,-16.653135177578978,-11.796485089751124,-17.369856215792893,209.67100948171384,142.65411349540173,67.91887074926927,17.04234690240251,172.02495187852,97.39249909844933,0.9643524285531737,0.02010761581207119,0.19481153823114356
93189.0,1204.440688610077,0.807241867473725,0.9702380952380952,0.850761393514461,0.9817584188873847,0.600783931562878,0.780506353096025,2.831482208869467,4.232366498144951,5.6572978925701305,10.614092109813411,7.090219997402411,11.237558504649465,221.0262413995413,150.19924262627342,86.65805109605846,25.9990932849752,161.13575124006616,99.51322190078218,0.9744360633257191,0.0543373841848572,0.2788905632089906
39315.0,790.641699552536,0.7903304451972284,1.2487562189054726,0.7792709757982993,0.9737943675228494,0.5062614921537997,0.7867375242126452,3.1937155051635644,4.007637741308501,5.920842579368187,-11.081307765024578,-7.607935030677496,-10.99785656957598,217.05740287896742,119.61282678296821,45.768170015378026,12.925908185645499,203.14397358005397,127.36551444089133,0.9415101032741154,0.018147263095884693,0.1408551422019001
45799.0,803.0092289447784,0.8925340354002668,0.963265306122449,0.7920961604980975,0.9910736504982526,0.1853194086286455,0.7977277946552525,4.8485128469012055,5.288556493929897,9.772938246777477,-17.92242549536473,-12.241094455422544,17.316632251118836,140.6715424955576,132.8690894118667,49.07445932475188,28.636804923503664,176.6278333983444,92.13209161511122,0.970902876065169,0.016855260678505152,0.17997201326209206
99151.5,1208.756482720375,0.8527692273857128,1.1153846153846154,0.7781104327217365,0.984505322106601,0.540744634180299,0.7902054211680536,3.1187507028785966,4.521574372547029,6.665162492753821,12.417601002894948,8.290998747715246,12.400815156375563,209.78732455128267,131.50128921573545,50.07987117875452,15.384166223551011,196.7566141281992,77.93663936912344,0.9452516292557068,0.02128695238307274,0.17654974190800152
53328.0,895.7787812948227,0.8351483329031014,1.062015503875969,0.7543710745204549,0.9783966755648512,0.41656565183300365,0.7954031646101839,3.5573146298099974,5.6225143503091,8.110978945218836,16.181609795124693,10.145719028195245,14.978576410555355,198.71353041924195,107.66814356988607,46.66877652840867,11.873948171866855,198.75186164271355,293.7701486918878,0.8635405614534446,0.030194080341639506,0.31625306202275066
19530.0,522.5584383010864,0.8987571885369534,0.9627329192546584,0.782608695652174,0.9868371188196357,0.27569384291323257,0.7976183131957956,4.426506572573286,5.991632053512337,9.418371570896708,-17.92826856224631,-11.91122275135525,-17.1287728670306,219.57777777777778,128.24808909136928,50.79169830422678,13.729789926600862,197.25451784358393,41.08406988694759,0.9660802389407086,0.031737509412891565,0.2640780598373704
58653.5,1005.5950146913528,0.7288825842169219,0.9530685920577617,0.8020662400175036,0.9713256603461125,0.35002428958304277,0.789285631756808,4.86139471814519,3.9140313301964684,5.670235558174008,10.738460485385405,8.133811865637865,10.533831028688386,194.36785557172345,123.15224527088762,44.28731684206964,17.820259889682244,200.28193631349194,100.48969492908887,0.9537809628461428,0.02071578444207341,0.1953199469669238
55767.5,893.6538908481598,0.8775105344517372,1.0562248995983936,0.8515812298624155,0.9878571555098932,0.21666409883600032,0.7937644701833034,4.453761642424399,4.486916667414443,6.631030637575414,-12.190494820901142,-8.893931031000468,13.513293512727856,207.834113771922,124.53301878394016,46.42654678180361,14.579578029021631,200.46210273301878,63.803516047601875,0.9628210418720381,0.021878860864336137,0.203208334134465
49328.5,958.8742320537567,0.6741933703973078,1.1423076923076922,0.6388047138047138,0.9314909406777261,0.5120525622638679,0.7894978047792416,3.615536359980279,4.16926849308316,5.621775114732985,11.252009608440273,-7.794034459539548,10.524792458449003,215.67083542776717,133.29146476324522,63.77758118025536,13.616145571529104,180.22758620689658,83.35941098048721,0.9387599258359496,0.024321257459576685,0.18125733845753372
74457.5,1027.9036729335785,0.8855507972899231,1.1076388888888888,0.8104482323232324,0.9927137219348301,0.35698905434507705,0.7962814382757446,3.7827558313414515,5.800785496686866,8.049157942219985,-14.981261492713388,-9.947148467863615,15.71946245251493,212.20086514198744,126.73611834287927,45.315282840015485,14.664904340395989,202.74089798534064,71.63615061409179,0.9483971124330624,0.024276976307380852,0.20968829634912328
77144.0,1041.9452966451645,0.8929397997528866,1.1467576791808873,0.7836014952055907,0.9942518365768784,0.5104266454778655,0.7930181306044831,3.2255978495592874,5.913612263269177,8.196926439721869,15.855349332722826,10.315299916795706,-15.266137445108486,219.29012385457077,160.66871157737367,41.612751478908635,20.120361897642766,208.1502364965009,63.2810430356076,0.940818994217471,0.025790753956003564,0.21667234755871922
48925.0,1087.886424779892,0.5194856836711225,0.9230769230769231,0.6479789150243696,0.8371261378413524,0.5454811579514914,0.7511150922501951,2.766224274444403,3.206607630133502,4.2678487740235695,-9.728186883169585,-6.966911147867242,-8.005154710320006,216.14432071269485,127.93575622595667,46.47422555173112,14.552864952419517,203.60004049402713,144.8591578003343,0.9395803183526078,0.01995836125909674,0.17920074335912375
113253.5,1431.7716418504715,0.6942469550706772,1.3713355048859934,0.8762563154270505,0.9622953326932391,0.722351181001717,0.764979117460447,2.553757327956699,3.866624157555974,6.02251055431119,11.138690992932753,7.3681197933085905,-11.098364409237318,216.04044588782585,157.85034670411656,108.495251470201,12.662924602826298,138.4597647678399,63.891073194856574,0.9917345652510816,0.26242090668290574,0.4141070226576509
77281.0,1163.460021018982,0.7174302227167795,1.1346801346801347,0.7721228106984783,0.9715503369204466,0.47132479187890586,0.7917192828437222,3.2799786534870297,5.459713659342557,7.637079595791546,14.67979228604698,9.368729456918945,14.208995800032772,208.87589664481297,110.91630029566782,45.304936367142304,12.069559069289111,202.19668337832627,83.93540763057425,0.9518769060696707,0.023799517571682378,0.23107332848041462
109082.5,1275.442775130272,0.8426417840741204,1.193452380952381,0.8096017396983731,0.9856332874020195,0.5491292171462815,0.7904104628392146,3.0957022569560286,5.22166226348698,7.041132375884695,-13.448074314443968,-8.71608080754869,-13.244205213599832,210.0103703973951,116.6165324382747,48.17916070011584,13.191592407811088,197.7426554419504,91.44457566602583,0.9590838382907305,0.024215281153958,0.2460943108604735
68732.5,1096.7320942878723,0.7180768064584365,1.3068181818181819,0.7546387790953009,0.9569039928718606,0.6689324875747078,0.7632496285446546,2.5311848040915694,3.4114556317113744,5.0574015104613785,9.309887278926928,6.330973671175042,-9.84084810350685,191.6633434474787,127.63366565525214,64.0817945383615,21.27611616818379,176.57584164138132,330.6538908077671,0.9152535420852537,0.017814976289891225,0.21179543774079868
109048.5,1557.467159152031,0.5649262618804415,1.0803108808290156,0.6774797778357625,0.8953372852967256,0.5561039479921719,0.7242741119616903,2.7303864604715082,2.649505796274231,4.459452903921216,-8.050640166007192,-5.87178374335354,-8.418025032980694,208.66986531066033,108.96485136785319,51.31474292379755,11.251581096105127,196.16099841434743,110.97565687082303,0.9591574172759285,0.018912688857451208,0.21673623247293988
37661.0,743.2102386951447,0.8567978016582651,1.1004784688995215,0.7834616184730602,0.985361259010217,0.45864525418774305,0.7946236085811653,3.5228785785300825,4.9099563360917715,7.759847413966311,14.122748250463012,9.53211391791838,-14.553404562547607,219.7215713119718,118.90521576577763,41.52360390721677,13.125562781390695,208.75350833311393,122.41269162972063,0.921003223953247,0.019754109158589227,0.1675513932911801
135785.5,1688.7219961881638,0.5983384875764262,1.3650793650793651,0.6961645338583323,0.9476602575287015,0.8245153397066203,0.7240856330685782,2.035367446953897,3.9586857840807665,4.934038641840889,9.461886646071948,6.1894144647199125,-9.6327073720067,203.08157181571815,123.09738519006812,47.963407309748774,14.05162235406138,202.94004980590347,60.14715889006716,0.9901383878068623,0.019701307086567425,0.2668932772471681
37887.5,756.7422018051147,0.831399779263789,1.0952380952380953,0.7844202898550725,0.9798026817693989,0.45812925972321383,0.7913121576933799,3.3196477067486128,4.754391641032407,6.761993261258874,12.715609190062986,8.465029111764634,12.633507032195118,211.17564880703225,156.8144882796149,62.40903620761825,19.02310066973629,181.9193177061532,68.18575204863865,0.9561549823727138,0.0276813322084334,0.21409273110754568
99404.0,1186.1118228435516,0.887896726820468,1.0482954545454546,0.7653054939640306,0.9927494257465295,0.34572129140858465,0.7972476430141722,4.030496896304294,6.26887653746638,9.251305237190717,17.379945725058757,11.32539369163206,-17.05533549341391,204.69161937363,118.61740183567046,47.44917875266493,13.414036773463852,198.16212753605782,59.62847096644565,0.969716500386943,0.021383946956155028,0.2094238904297633
85437.5,1285.8447988033295,0.6493536573302997,1.15625,0.7216005067567568,0.9120435112140653,0.7165411203050336,0.7271645274198723,2.231137476215825,3.1357867633811995,4.614640208320188,-8.51231953181874,-5.754948736367683,-8.99360562586064,190.19624297303272,120.5619362422747,45.61774461993273,15.437970646771959,199.59841245824555,133.01022721959885,0.9572653071363192,0.015832211616520528,0.1583282576740595
76035.0,1123.5777691602707,0.7568627628579105,1.0031347962382444,0.74485697492163,0.9627913160743794,0.42011352698608206,0.7923198316165828,3.548905266839611,4.3763380367014655,6.5594892672775345,-12.04067398662216,-8.481021185522636,-12.640928890620357,216.73393524446652,148.92260955915017,42.629079886063714,18.265999425092115,207.4255232968354,44.561040843214755,0.9748118312955733,0.030510760470156325,0.2969469490698501
39157.5,835.1929974555969,0.7054254629030536,1.0698689956331877,0.6979324480884057,0.9225685609273395,0.26694114649399786,0.7936845317636705,3.786375850557112,5.308923842934305,6.592227955933625,12.564785864986245,-8.485831907399012,13.051045610024577,192.17082120713653,136.48169049727952,68.29530558015944,16.191623434138936,167.23904846260913,65.10165102804696,0.9681178758472319,0.02364163609622061,0.2255740829694668
75826.0,1411.082382440567,0.4785455380378827,1.1139240506329113,0.6816923187571922,0.8597832002902758,0.654486917651093,0.7540025782030504,2.479531500581,3.44511001894499,4.362204998087424,8.281008603954872,5.604611099058244,8.85161832435357,177.419500006541,108.24930338430947,44.41085281458903,19.87242448424275,196.45178634502426,88.562279314888,0.9708044928415375,0.020756288927079997,0.23874107399517425
79351.0,1152.0285679101944,0.7513387199065372,1.1433333333333333,0.7711467444120506,0.968439166676837,0.4099506256793734,0.7930074318817595,3.852323501583769,4.3990745170992716,7.245473046520434,-13.190216015803992,-9.223228834985262,-13.25047476978528,209.2278761616111,115.66893770508229,54.092215013901765,18.504220624702555,192.64644440548057,75.017263572348,0.9673728064272489,0.022741803465632628,0.23205718331704703
54973.0,936.8326029777527,0.7871097813876152,1.047970479704797,0.714269008887272,0.9486690538849821,0.5185580676689865,0.7873827295445068,3.136042939254858,4.391229822644456,6.035221414795073,-11.360633855207485,-7.654512546430142,11.445537023484729,203.69852994293146,138.25673625659178,51.57066748537167,17.330961496785378,192.5590009391028,129.67566830332788,0.9572266661205426,0.01704502600333355,0.15071209183338605
13432.5,485.23758924007416,0.7168987786012374,1.175,0.7938829787234043,0.95564171883893,0.8496431967242805,0.7442691725360625,2.4539188562106022,3.2560512517049385,5.261783037142632,-10.44405348669936,-6.534092881061989,9.523813021770525,199.57850816192078,161.31278822926578,111.86099114266891,42.4636556621038,134.28109216016395,118.37721139430286,0.948649871533086,0.019082194680215585,0.17658184862212997
20384.5,568.7178169488907,0.7919837285991491,1.2765957446808511,0.8031717888100867,0.9692596643050735,0.6423885841304368,0.7823961914649074,2.8011002503633446,4.636502848542528,6.289970552853741,-11.941402440574052,-7.754853487892035,-11.871623816473802,223.03348030427833,128.15427104026358,52.08333737099666,13.382867386985804,196.92591695334076,53.005614104205655,0.9485093180126624,0.035831917348714964,0.3101709880184562
49129.0,1039.2590109109879,0.571610490852773,1.251101321585903,0.7620680027300366,0.9152112964670598,0.6044275590986914,0.7762854911952185,2.903886245225677,3.915124513236886,5.4090513355230545,10.835261800548157,-7.149300258942519,10.07767093444255,207.25671232324046,141.2271599459383,68.06491436870877,18.232606459161236,172.12835616162022,107.30915983857159,0.9402711585507169,0.0249168115650387,0.20780447296354843
71211.0,1014.5483348369598,0.8693836406419356,1.1918819188191883,0.8135331817714462,0.9896258207969982,0.5133438108896652,0.7912072175809173,3.129082417162723,5.272696063277504,7.319735223502049,14.367335454184012,9.47242115728739,13.622883518056506,205.6283198191283,121.19473015784406,50.02728427281482,14.197046878707102,196.39155373815473,71.04735152487962,0.9671936471148376,0.020526529950805207,0.21702855709520602
52950.0,880.8914773464203,0.8574938463281686,0.9813432835820896,0.7512343226831621,0.9841367197301291,0.19501608279596586,0.7964025846789098,5.134664381707009,4.44192385143162,7.635426348369564,13.82786138280477,10.510249786001255,13.821419286977365,215.68503169185763,103.67747440273038,48.25895435622398,9.994655515133331,200.11885384240333,295.83966204670594,0.8393730378218359,0.023552052365170193,0.2308728365063587
49055.5,985.8447967767715,0.634279205394182,1.1123188405797102,0.5789489213048199,0.9088138576258626,0.6940304080280153,0.7625208076279559,2.5442292146639818,3.5926271844018136,4.943891316045836,-9.212180711853255,-6.227428665118091,-11.140930948772024,217.60772542598994,127.39003092595962,53.99276372971116,13.332868433286844,193.95051846461706,113.32393705923118,0.9438301616197925,0.02382042459660752,0.202380372534803
69856.0,1093.175749182701,0.734570698096762,0.8333333333333334,0.742517006802721,0.9525082152742742,0.6043821182271459,0.7861683647575901,3.1039566118086257,4.021966367997733,5.567520130049613,10.534648787744564,7.2798371974584795,10.492910532174198,205.29957062018372,120.4298916597947,59.77008274803082,13.84624790286348,184.08509398015187,99.77544311034877,0.965196425050934,0.01976450350613943,0.2038190296180859
39005.0,766.1808010339737,0.834963740061962,0.991304347826087,0.7438024408848207,0.9818877518911503,0.334169335478573,0.7952090625288852,4.0268060610131595,4.489571805810587,6.861612106240972,-12.545491211398883,-8.942887834102905,-13.250509039805694,218.89156963441297,131.98845782274876,54.51339807799868,13.983093506889713,192.67709869324247,89.57437317335797,0.9401453953364811,0.025935693635314717,0.2050811938030541
31677.5,675.0264729261398,0.8736131312914273,1.0615384615384615,0.7847764152111978,0.984675401377038,0.3293022390150242,0.7968182307917306,4.010773777343877,6.265129344581619,8.828868053023458,16.38174748287168,10.87384605770366,17.162461980616854,200.95892896243234,114.46601395101503,39.77215427445337,13.819637774093652,207.37645844411773,60.4929854630864,0.9642958235715233,0.02453722638675085,0.2335172369232966
99785.0,1404.9402482509613,0.6352715660215681,1.1478260869565218,0.7303835456009369,0.9173523327970582,0.6863646812249705,0.7589304422219405,2.5708212904748318,3.4599128826779997,4.674897487833223,8.769429286040841,6.055609191653084,-9.20740417328755,186.18326875765695,117.07025966394087,46.253807308837736,17.705803842667756,198.66989711052898,129.11444645368698,0.9547080757751938,0.01613760279365742,0.15779813801794007
77052.5,1109.0752449035645,0.787180948532125,1.1859649122807017,0.7998806187065296,0.9800498594523092,0.477005904155521,0.7921085914838648,3.276566330753554,5.8066025899113916,7.438561496689293,14.428819041299171,9.100068959012143,14.105279430883684,208.4713749564724,110.98867637386023,45.94233720675291,11.970104595225505,200.83540761184983,291.5883177934187,0.8490198404783471,0.02359598743478498,0.22845749323176423
8203.5,380.4335467815399,0.7122811218124572,1.0275229357798166,0.6719773918741808,0.9303657499291182,0.3821059725400834,0.7912825247399825,3.6405211146953635,4.218735185380575,5.963483502070841,11.08927136026016,7.862714007373743,-11.470048310005485,197.5302342256214,117.11555927342256,64.88181166347992,15.205425430210324,173.5973948374761,251.41978021978028,0.9151426320121204,0.02086161966708039,0.15842946589512552
32965.5,679.7127642631531,0.8966411785482471,0.9901960784313726,0.799978159580664,0.9905349979717852,0.3682846906592642,0.7967670597318396,3.8945251472840554,5.888664213636155,8.337390305309063,15.5821698178392,10.323740597527484,15.621471167489933,213.18625417155226,134.29833739214095,48.51059799765491,15.615104777366886,199.71988214425303,370.87450670876086,0.7976007008170105,0.019936103042213056,0.18377317908115567
49027.0,1065.2001354694366,0.5429786548332233,1.0708955223880596,0.6374096416870352,0.8452785296805227,0.44530553793298716,0.7517839142673195,2.7779485762782383,3.211984593752027,4.279753180792221,-9.461219747895134,-6.793339224718245,8.025914383156382,216.99838315244853,128.77909820327815,47.417247721255485,14.553103336769135,202.46872410517594,126.11632220455749,0.9457925971846225,0.0202326704481246,0.1735678439124375
118390.0,1306.9402487277985,0.8709905018407061,1.0670241286863271,0.7974860899672626,0.9878881689564967,0.3637444729167062,0.7966578361547042,3.920331977963444,5.79835895205301,8.242394456740126,-15.331807038520338,-10.377592316832974,15.54521510142282,207.9617746521527,128.71173679694468,59.89740397395562,14.171803758601545,184.22417012971718,66.14695911587226,0.9565833939347765,0.020883414046973414,0.1845623979866861
84536.5,1119.1929932832718,0.8480943343728722,1.1013071895424837,0.8197717266926553,0.9815615765548712,0.4816458880273298,0.7926657242998663,3.3710299949841267,5.21735922389475,7.958283205638954,14.899334071155298,9.80346551620211,-14.593633268401026,201.74395550119948,125.59417188014487,41.020720635965944,15.5373253680794,205.6784420715932,74.88716672591539,0.962149229543076,0.02544227365041548,0.2474124747643301
92135.5,1327.065143942833,0.657434326879567,1.4766666666666666,0.6932693754702784,0.9151093784917935,0.7547092898128531,0.7177412507513825,2.1777527384009803,2.9602667527586957,4.37745756545343,-8.046328750467374,-5.466731529152166,-10.23695594690472,190.4447572815534,122.0904207119741,46.56950377562028,15.533905070118662,197.87521035598706,329.7575777314574,0.8959156792890882,0.015587996841627974,0.15728737532406833
91432.0,1176.3717056512833,0.8302692302821056,0.9830508474576272,0.7421910513669718,0.9826907058602251,0.4174871552565216,0.7928776231247527,3.6144410114892542,4.241588349218812,6.265356457396289,-11.597304492384932,-8.149755504534848,-11.777896016311411,213.44400696106155,101.61351968675223,44.833315205568844,10.142495105503588,204.4987274309332,73.40490241077087,0.970485576152923,0.025273667981092877,0.24926299312675249
91957.0,1172.7493414878845,0.8402030678168944,1.0460122699386503,0.8272043610456434,0.9881368134879273,0.5568835675676109,0.7896966776574457,3.1538084678237275,5.1391983625612605,6.964901831504367,13.05042474780208,8.711744297748588,-13.439504401878795,210.9246764200214,117.27938711735383,38.24681826537343,13.865929217893406,211.93503530454905,182.22944893173528,0.9034974084219204,0.02057872245146187,0.17696193030839596
72593.5,1177.9625477790833,0.6574226074194623,1.2604166666666667,0.6943822696663606,0.9212840753337733,0.5098027440961678,0.753357666079022,3.009570434756812,2.9157524382239064,5.739740189069962,-10.206887324527598,-7.310324549830539,10.229715361218428,202.84755939111287,96.97673591640795,46.75855136288414,10.609803465678297,200.34701916107062,78.30013768415256,0.9702128463935903,0.021143612929027833,0.23653726603584269
82339.5,1252.506702542305,0.6595655629434751,1.1438127090301002,0.805213284046236,0.9586789849630626,0.5631159587143293,0.7823197624723617,2.965569829365805,4.283259400270785,5.992109139878878,11.147274581137983,7.557814348856176,11.685567256195672,193.0716491363505,120.62573579079418,45.42748238926952,16.623974717745828,200.7358631670366,130.64486732779415,0.9447208829452775,0.01712086152305647,0.14986846607468635
61721.0,1087.234625339508,0.6561396277560736,1.7395348837209301,0.767578659370725,0.9312020035907727,0.8635135797397612,0.6838589126366977,1.8409337997559037,3.591452779979443,4.550493479676513,-9.425533247848719,-6.362278292007775,8.626886994681685,206.47600520891947,127.86027555827077,75.27821096123857,31.33517146026591,166.12861529557404,105.64951742453685,0.9621285337202229,0.020491220653558684,0.23699270785579335
156211.5,1585.2661517858505,0.7811213227023431,1.3812010443864229,0.7710074183024278,0.9636320455008112,0.7655212881529786,0.749155846907283,2.277366388687435,3.735587070362782,4.93614474669538,9.29483753727167,6.0911741700543445,-9.772477982580567,206.1606482779718,112.08499885283095,49.132192112575524,12.082322125066918,198.76286103959006,135.41724204065977,0.9496804441402708,0.020967345008744826,0.2361143072362908
85917.0,1100.5727189779282,0.8913565939341203,0.978978978978979,0.7914386779417454,0.9931912237301459,0.11830922503007042,0.797887413974654,6.468193171051671,5.629103070389111,8.786610258831596,-16.277125192446924,-12.429763727743493,16.06342263859998,207.2354207662924,129.73853455261025,50.40398194235444,15.138326195161477,196.90662113670564,153.90467062508765,0.9211566077356586,0.018504590728705427,0.15080450562418832
75736.0,1046.3473227024078,0.8692816125103865,1.0098360655737706,0.8062167340855866,0.9895667966733956,0.3824614773038965,0.7958191399767631,3.858052589870687,4.937089647261573,7.503665115811562,13.893072412849657,9.463279495959561,13.857497959792076,204.0531979268068,109.54413428398537,46.589939224920414,12.005893341050804,199.56882580441476,90.56820172528202,0.9600628698602574,0.020727535128503366,0.20221885900781916
47738.5,961.6782748699188,0.6486628452747466,1.0544747081712063,0.6854351228337187,0.9200208138604893,0.36364622860325246,0.7503405518814619,4.021626148891496,2.7891381882134563,5.870039252511395,-10.836332906539546,8.126980914097041,10.21151792620164,194.11385439594667,112.0718676024752,47.760351343494335,12.872939075543005,196.1179035674239,77.58116543085752,0.9788688334201509,0.020370763723898344,0.22787654836156454
79923.5,1163.8447967767715,0.7414710849800648,1.009009009009009,0.7143169955669956,0.9566921829270483,0.33213651991050563,0.7931522232781847,3.6710340206982894,4.6016181738062025,6.39994348082021,-11.9018593269243,-8.407641036942115,13.042167202361155,208.01945791371378,128.74345393509884,53.8520576899167,14.73514857640184,192.6051846325998,101.19927073152394,0.9613623146517747,0.01951098220855702,0.18743996008747257
91179.0,1193.175747871399,0.8048146142506946,1.2156862745098038,0.8009962049335864,0.9776388658063894,0.5671791120356957,0.7878813100300639,2.9641927799256633,5.072863521796135,7.043877760841138,-13.463932475590738,-9.140597025746361,-13.147757794421816,209.27620574220072,112.81136663504422,46.18947299551834,12.25509503091367,202.09312266239218,120.81178631933294,0.9255031912266642,0.024810261806623123,0.23116118497347204
64341.0,949.2346264123917,0.8973265674797912,1.0693430656934306,0.801437433048504,0.9937447873227689,0.5123392744359019,0.7921086723342867,3.201858526385187,5.2713167585548675,7.0157809659032,13.240960743073497,8.649720220839082,13.411317987024134,219.4325580677045,115.73900420064246,50.386659871509764,12.176164442797134,198.5993791697554,59.526547570881704,0.9684268383714827,0.025994100370808966,0.26337686173333796
17722.0,501.102591753006,0.8868890610579362,1.0763888888888888,0.7939964157706093,0.9889784871229667,0.4821825846114965,0.7937876654244874,3.326829702296658,5.46912592180536,7.9952926250144225,-15.027128325974717,-9.851682853811832,14.790441146076327,233.6350613154961,150.5680044593088,77.33383500557414,14.92608695652174,171.03745819397994,64.97767145135566,0.9623456494085239,0.024692757764925386,0.2521121977976664
60417.0,927.3767595291138,0.8827883728800014,1.0253623188405796,0.7735059148870794,0.9906618677904127,0.41581638070332694,0.7962662718065034,3.736754965895069,5.329729524461983,8.281243163316056,-15.105475683622215,-10.250732500238389,-15.627955976490554,210.53266463865822,127.67328784017101,51.83431719148236,14.332122009372688,194.7268765929458,60.02294673967148,0.9661754219901594,0.021096211033939414,0.19740549397707507
37136.0,738.5828213691711,0.855473542851705,0.9954128440366973,0.7850166997843825,0.9826808324843546,0.3497663132174109,0.7958113870586474,4.014369188770444,4.878582895894115,8.126633406038989,-14.830209149632855,-10.336868891154783,14.738844342834128,211.7877299303201,124.17588167765705,39.123928771658164,14.716207918413113,210.88277224550816,70.53818544905008,0.9682945199476545,0.023004878231766314,0.23384423922835113
98624.5,1236.1290650367737,0.8110862560822744,1.0056179775280898,0.7738410959763982,0.9783448652134018,0.19595897674448914,0.7972847542510046,5.555677035224925,4.776460492387803,8.466110308145929,-15.157604725323285,-11.408846724887113,-15.366735905774917,202.39331202162097,121.44009358329215,27.76358117442998,16.131067031049888,223.33318879017375,81.94041635294357,0.955155747999565,0.02340740381236226,0.22192002096907007
45825.5,869.7228693962097,0.7612990646695189,1.3212435233160622,0.9311287209184191,0.9761529449355629,0.670098072442949,0.7644567953588738,2.6366224574769146,3.9166745152767533,5.504327428086612,-10.215116162586142,-6.963958260400667,-11.653832084329206,231.43237106714238,161.65775759541572,107.78815007027787,14.594702129959996,140.2057519731863,46.03071071506195,0.9890086947395849,0.0857193589443285,0.5124521661215397
39152.0,803.470123052597,0.7621217422626781,1.2195121951219512,0.7639414634146341,0.9661673617451817,0.502716443618927,0.7841293889745636,3.11087403607868,3.8379486566146164,5.723662216911153,-10.655109050825347,-7.345942771955686,-10.654856325719736,217.69093900278412,120.73788914198937,47.8679827891673,12.828726904581119,200.63077701847635,122.6611803312311,0.9443780395299927,0.018437535938096387,0.14622783880829493
20725.5,536.3157961368561,0.9054692450737163,0.9754601226993865,0.7996874638268318,0.9930761859127935,0.3467896212315784,0.7972539448939493,4.426643248857705,4.99509883539351,8.491737738524028,15.262819403724501,-11.41090086005734,-15.696265444660108,217.5753411585075,137.0715717148583,63.09848267964501,14.56527340395076,183.95834526195247,44.60810023310023,0.9822887501792869,0.028377528472853224,0.2844975489305922
32137.5,708.6244519948959,0.8042474366902526,0.9575471698113207,0.7467585277442141,0.9610352716018002,0.24581541683405325,0.7965143793769349,4.4546212841091375,5.06051136326568,7.485931764651375,13.760783148945352,-9.959872798722527,14.822275020775685,211.55672009864364,123.04627003699136,42.21513563501849,14.263070283600493,207.6254623921085,114.07662942271881,0.9514713602066593,0.01917569829184747,0.1571393292480669
38889.5,765.7960255146027,0.8333280633100439,0.9401709401709402,0.755429292929293,0.9784260447329358,0.4536352266921443,0.7933583106292331,3.4483073768160915,4.467859221815071,6.5878825167040524,-12.330071036288379,-8.488730265505382,12.217017318623949,216.5751510670304,139.71390326610742,66.41732745213024,14.653578440121363,177.01644527166567,292.0214582371943,0.7403162175238274,0.029635057885940362,0.22193545558738773
79828.0,1063.4600197076797,0.8869982802148597,0.9968454258675079,0.7969093159765204,0.9901638530903859,0.17349712892081573,0.797507315116458,5.784335731155572,5.2001282415613295,8.108584934210482,-14.780752488030034,11.165774520418374,-15.314819558946656,137.97210009092382,131.70766126521104,49.35040542055376,28.872768941422645,172.57539825874676,351.9386386988447,0.870479757170581,0.01603115885561455,0.14503639947964714
76432.0,1191.116876244545,0.6769807693121673,1.2039473684210527,0.686942766752948,0.9263474287653468,0.6379275209370404,0.7645479328382605,2.7674683389147963,3.4675013549046887,4.857536943030293,9.111047210300274,6.429241629558294,-9.252842960306085,197.6841749616654,117.26836811601736,44.738817995165945,14.20112014969982,202.59935805806066,137.5181813425417,0.9456653954490608,0.017932450892949918,0.18771379857030146
161147.5,1787.0794228315353,0.6340824426212532,1.5272277227722773,0.6464829019368712,0.9196525639672082,0.7833241238125175,0.7255603288818284,2.090819035537913,3.8244941381060817,4.755934809249607,9.047129094848797,5.812323999909801,-10.21944480289242,188.90762873607946,133.53000290300864,84.01954898363816,15.211036374080457,152.61010123470516,112.4225443853054,0.9799020026349778,0.01667125746481361,0.24430848730942414
40456.0,870.0630501508713,0.671570102770835,1.0833333333333333,0.6483333333333333,0.9305256862902948,0.33647907425349177,0.7935793850568672,3.847589554206309,4.482085207965599,6.7584491293231075,12.472168319619776,8.729917332773491,12.60685193489512,215.7962132902246,137.18470619932887,52.91993043819041,15.630832537291498,195.07326034242047,64.9890645780996,0.9629498348334905,0.025591353929682942,0.24127660988697774
12317.0,429.7056256532669,0.8382483872579681,0.9838709677419355,0.8141856160761501,0.9683937416463558,0.2973337834638686,0.7942624845539428,4.564659065450416,5.474530267989136,6.961184200743597,13.179108520128942,9.391291432651471,-14.934139361091427,212.72745442916533,160.68436200831468,78.86008954269268,20.136712503997444,158.8728813559322,37.25904995904997,0.9751421075509537,0.031095078634839693,0.2934305355809399
37305.5,742.6244542598724,0.8500495400558711,1.060747663551402,0.7679505125777101,0.9828228940262135,0.3950609024459239,0.7952331615147751,3.8474978304056293,4.336185564363088,7.460325738427493,13.362160272514643,9.386016659892984,-14.251871799601377,218.68845182724255,117.85182724252492,39.97708970099668,13.172199335548173,210.454219269103,100.82251187392055,0.9342917584048535,0.020708867033994435,0.17164207359933498
31530.0,666.7838344573975,0.8911764682481252,1.077720207253886,0.7854224790753288,0.9864993820690519,0.31864604873728464,0.7969212088898322,3.9853498502734133,5.955157412943584,8.566178576737714,-16.107044618148837,-10.756839820308642,-15.896729027407762,200.78578163303789,114.69215538374503,40.29829027594443,13.7388585077629,206.17952102583442,269.92004697517933,0.856986117315577,0.024344300303971007,0.23297737447362393
17031.5,488.17365968227386,0.8980780415458202,0.9864864864864865,0.7882034431691965,0.9908948103327904,0.2259116391078714,0.7977297419300834,4.810456123297285,5.3174569869950705,8.608241380048447,16.036615880328004,12.296311009246375,-15.59816084544364,239.2984572555388,160.10428024591116,86.41056721958009,15.155666396009742,162.91491706298572,51.14351145038167,0.9608604142212797,0.03248598867232189,0.29399733087088026
67442.0,1065.1757500171661,0.7469607185492637,0.9630872483221476,0.7885555269742535,0.9774415385841722,0.5299229163333744,0.7893396924846922,3.1842079520529007,4.306970072235643,6.119565344793392,11.352857554003752,7.715672487335381,11.86036467797184,203.91413129914883,146.3273937501841,43.59736989367656,20.738329455423674,203.34756869790593,77.81626076626078,0.9632263948455779,0.032325970279589666,0.3137897314716288
61783.5,1046.3889516592026,0.7090813783656756,1.1642857142857144,0.6768569237510955,0.9280773303891305,0.5006552115993161,0.7789081357749031,3.175432745555389,3.555096306960629,5.1816286457483764,-10.952467765313253,7.416764605506238,-9.550331641224023,196.02564473367076,138.22566080179962,56.978050935968504,19.096023138105565,181.71705631879166,150.73735263635183,0.9590638227834555,0.01598766808614951,0.14837290279073262
112866.5,1284.95749604702,0.8590083733652775,1.013586956521739,0.8222585674321017,0.9839075950746431,0.1998703772289646,0.7941084276226928,4.999523556824475,4.1624639545832105,6.5723005692019845,12.077984564356079,9.139834104899668,12.103139171823535,209.70967485842317,131.21121853112928,62.3354356685426,14.278425630259514,182.48531305682482,80.6286513859275,0.9560381319819884,0.0193808953452662,0.17594123818675167
55765.5,1101.0752416849136,0.5780181421323309,1.0354609929078014,0.6772260273972602,0.9153289344100847,0.3547878429500554,0.7858423270602976,3.342002726801901,4.155181296369779,5.661994780971327,-10.672728128903579,-8.597781041006753,-10.78342506367226,217.64436582156952,124.20885040714006,60.45720584574903,12.201738790313978,186.55251929026065,66.79398197811628,0.9630666227942652,0.029574049309716598,0.2800655255842098
56645.5,1284.1534489393234,0.4316596294353864,1.0714285714285714,0.6743511904761905,0.9023216916889013,0.4095926372181423,0.78212488182121,4.215184831714338,3.8180541537853507,5.121773747237686,9.794742647163442,7.250148914718578,9.699930852604211,187.85322400167846,109.36756066857824,47.00159102035108,15.29113924050633,196.0776278061403,135.61544952709122,0.9527833469387412,0.017509337116862825,0.17089003870018543
27413.0,657.2203441858292,0.7975252338053366,1.2893081761006289,0.8410185611290075,0.9865582207186944,0.5648947398114171,0.7648147287805966,2.680399079913592,3.2777773454017005,4.758724898604313,-9.446873294424293,-6.922488274723502,8.787140487041246,220.2589559507919,155.2735307911541,92.77380136368556,14.074533713337422,155.6992315740106,108.06060606060606,0.9787603577540466,0.15050797929034346,0.3429311980109626
20963.5,542.1147869825363,0.8963779192666247,1.0060975609756098,0.7747043606799704,0.9898715648314288,0.21841179847227568,0.7974185548220243,4.71334535553215,4.880904146507478,8.286781614029024,17.254801978711484,11.43454514306219,-14.87062819601287,226.07336289866012,133.15635025476504,50.98244951877713,14.066569163993206,198.00585016040762,62.87385057471264,0.9225817585669858,0.03252072643615594,0.23950872007414464
77727.5,1052.1879427433014,0.8822627064421457,1.0526315789473684,0.7990080180921053,0.9912072637310787,0.35838905440676666,0.7966278156758396,4.0144911491869175,5.106357066660654,9.456916744918328,16.83491312398686,-11.566396792891208,16.96138459736385,201.77912227068649,108.23968073267757,46.44362296780465,11.895713682702516,198.70778597833177,79.24112323044788,0.9657144350181835,0.02057530942259379,0.20799173726794468
106750.5,1256.0458060503006,0.8502934358653796,0.9778393351800554,0.8376990261549206,0.9886685683590494,0.39913468446249944,0.7929729333743422,3.8206864381071517,4.2012460786986665,6.058052536100029,11.218661393036644,8.071644637873506,-11.625977572926988,213.44973254058488,121.84134158388161,58.798082120291504,12.239753601848918,189.05864536931765,172.2858764375903,0.9277005829824122,0.01907899146347243,0.18378494301874929
87044.5,1154.472210764885,0.8206996193223648,1.0818181818181818,0.7388549359137594,0.9751464772638159,0.36410991807083964,0.7936210862027903,3.9525351648518625,4.1947755491295355,6.281589630489284,11.864409589157649,8.49373332966437,11.569456235199034,201.89372080006396,103.14346092777264,46.13383137429606,10.842991444204563,198.99914327816043,100.63938660209845,0.9433888945108586,0.021642503646357,0.20718963068512058
86908.5,1174.0458060503006,0.7923225845307794,0.9464285714285714,0.8133844339622641,0.9745126511664415,0.5087622843910177,0.7893320306287741,3.3362147830157585,4.134541287034099,5.718710686462588,10.667421527428441,7.399302684958062,11.152615409072567,212.59453461903618,139.60084874689727,52.94658156320419,16.09766308637315,194.36397744300697,88.50051885160845,0.9580666949780571,0.020522679824441857,0.2162582155509014
40860.0,766.8670936822891,0.8731081078675076,1.180952380952381,0.7845622119815668,0.9843648365414729,0.46927288437731335,0.7920284174697734,3.260169570925807,4.645424610561765,6.86997190976964,13.221513185600891,-9.791989941957196,-12.642243545526345,208.3085625500716,155.00806001310966,62.238183098249614,18.88902915685465,180.78038891990968,293.94303236293786,0.8075781943490992,0.02855519196311579,0.24520463595963893
54118.0,1012.2640581130981,0.6636880049814349,1.0524344569288389,0.7213136604155838,0.9400055582574863,0.6291359847487182,0.7757079412154554,2.8161012146848257,4.036090127094326,5.1898344942404515,9.80297918108641,6.6454162559482866,-11.34078108870781,208.28158275754635,125.76821289151991,43.38702050840313,16.319099023147555,205.78492751498268,73.57738271422231,0.961358077493027,0.029484352084250872,0.27680659834443255
57402.5,915.5361393690109,0.8605769054444874,1.0905511811023623,0.8158631569970721,0.9852899527115749,0.31230069765612906,0.7953912702671532,3.9661027738268664,4.933259285804153,7.114483662052231,-13.169669968959475,-9.305388391958822,13.57432652986378,131.05864950433383,130.032196674798,53.22477119773014,30.56263732461376,161.7093302884033,136.21312761506277,0.937802536230214,0.017350638705035247,0.1438256530205639
37424.0,784.7838319540024,0.7635895462480988,1.2537313432835822,0.7388454552633658,0.9630840099334765,0.5936581200256849,0.7884111873666104,3.158126323074337,4.537312933756168,5.923497911065729,11.193775617465196,7.549983422019503,-11.541576108042195,214.2291970029917,112.82926054380344,53.36665695904265,11.269545418442721,194.11424108442986,103.49570001602478,0.9393698617432603,0.021847833684363112,0.19651035238794695
117311.0,1342.9991238117218,0.8173294397511157,1.1472222222222221,0.789016680118375,0.982965209813648,0.5217860333683524,0.7924771438820898,3.212772507194061,5.39012617412578,7.604411345151164,14.120124602734581,9.22427113855775,-14.646280818149245,207.4852543278569,117.29948515254583,46.98406262987812,13.121671939541473,200.83390020271588,102.27519478969532,0.9400910846979748,0.024337187861698986,0.23350602510478669
39214.0,763.2102382183075,0.8459849425351766,1.073394495412844,0.7687210852348467,0.9762983617985361,0.3362525441671955,0.7961610510950765,3.8882670066587233,5.055089369560987,7.521318101240872,-15.83744602795295,-10.258495576136752,13.809540931877708,215.06375177018006,134.65344932227393,50.17744790612988,15.262694719805786,197.24046631600243,259.88429985130495,0.8488380936860467,0.02538260747408847,0.23533368964859516
78687.0,1097.3178824186325,0.8211981047589829,1.1728813559322033,0.7709121191339277,0.9778426742885548,0.5789626311745234,0.7886137858407564,2.9789535288367626,4.8890820552148675,7.002678165083725,-13.085007840828645,-8.603414036120718,13.114113265677911,209.57082043832503,124.53706814880313,41.59525042632477,14.914166614033979,206.78307332785954,75.39891967463141,0.9527399707130815,0.02162826553309136,0.19189281527633445
44774.5,799.9381628036499,0.8792811771294853,0.9585062240663901,0.804269727506242,0.9845959318306762,0.19316947377821558,0.7969001386746004,4.664978712475941,5.392093140950017,7.495914857999704,-14.376576729698455,-10.09555411585652,13.971127393426507,143.73743932980207,135.88679328915583,51.08138117506261,28.64741472928348,173.51239999113494,151.52374139318607,0.9472699538735241,0.017150619914546746,0.1704401818300636
37848.5,774.5655770301819,0.792760771684089,1.0412844036697249,0.7648324778725296,0.970723262374968,0.3125332181220131,0.7965503972246637,4.005524715134558,6.1477417403877626,7.938290644231719,15.005372826488458,-9.955445527337615,15.470904002521793,203.6632441918332,124.21129416695042,53.075460331595906,14.266664920506038,191.76272296288536,98.65173143008198,0.9534617326017159,0.02165180021550467,0.20851772007309854
36919.5,740.68332862854,0.8456692429069834,1.211340206185567,0.809815749067778,0.9887783387120532,0.5322029591220697,0.790303919412619,3.0793353267695536,5.27687258107586,7.419080168559536,14.143605386756075,9.172717468847058,-13.80924163485519,219.82050318180598,148.26673468839783,59.67655666836721,16.581075638374998,187.08678140858686,288.5699716404887,0.8126784839607089,0.02553309229915117,0.22348787037662693
72270.5,1246.6976075172424,0.5843172011985567,1.507462686567164,0.6674902098418797,0.9162894780216297,0.755455633806869,0.7382027170505981,2.20449231248241,3.410431804834663,4.785866910092723,-9.020155080707607,-5.985888610143495,-9.049927128522752,191.3478559459385,126.41834464192512,53.524297448012526,17.634796582699227,190.75076229981045,154.08962159462908,0.9676701525783479,0.015601203540518575,0.1967193365810607
34987.5,743.9970364570618,0.7942923215382258,1.0625,0.7611273059519665,0.953766679842436,0.42552469719758695,0.7871637630252041,3.505642881375971,3.713271794845853,5.731901880510984,-10.532747102856055,-7.826923927403862,10.714055740145035,211.72167313301802,108.33519299934864,51.292090283481066,10.881793208915068,195.9474101554756,127.8278707377379,0.9244329040611969,0.020118995274895524,0.17891492722762778
34365.5,706.482323884964,0.8652267350312665,1.1,0.7810340909090909,0.978460793804453,0.30455582441818496,0.7945588733382732,3.724456287978314,4.724354212891796,6.774727341340857,12.526282296578112,8.655342709831991,-13.541602649827398,203.96504081456055,120.60226715509533,49.93302373878681,13.633188150797542,195.63070754853038,67.02159256030224,0.9664469099694658,0.023249654889106006,0.22229995248863643
79825.5,1076.991982460022,0.8648216853808677,0.9713375796178344,0.8335125822282552,0.9887102567596021,0.2991903038471143,0.7941870610266977,4.309494248130458,4.33507872966351,6.514670281897864,-12.082960732387896,9.990539262515956,-12.097398790013429,207.95484555382217,128.1104524180967,50.451407176287056,14.756854914196568,195.92732605304212,38.94178382577752,0.981938374387076,0.024840908332089212,0.2697811849298607
29701.0,695.4701240062714,0.7716564296119692,0.9521531100478469,0.7141208434517083,0.9553078914781042,0.24970493517912692,0.795935078281082,4.234774228213501,5.396323081668076,7.18738105589678,-13.480955701143861,-9.357958869751332,14.530381746759527,219.01829695050827,128.4704215964006,67.36263956007333,12.033194467588736,179.19003499416766,105.59974458932652,0.9498323897391229,0.021636104643764857,0.19702741564532508
100066.0,1185.6854145526886,0.8944528429773663,1.0943952802359882,0.7956332641588945,0.9938570485029969,0.37564484832319334,0.7964621186083134,3.7622895460681587,5.800942943458233,8.200427234407265,-15.242944671281451,-10.130030562003451,15.579313855199675,206.97675412867756,119.3532119669507,46.80908159917278,13.460373644073696,199.6106167414021,62.17260312262908,0.9600932469604604,0.022279734327807568,0.2076083978897208
27540.5,625.511757850647,0.8845262571022449,1.0264550264550265,0.7511182021491299,0.9887093879016334,0.41546549690664797,0.796022932836898,3.644476096972024,7.099515020848423,9.361841560648164,-17.60331401037592,-11.33649960595282,-18.249677327145257,219.7672444796087,125.29641084657987,54.77278285262173,12.764259512335467,192.94191901028555,63.17050018254837,0.9460714406741528,0.034846012851168964,0.28454397522117264
121463.0,1341.2833967208862,0.8484236581587702,0.9923469387755102,0.7965413671895494,0.984143574785286,0.34587336791461376,0.7957775878062379,3.9341593520044196,4.5833880735157395,7.054358393624294,12.890271496610291,9.054821638505597,-13.434339877115388,211.38086459203907,133.15915310620588,43.95944152204907,15.935909411205612,204.41556462317487,67.748707308237,0.961053662628942,0.025704062606064188,0.22549999494725237
46362.0,896.2051869630814,0.725365875182939,0.9817518248175182,0.6290125634276721,0.9400529213175584,0.6419912787939039,0.7693877350524194,2.748490073492211,3.433278035909565,4.843884809707466,-9.154222835475979,-6.368334276951765,-9.113633608009879,214.21369587540647,121.32586000342289,44.369673113126815,13.546123566660961,204.61122283073763,112.96149870801034,0.9377190221544026,0.021811625391870596,0.194503319558311
77222.0,1110.0041748285294,0.7875927051904371,1.167808219178082,0.7755393082392641,0.975832285539177,0.6000648561528109,0.7805256638916379,2.8253817092521945,3.767309825727115,5.592405458119029,10.28871829828299,7.040976998671324,-10.840664343500805,209.00849333401968,119.06506408606579,60.431036701497916,11.831999279353477,185.5422993771555,175.4040464379399,0.9414152014347112,0.015587889091370148,0.15612796236782295
46367.5,891.619402050972,0.7329334183342583,0.9744525547445255,0.6337994477705787,0.9424192843568663,0.6370071054556108,0.7695117532088389,2.7483219068119062,3.435663834135352,4.8508344620774055,-9.160947380405648,-6.371397812460896,9.12939500106859,214.33240635762724,121.40340556613259,44.459836994887375,13.5401202216185,204.49693028429633,113.11537467700256,0.937164599633984,0.022065018693731217,0.19592418840333506
88538.5,1195.4772647619247,0.7785013706151449,1.0091463414634145,0.8155119372190701,0.9786503813418813,0.46131339697481344,0.7895303043020205,3.4956818537567544,3.941686975786868,5.8630152589818465,10.778192907776571,7.744161758600116,11.386070617874932,209.46058227019952,135.73704217567368,52.34373343259675,17.159633627739613,195.61986621998128,105.0824802074802,0.9521270943782263,0.03109463026909001,0.3016324177277539
12287.5,428.91882824897766,0.8393114987818916,1.0317460317460319,0.7501526251526252,0.9730361102312322,0.48629640966800836,0.7911099673422413,3.4156201318590775,4.023578225731769,6.226127061339126,11.351085204327244,7.954918273819724,-13.007784507021467,207.90629258517032,156.1636873747495,73.83174348697395,20.059318637274547,164.18557114228454,118.85135135135135,0.9418059117088666,0.02749562742525253,0.24550064709394198
30784.5,657.3696212768555,0.8952054293910626,1.0518134715025906,0.7857398095918732,0.9912736874305679,0.2607750132840098,0.7976251792858852,4.404042507056841,5.816505827760331,8.860353870151688,-16.22255566750365,-11.064343024920639,16.690906038909144,211.30864555169308,148.23464658169178,46.76100811123986,18.377526715591607,201.08520020599974,43.50837662337663,0.9766885277536376,0.026849118189983315,0.24479898783223086
17175.0,502.2152935266495,0.8557102658762517,1.0604026845637584,0.7295471922521451,0.9743851587098971,0.5789667063650451,0.782799390371222,2.9045908695588896,3.860002203205972,5.4717195067018825,10.270025560651455,7.055977022578953,-10.307806438640831,197.8990166197021,119.8528955086549,69.62694807061935,11.508194835815745,164.54505722008165,69.12237228420435,0.9710222583761394,0.021366785239309977,0.21524798331491435
57760.5,1404.9230037927628,0.3677356724149088,0.9391891891891891,0.701931022749368,0.8602225002233937,0.3620234935589675,0.7818415898923532,4.427963636579439,3.862958443801869,5.331745102329301,10.305152232077694,7.620919048700381,9.971387928222738,185.41158943265484,108.09699436985707,45.45346037245561,15.629207449112169,196.9559462970983,157.62970711297072,0.9425400079451564,0.018109309098949856,0.1802993297933727
71173.5,1085.7859230041504,0.7586470500522777,0.9642857142857143,0.7780565394201758,0.9519437181090462,0.31089487448883907,0.7955345992422028,4.37509484361074,5.162727022983402,6.780186348173248,12.806758511990745,-9.11824551314096,13.076358569928718,220.8661566809984,138.47439834719972,63.69540454520074,14.187447652018538,182.01083254229718,66.2664526484751,0.929610567487957,0.029232634361164668,0.22318191430510292
37120.5,940.7665917873383,0.5270598188852719,0.9868995633187773,0.7172489082969432,0.9040660504877068,0.5463997152525095,0.7774212411883821,2.923266288643171,5.376275682836181,7.002741730712688,13.274977518099343,8.464410247736117,-13.441855674093356,195.05309428031012,122.67509390734476,54.186322828142906,17.88941577643392,190.6547672962677,103.88180051813471,0.9677399516387777,0.026956826378999838,0.26294471901861316
59245.5,930.5899639129639,0.8597031223325414,0.9859154929577465,0.7450389839034205,0.9895029562080369,0.3715389775805672,0.7959293845856126,4.034820256112304,4.559440971187775,7.1082017650709375,-12.963777241926373,-9.134803272682303,13.452415899061709,217.2784111867476,147.0027832735321,42.67658696891453,17.934878106032663,206.9053854666175,67.49315253322538,0.9556143077664561,0.032709666788946885,0.3031967023371182
94564.5,1152.9574934244156,0.8939462400982782,1.0323529411764707,0.7923956762192056,0.9930168697724969,0.332205462669029,0.7970104686081494,4.054325959315032,5.45137404967118,8.945213261650576,16.308727134287814,11.239293351360901,16.280249685744366,174.1175666151208,109.97855061486835,55.81915822471886,13.642850380282134,179.58866412093286,133.75253817843395,0.9514147718976484,0.01897900188295213,0.1809787305126814
145787.0,1801.4742984771729,0.5645111472931187,1.5740740740740742,0.6482015028233515,0.9378023363524084,0.8448771809264283,0.7062878340931179,1.9185431658622323,3.6432827937349384,4.9438059171217015,-9.508183035745775,-6.078661948173713,9.310896660880497,202.0894428752712,122.80703944765102,47.66021941135536,14.094095815083167,203.1047798381705,55.57437715573512,0.9909603871363807,0.019780594316220264,0.27287348541597717
161976.5,2134.486491560936,0.44676079305607186,1.1342592592592593,0.7651951058201059,0.8890136005883709,0.3689623717174914,0.7694516522804706,3.6512523798355834,5.22941586384551,5.0319605123642255,10.20113423579289,7.925435892837073,10.557335730819979,180.62778350642017,132.6400837200167,83.50706464363752,42.884639463799076,127.62833591122241,92.3732207449107,0.9857585372662666,0.017600000947558335,0.2471907407274637
83234.5,1135.5605250597,0.8111341105720176,1.0567823343848581,0.7837892556146712,0.971763977910873,0.3008339588146643,0.7938699672136589,3.987044447918324,4.312849919183742,6.3714017295673475,-11.716831609738055,-8.367777178531401,12.624030958634865,218.3192127169149,152.8804863192844,46.215296604602834,18.59946734184472,203.79450860493725,59.794057574010004,0.9654613172426881,0.030354549562726544,0.2791228177873756
9097.5,365.9482636451721,0.8536749672567494,1.1047619047619048,0.7469211822660099,0.9789099908538226,0.47924614049831565,0.7932111322920421,3.375579271923555,5.439541949480253,7.637468661077267,-14.186058463127646,-9.436228834433331,14.847546743424205,195.06979256698358,121.11981417458946,54.27863007778738,14.028305963699223,188.74816335350044,160.9012061403509,0.9583271900124526,0.014796538707078241,0.10945303376799895
20754.0,553.872146487236,0.8501442567591369,0.9819277108433735,0.7670189962303201,0.9788237513559402,0.3019907979980286,0.7960424733347624,4.058921046405625,5.4475396100214395,7.55203228240639,14.061767968326887,9.606105816851914,-14.72624540111562,191.77502024484352,148.06435478492833,118.03934644881627,17.080264850188158,98.72238365169342,109.04899961149961,0.9733344808197865,0.018661608680343517,0.19283135623042647
43377.0,790.5239477157593,0.8722466596537441,1.0129870129870129,0.8024753024753025,0.9806035944387929,0.11741604000427472,0.7955887335098486,5.755934518420228,4.709208262797609,6.889800198609853,-12.783964410393036,-9.768295920951658,12.915211723807273,151.88231661291428,100.41936000365973,67.0082115327432,11.659758914888263,151.2563187630092,365.3494433198381,0.9020616701695539,0.011354098092906202,0.09612887855300811
66207.5,962.8742339611053,0.8973831746008906,1.006825938566553,0.7659802163475444,0.9933533881966377,0.21804835837184827,0.7974985461941503,4.865012517669955,4.830326595584918,9.03632924707145,-15.971567298601126,-11.550369371779796,16.998457205536518,150.65509787438455,107.38104959769426,63.848354749609705,16.516947880389097,162.21817581361836,230.06883238319307,0.9542959485981729,0.01317224415135755,0.13328989678242606
69388.5,1019.6194003820419,0.8387280794274071,1.0405405405405406,0.7611058704808705,0.9777090481256296,0.35844846408823966,0.7937741580033326,3.768901668357365,4.571616660667633,6.853544745887183,12.567971812297868,8.785410232412495,-13.602266574456687,168.58337152021997,128.04990548745562,110.4115734906633,10.145205636384466,106.04954748539352,2294.9025233321813,0.7177114422487683,0.0068558554562989866,0.05800943427777322
111386.5,1270.4965987205505,0.8671523557825027,1.0856353591160222,0.7829453277662969,0.9892844137735028,0.35968345725015405,0.7961907324903997,3.8151123450475133,5.1097516164998815,7.484515731772124,-13.953708005902621,-9.50318582685675,13.912566590192794,200.89125443353495,150.19642458300203,118.27991351814957,12.475096264663051,107.51923059742163,126.57274639909369,0.9734573781355952,0.019099710533660576,0.20814842436212763
66836.0,990.0041757822037,0.8569318041142985,1.0135593220338983,0.7577348222889859,0.9834174477289113,0.4954626079926844,0.79212252220651,3.298876533594156,6.623497996421295,7.50036411160426,-14.596376376388458,9.435727996805975,14.981232590383017,208.8703577056882,150.24972495614165,53.596964110493296,18.250156105973655,191.37009009544764,313.1443835862441,0.8554719599452436,0.019203435778708703,0.16931061211413084
141058.5,1578.9818785190582,0.7109758248554375,1.154040404040404,0.7794493070751276,0.9549368716785702,0.42522314056125704,0.7889284969041048,3.6064749065321986,4.314607418847827,5.773970146107458,10.822671724769762,-9.109504965087584,-11.666481813531965,186.6487767713536,136.551144219645,88.82671632946753,36.99838454809673,129.95859787240045,99.44709929078014,0.9723516483220495,0.016489829170526153,0.19579188513598697
36931.5,758.5411914587021,0.8065819003788648,1.0046511627906978,0.7952519379844961,0.9759136432101049,0.3575965373475867,0.7963125114850658,4.171596603403897,5.036981728779788,7.593384035157932,13.930117422808154,10.159757397374216,-14.420901487738504,166.94442655503676,176.24818869747222,191.73061235442495,114.18926098856866,65.84414748027693,288.54749568221075,0.9481925640201856,0.015562197327502615,0.13486346181888587
23747.0,590.4995614290237,0.8558141394832355,0.9832402234636871,0.7537772981208736,0.9750959820970292,0.15781747341906177,0.7967214684737641,5.174815088719576,4.950131988695378,7.49276582255981,-13.753532080641282,-10.41159540789762,14.104661888646753,202.51906170576225,125.49885421440773,83.46552226990542,12.461522436565144,159.43469022124077,438.1236312706901,0.9243701738546118,0.010511251416536797,0.08473626623637531
32398.0,736.9259688854218,0.7496876264397407,1.1565656565656566,0.7145251643068237,0.9508129365498621,0.4340280721993297,0.7851236438018641,3.8159749252513087,3.884493544466458,7.043160139988423,12.625929751708265,9.103141706538453,12.694458627361833,183.20645496500504,125.97799443748279,99.40251841437696,15.47742901677924,124.04673125706775,194.35481067659842,0.9669747868532873,0.014281939825075165,0.16326218704264428
31268.0,667.5533874034882,0.8817347544676845,0.9245283018867925,0.7525028879476319,0.9860611794386629,0.4591890522701507,0.7943600136674568,3.4429155598516195,5.407959368124048,7.5082770516416355,15.663529597361833,9.91153523930455,13.966482875473346,145.3764064530443,102.64879084656589,62.6151310576527,16.330480808849167,154.0127095813128,381.4705957883924,0.9141134471430168,0.013840507295010485,0.13525728740847268
70296.5,1374.6143472194672,0.4675002221241338,1.0895061728395061,0.6146303291015284,0.8409929714371168,0.7301795586252793,0.6969237414020959,2.1358227186339866,2.881139494670248,4.554864105685515,8.46097516446916,6.063661648955894,8.391344803191155,175.49659393819726,104.18209384652272,68.10053171233939,9.327122970819289,163.52095115862517,225.90048233792027,0.9543900931710564,0.011463650264219014,0.1139983171506269
90253.0,1206.8569875955582,0.7786815633479237,1.096969696969697,0.7555081198727608,0.9572106588890362,0.5315272457034907,0.7883408575943238,3.2615009169523033,4.177237359033299,6.546855772013373,-12.054669598815563,-8.265984032518995,12.064271201834947,149.80687413935556,127.84983751032773,105.23178187827045,45.83661801156706,100.11672817405673,128.51272425249172,0.9817323736913671,0.0146302131438506,0.2051254671407523
15988.0,483.58787429332733,0.8591187517428371,1.070921985815603,0.750927621999906,0.9822448854211464,0.48955539981148005,0.7927606635780211,3.264693046363129,5.091810261208016,7.228005419440188,13.408177766092244,8.897210467376821,-13.912975865952788,183.42300568041492,104.05532230180292,46.337675969375155,12.68763892319091,196.07687083230428,231.1141732283465,0.9215200348705688,0.013689712310379694,0.09649268310951031
40111.0,763.068105340004,0.8656588050219262,0.9523809523809523,0.789275875639512,0.9793322346334615,0.4424649889422817,0.7942983695972887,3.6569411506729566,4.868187977495115,6.879208987563088,12.794259588505923,8.721993654382388,13.13338378689415,179.0790495264941,142.13807086516826,116.54053853571693,14.074475187300646,94.77810745988181,254.72410447761195,0.9408857877505681,0.012672109115959973,0.1435349173005627
109014.5,1246.212330698967,0.8820842001193075,1.0662983425414365,0.7801684653479518,0.9909283036018635,0.38561664193483697,0.7964763138800307,3.7714664184243496,5.324779500494106,8.248169494020061,15.091237082265119,10.195551831529889,-15.354321778952087,169.31066809066098,105.74527845478362,59.312813210285626,14.607525262206645,173.00729340672382,174.3444782168187,0.9638937838929706,0.01483571005674769,0.16098358046228733
24667.0,601.2691144943237,0.8574097267275911,1.0449438202247192,0.7450465144375982,0.9838857644290215,0.329728924449174,0.7964073206628817,4.154162934119385,5.962421574633641,7.484661589650475,-14.260179601246714,-9.681984651652888,-14.544147191636336,155.74431202600218,132.44444444444446,111.70241964608162,31.71497933469765,86.71461819349145,296.05679405520175,0.9488892949113766,0.0121539065340557,0.11033133759384725
68914.5,1021.2762542963028,0.8302980253671602,1.15,0.7643578083407276,0.9832427342378975,0.509308031374987,0.7926657976101219,3.2500014114286895,4.934115439221007,7.16077302520214,13.212095620394862,8.821388190442752,-14.084206484075995,165.21761008102885,117.35636840739352,96.82932033795669,10.111681421032902,115.35424896911675,519.2370330595304,0.903908379442308,0.009227044238309369,0.07580885677978766
100309.5,1215.5016493797302,0.8531803111435643,1.0056657223796035,0.8004588437138411,0.9828242498469075,0.2650250189792509,0.7963465346031297,4.733742557317814,4.852103843529567,7.374410727980337,-13.504440215458766,-9.783635463277054,14.052082258805196,141.42383554308267,123.97880822284586,93.71967751212304,42.531400918277285,102.34175583344076,124.51253843389372,0.9791229607831308,0.015262084637222631,0.21055512149001238
83671.5,1245.0609617233276,0.6782755876230139,1.2753623188405796,0.8612432065217391,0.9425703648212506,0.7922216820170921,0.749920827793313,2.4561056386589337,3.768112799089123,5.08956703701277,9.739836497124838,6.547402531902828,9.615553128453397,198.02250044502463,160.9161573607073,104.17154215866611,20.006728772325403,122.6712751438913,190.8117647058824,0.9518371194827052,0.01908578489772618,0.23673489069492715
166559.5,1531.1483991146088,0.8927805150859541,1.0949074074074074,0.8151255774802286,0.9936791175224766,0.3265454479988286,0.7966350419387878,3.8887474399903823,6.05934586542996,8.571634420587412,-16.02257158538811,-10.547894318728881,16.053831596989294,183.64105155514625,133.47589687774715,69.51754884313385,20.805458709835605,167.49441750040364,201.0269848725731,0.9553859987545678,0.016103604380542508,0.2084111839478158
118759.0,1424.0529507398605,0.7359090096344939,1.3520710059171597,0.7688358603187756,0.9461021553561257,0.7555019284347755,0.7441384335559871,2.302856082961123,3.573873013364153,4.998088495370742,-9.349534734485772,-6.316850091656748,9.576351223115685,162.23458258640622,150.77195965755837,118.93001223005915,42.578490174068925,80.08942183651929,357.8883636670038,0.9333906120782725,0.014967680017237792,0.21166436257012494
144311.0,1429.1067689657211,0.88793249049444,1.0898058252427185,0.7801100611931585,0.9924454729574065,0.40455008361999045,0.7963110753258354,3.695540088139643,8.307093069758311,10.531016636797773,-20.204773116313273,12.488307356292914,-20.03047532801934,192.23056381664745,103.18570551258254,63.45539355381823,9.014455952471312,176.78674192502226,176.00130537425358,0.952654592000231,0.01489596902531306,0.16717054109628138
61158.5,939.0508607625961,0.871542277302277,0.9137931034482759,0.7958165256994144,0.9849024091728936,0.43026474731941206,0.7936632248672172,3.5405559161783393,4.574960659807452,6.907847745314012,13.093365579023702,9.615557151858177,-12.679330614032294,209.87513399382817,144.43379892804938,48.21638785122625,17.570147799252883,199.0969140815332,61.19986613556223,0.9790724498835484,0.021382017914940248,0.20191820858103954
24360.0,595.8721442222595,0.8621463241961351,1.0114285714285713,0.7864406779661017,0.9832889319447808,0.20195848893984006,0.7978551284520239,4.981763070845377,6.401514059074418,9.93198731892051,-18.098975731522774,13.07055804138573,-19.579197863095825,144.28444354183588,145.86324126726237,126.90548334687246,67.64520714865962,57.9274167343623,179.2505376344086,0.9679848708611676,0.013306029847112388,0.12173130984015881
135581.5,1388.3788497447968,0.8838820620817954,1.0775,0.7864356148491879,0.9910167713735423,0.3264441121343444,0.7969460203381272,3.9919725963058266,5.208342405157473,8.022353945936814,14.852656541200595,10.137208085682833,14.738588603105615,183.10496787222323,104.40051404442812,67.45788874609876,11.462882320543418,167.62403524876078,183.93205785318722,0.9672071197275592,0.012837122674989189,0.15791310083849447
130135.0,1447.082384467125,0.7809396379826479,1.032994923857868,0.811527956198007,0.9674169999553963,0.49739268640987355,0.7889026157267311,3.437691747932551,4.448842979568586,5.950344413755223,-11.500237327719663,-8.300431612936048,-11.198190039272994,188.1041080386639,151.89323075981892,120.66314388841307,13.447815979444513,93.45255720053837,133.2372807017544,0.9723689548278861,0.015480369113956428,0.17524696246759855
60939.0,925.3767595291138,0.8942686598527618,1.0780669144981412,0.7811690808870657,0.9914664801060792,0.3633879069857069,0.7961847160215405,3.8265945600304323,4.734938313186003,7.484880886536152,13.596396125457323,9.404778581547099,-14.66114600675299,157.40511282118166,172.27783031172555,188.59950110864744,111.04778596582756,67.9563388548324,193.90693196405647,0.9600020825254482,0.013254712290990855,0.11976495991410997
34237.5,795.9625471830368,0.6790889175066572,0.8857142857142857,0.6439857048810308,0.9449780574646022,0.4466969591472983,0.7824432910366034,3.2363407891948204,3.83403801101288,5.282446729807551,9.885226557468073,6.9009695527749315,10.206591796294601,141.26546138270177,102.11767428406134,59.16132484813422,15.3975412207116,142.3301995950246,196.86589306698005,0.9570072601950121,0.013605388139671546,0.13351751948445872
40259.5,783.536140203476,0.8240625449523034,1.0892857142857142,0.7365979947306791,0.9747118923106721,0.3385849125295508,0.7965189506915422,4.083456088030999,4.805646614056722,7.879918753862436,14.292361209623522,10.048091917026255,-14.503487150285844,172.14897024044146,161.6911460386283,158.25578931809224,76.81035672053606,47.75009854158455,251.73564676616922,0.9504551009576847,0.013889476733184917,0.11460863658441921
71998.0,1124.215291261673,0.7158653144993683,1.244186046511628,0.8693520732207974,0.9390206525070591,0.8080911203260664,0.7594163692873609,2.580413964052481,4.064777785032696,5.289281347971299,-10.258212389531055,-6.581523698992969,10.031910439200455,198.99242998772803,139.73204362753884,93.4429215559202,21.212084442176966,137.10176082070515,179.1673001165178,0.9504778370431407,0.014675944550720571,0.16621756057504872
53706.0,913.8620400428772,0.8081117017221539,1.0076923076923077,0.7884028185554903,0.9573603337017362,0.23039783121394017,0.7908644514583172,4.387463737221111,4.038343873837149,6.261848451689754,12.105466980683618,8.456557444387682,-11.421038975774026,157.17607586512864,127.58303756285122,106.05534605146406,23.397903726708073,95.37749556344276,667.8452754142411,0.9130311128141728,0.009963116678887426,0.10423047624031198
60859.5,930.0214195251465,0.884203728803649,1.0145454545454546,0.7932160312805474,0.991503885567195,0.37649451663418165,0.7962304846464254,3.86986083870772,4.814571456743357,7.57473947796517,14.028041183986367,10.025681790400498,-13.848054069290885,157.66019195612432,172.6478192739619,189.0831156960042,111.32443196657091,67.21983546617916,172.7582370560548,0.9634125114563765,0.01368943503022459,0.1271910936835719
32195.0,687.1858534812927,0.8567416345002759,1.2142857142857142,0.800432599075133,0.9841051505425645,0.5712238899107389,0.7878652689249414,2.99421179888224,4.447856642058156,6.767531871633403,12.396559674911025,8.293982925008672,12.889651208416725,198.59115665097386,166.82633311794208,139.67571309886458,14.177082371765284,85.03618572879165,300.0044072004966,0.939113111017057,0.015321753312841841,0.14578168182770487
118066.0,1335.5676624774933,0.831769370504073,1.071808510638298,0.7791695264241593,0.9817480313651142,0.3614395062410227,0.7957209271004162,3.938012882391028,4.7596214158700265,8.40344452630159,14.991778028538587,10.939123550716966,-15.740474629676182,154.42076161898822,144.32958817282244,101.37178233677788,27.431794811280998,94.60937104903829,409.70024238931455,0.9256307028702959,0.010168662451319128,0.09892583330200683
31188.0,670.5239479541779,0.8717035260976862,1.0294117647058822,0.7280112044817927,0.9864157507709338,0.5977704599198257,0.7856028191918418,2.8827952288963705,4.51381657105463,6.365608914505173,-11.806471913107343,-7.8070860008689555,12.943876469028664,195.08122020972357,150.59596441054975,92.97194153161742,18.131140768986338,132.70136638068,210.71536337955828,0.9079943711893419,0.014896439271394989,0.11294116698091121
128405.5,1418.1147871017456,0.8023626779390984,1.0706521739130435,0.8856040333259766,0.9743115994263645,0.6774503817712106,0.7830389946481682,3.0155281409329544,6.061894319951611,6.52227298909266,-12.84216446949948,8.061523900809346,-13.27440583924142,183.55590504818866,148.00230871734482,115.63445566952804,44.18933031702253,108.64561188757011,147.2393364560153,0.9802103612993673,0.04423859036473348,0.2830046416762736
129241.5,1515.2417652606964,0.7073722017642862,1.0656565656565657,0.7733825219014793,0.965573274461242,0.33871564330033377,0.7922331324314523,3.9218309424845974,5.049140501418069,6.910469986732389,-12.928502584413982,9.197787211278124,-13.286298617731136,172.9245968517877,121.88146865258052,84.83502289958818,39.316660893661236,133.87194704229688,187.96375735066545,0.962101836560727,0.014883251102324599,0.18629965804146248
90204.5,1192.153456568718,0.7975790593688155,1.0121212121212122,0.8184041008891308,0.9636769599752149,0.12940635086915775,0.7938247211749753,4.1506986483030905,5.989870228064852,7.028396857910734,13.60016886209838,9.168402931138164,13.838053906480248,183.2129667397943,156.88920614272013,122.76097189915004,43.37955439923272,97.42141353118214,231.621373200443,0.9397720052794734,0.013679511535799755,0.1466603956531949
108993.0,1342.1706963777542,0.7603139613435308,1.128133704735376,0.7496337563189931,0.9644416718652526,0.5605363429141689,0.7871429348054966,2.9756282039362136,4.727059420801492,6.696916889485492,12.428578494407981,8.232422786969884,12.940104404979852,144.42850494155007,127.71007747693487,105.72019784451685,25.58156067201431,81.42814904043584,615.9136958710977,0.9159848676705236,0.008201492617614405,0.0760585062333923
135602.5,1432.0357052087784,0.8309403861677177,1.0579710144927537,0.7478134030397282,0.9767873221681974,0.3512667517360817,0.7949113312122329,4.116516515040043,4.361343637063954,6.816983460868794,-12.709508858393942,-11.587097251157479,12.467844625457536,208.71957978813217,144.12245901759692,76.30210619819846,14.35005175565458,168.95796413076195,78.00915370566749,0.9786875983415849,0.021915721004356202,0.2408421953499628
34383.5,723.7127653360367,0.8249497221841596,1.0829268292682928,0.7555152713689299,0.9788060806194488,0.6292521511356715,0.7820122940813957,2.7786336524041793,4.391637860695819,6.274881784473977,-12.232696505279538,-8.03154368357058,-11.620736023964096,171.33699317022564,140.8828564018328,115.63969338059422,26.31218120515259,100.11887265496671,191.55172914850334,0.9754467614188512,0.015399359782685635,0.14677580869141615
114733.5,1318.9818818569183,0.8287479102963424,1.0105820105820107,0.7945753344968005,0.9852682290101246,0.48282640525590986,0.793818571420565,3.4424329298768748,4.934470597112023,7.0589089811640955,13.083347749819042,8.80401639976879,13.516079179470836,213.22768232712642,151.3226424749135,100.5391366943912,13.453144378626378,138.79955074110373,54.83003438585469,0.9861380586626225,0.023805204826998043,0.285749977708604
34353.5,753.0264737606049,0.7613079499833149,1.0235849056603774,0.7467502825841231,0.9579092658171374,0.66425143725525,0.7754858939400907,2.763667824856639,3.8781537654751594,5.049611433210531,9.643375636629862,6.7142566829324535,9.68681086298794,139.73353707761504,131.70058240110714,122.0219697843386,66.14110252566024,109.71912120862646,204.89526300494043,0.9556612145666351,0.013492106802322844,0.14159173697585808
67765.5,1039.7026612758636,0.787771382110381,1.0716723549488054,0.7365655094454469,0.9478222557905337,0.27241020625835144,0.7913665220182581,3.8774862277713336,4.314595987752907,5.9763621991845675,-11.14952310258646,-8.817218779220617,11.582815098237987,200.36332316894388,134.76037940538322,87.71507945815985,13.545842373775875,151.26581833108543,97.313763631005,0.9833220922969889,0.018540450904810428,0.263538245486559
68441.0,1020.2884467840195,0.8261906439131103,1.0067114093959733,0.7655592841163311,0.9832770634293514,0.5073266775156944,0.792861106568148,3.2652261530428506,5.04887997989763,7.207687776089295,13.336020864721382,8.856915828046686,15.158343916220648,165.92981793896456,117.85567234820988,97.24417085281222,10.061427451435872,115.30613548593165,381.9911087713141,0.9287752395102139,0.009791344443016868,0.08476689163659334
123891.5,1352.805258154869,0.8507085739349508,1.0333333333333334,0.7882642998027614,0.9838944722620404,0.4391631384570919,0.7938227694552684,3.4098459265654166,6.035379311348723,7.663328321178282,14.51889819619176,9.443810652609828,-15.287402355244712,207.6260917074425,147.06451016784376,118.3311559444324,12.04079189464973,111.43967186508225,83.30416342916342,0.9847243819494826,0.01877683759866871,0.21181950541477396
53543.0,910.7493389844894,0.8111755194078359,1.073643410852713,0.7492094142669241,0.968149065627571,0.4303119214745367,0.7934107968138213,3.509714589821995,5.430680805002607,6.764744112047803,-13.749371441022651,-8.821366179606036,12.866142998841969,158.1061257787007,134.0381007119549,99.40707505191338,20.059070008899436,104.76286710175023,516.3184990297059,0.897229005234428,0.009390290964927713,0.07612123989107217
47207.0,830.5239473581314,0.8600267252199175,1.2824074074074074,0.7889925123679636,0.987232707690699,0.6073238771543147,0.7844726392649334,2.8375363397979307,4.378913542483938,6.220081698313928,-11.621932730463405,-7.7163665436479025,11.732075530172338,197.24757720364101,153.38638609178247,96.544892682209,18.572116294225232,129.46587063003216,185.01526233458756,0.9201468792879929,0.016388072377190428,0.14437211187995394
65489.0,1089.151362657547,0.6937480007901895,1.2350746268656716,0.7382535960679983,0.9440604300160733,0.6106072119098171,0.7759681176570452,2.8482041205725053,4.1051518205103426,6.241768941239091,11.489934308878672,-8.23807014771823,11.683214368656381,191.06438607393486,145.06103642178334,82.84376373584735,24.18142686087576,152.2728678175728,320.24924938725496,0.9398905576174863,0.012543360425167528,0.12637600820651557
77160.0,1056.489456295967,0.8687038547591779,1.0655737704918034,0.7784110970996216,0.9859883843514596,0.3457788810227349,0.7967070936718412,3.964972232623017,5.151687927286806,7.960367336511659,-14.9387952797701,-10.171196812966697,14.549893157904972,171.12534463655336,118.11430338323585,68.6853049550362,15.976268391352521,157.95395397974696,156.67170090642287,0.9590566156238741,0.01586500874672733,0.18925902617639503
86972.0,1497.057997226715,0.48765431345166077,0.8784530386740331,0.755516174988707,0.8376908888642745,0.580475579862575,0.739892781997855,3.010109118107997,3.952714719430861,4.715484769406361,9.127776902134556,6.959339290628262,9.309303715019091,177.40659729353504,142.99557289883845,104.42240021907304,16.247381392483057,116.27705894434175,223.4953962437013,0.9644680422553032,0.013438956340075086,0.16284135657063245
35307.5,781.5706292390823,0.7263406839011995,1.211340206185567,0.7744571177889888,0.959677638552907,0.5478634619832086,0.7846543806877102,3.050100724308655,3.9306602916628846,5.826234243129377,-11.213097836182431,-8.094722577457258,-10.726644930997201,126.90105452097824,134.2333408122055,132.106069104779,76.57608817590308,42.65559793583128,515.9981510979634,0.8722376872175558,0.011393563515639528,0.09004791759991071
47429.5,820.9087232351303,0.8844405970855803,0.9717741935483871,0.7935600990496586,0.9884646645687014,0.36874335354488563,0.796561154445004,3.8606946171209535,5.377987583699591,8.362533501765872,15.26677561547369,10.362958658331127,-15.652318731444074,177.17480746693454,125.72974217311233,81.34743847312907,25.195295496400465,131.25282521346057,206.87900054961312,0.9349979545221655,0.014363185705027322,0.13502233146174808
66531.0,974.3473213911057,0.8806560522389388,0.9829931972789115,0.7830308594025845,0.9897574364581706,0.30679963650881537,0.7963753144853285,4.136921020693324,4.671753648914054,7.803258832884946,14.380818450338293,10.567730113766512,14.091643415015955,152.92241971620612,143.54681105302464,112.20849887976101,28.07637042569081,71.46569081404033,235.20634633366512,0.959721679178429,0.011258688301310979,0.11261781649146493
123839.0,1416.9646388292313,0.7750848993933122,1.4478527607361964,0.8048182905271914,0.9753099059650007,0.7223872781598315,0.7629995981309359,2.4072577197103584,5.448845067288477,7.267619665878,-13.633911422165976,-8.484581528913827,-14.345095343706397,197.43462678891416,134.6830699012431,69.84412641526112,23.3992944787741,164.3944008292687,143.0824753949754,0.9544718500605021,0.018327780407014407,0.17211440025017577
107259.5,1282.4966006278992,0.8194702410582118,1.0106382978723405,0.7506963885778275,0.9704063584259548,0.36927811006190847,0.7927008421619517,3.7919058578870914,4.549117554412588,6.691846665335554,12.312334427049686,9.087591525482571,-14.604613827211148,126.16495686856506,121.92296632965402,107.40012985808366,45.53857712642612,52.409720805120116,764.8164112031029,0.8585844634961269,0.008981512254358004,0.08238525234933382
20907.5,569.8305162191391,0.8091342087409826,0.9649122807017544,0.7410065567960304,0.9709515627176891,0.5629924467851761,0.7879905040478694,3.088347551289699,4.21122547196735,6.166556978740337,-11.359353076623979,-7.716326841396147,12.229971441668175,189.66617827772,124.46786085641365,105.24421022780982,11.667785234899329,116.03970129501843,518.7621168582375,0.8914727947520962,0.010923950510860495,0.09223079998372571
111400.5,1258.7320967912674,0.8835484941154128,0.9918256130790191,0.8339109800281462,0.9922994700040084,0.3842938145392333,0.79469398213053,3.824050598785019,4.719404554233858,6.664261945444077,12.358578981488709,8.57640054368496,13.328155957052807,164.93376146625104,123.57181646852865,68.93486901454997,22.701238846363403,148.12986896989077,126.19133804463146,0.951596788217683,0.01969259871263468,0.18639842608422175
138766.5,1459.4082847833633,0.8187303388916796,1.1564102564102565,0.788939109670817,0.9730113486963198,0.5542506066638938,0.7870210986147632,3.0272744362514987,4.5216469044922425,6.126417265632774,-11.475235355665445,-7.739938709054269,-11.933998375568441,190.8538644743827,153.74803799193674,122.73374797342859,13.227994662764171,92.14595618301554,387.1966905935599,0.9196252799492043,0.015269249294885868,0.1702463296300717
53571.0,881.7787833213806,0.8658054743271972,1.096774193548387,0.7941621204933587,0.9853768899679947,0.4453249888508333,0.7947535954223519,3.5065050026312687,5.321848102026315,7.620540857161754,-14.175712765515886,-9.455493637263123,14.338668412383532,183.46165109727167,128.5169965895611,104.46011269276394,18.985450029655993,116.4084556642942,413.2138005672489,0.9176699458612257,0.01305289141800417,0.15540457573752747
60935.5,949.050858259201,0.8501611803497278,0.9818840579710145,0.8146892881972297,0.9769923281038312,0.22422916762308612,0.7949257365407338,4.592709835170664,5.527082021060508,7.289920424819522,13.989613186767052,9.595506627229206,-13.764272116233686,169.17751662537486,116.23246185943408,68.27591602555744,15.789200026079019,156.61683400704132,154.98480958493798,0.9566448121328199,0.016170225487940688,0.17793931667797924
144321.0,1429.9351966381073,0.8869654055274097,1.0898058252427185,0.7801641187536489,0.9922992828707173,0.4042744844091518,0.7963359346284201,3.7026365279921163,9.06714347629882,10.520306951061814,20.76339384721815,-12.829310686038083,20.343341839568744,191.56780719366878,102.93873030986731,63.42647292197084,8.965860087074716,176.02899270697495,378.28993195389535,0.9007309890069992,0.014829139200785725,0.16525717505564042
120448.0,1332.6559790372849,0.8522624473573099,0.9692307692307692,0.8170397503730837,0.9889972739514566,0.3313106822755114,0.7962661722587854,4.134659154864053,5.847185052082101,7.621295908476645,14.3643185590672,9.690007745719567,-15.056488905208852,210.75986119144014,148.6862596050566,119.4012063124845,11.010947698917624,112.66164587292407,76.29109959854075,0.9836228503936484,0.01985088842401388,0.2390122956939978
113714.5,1279.9524401426315,0.8722441087618497,1.1236263736263736,0.7638202262285392,0.9868737361903026,0.38093650188187633,0.7946493443639407,3.6989887863294366,4.3733282368014885,6.667845318862921,12.224088155320183,8.595991996069984,-12.598326720882614,184.47075967092596,137.64851216523718,71.58254857342902,17.90305443724838,160.32306143882371,156.8304830298667,0.9486798982969884,0.019657202934354016,0.21310808654415436
45647.0,817.9797904491425,0.8573081582984458,0.9718875502008032,0.757525971655216,0.9843443383003041,0.4041181803267746,0.7949208889864279,3.7868108913850254,4.392662868632734,6.6779542409891155,12.288285924001052,8.65380835164676,-12.480475003065356,157.44824887497555,116.98286919280855,83.39303028326704,17.596165134024652,132.71842866149265,544.5206441139046,0.9202414071448438,0.01112606731543416,0.10293561502932141
28381.5,689.5218598842621,0.7501517564524712,1.058139534883721,0.9066413237924866,0.9653078924544666,0.5176319164580344,0.7836427835264491,3.912601348400016,4.277822065825216,5.830583644389413,-10.89941223113103,-8.004826737285631,-11.477876678623467,174.97857740002786,177.87470391528493,168.2903720217361,79.51194788909015,39.78242998467326,182.92283037475346,0.9530691094014849,0.015071397439048385,0.14181745530303155
53484.0,916.7493436336517,0.7997100038198645,1.0669291338582678,0.776999738501322,0.973489502279739,0.522753737629669,0.7914912547604755,3.2467318378934307,4.540589476851694,6.413134759623899,11.90114245421743,8.040723354684953,12.540371722312138,167.07782108389014,147.39730883444693,109.46707498144023,24.676781737193764,93.62080549368969,289.58254963427373,0.9399053952253953,0.011090158153284596,0.10596188369161044
79415.5,1134.1879388093948,0.7757916294564999,1.0776699029126213,0.7717960679125727,0.9572342054035811,0.503729327271241,0.78645482667034,3.3006912030368207,3.965690244046451,5.703791918454181,10.54104674743027,7.364360807576548,11.508004973551976,155.38948540821946,140.32661310507083,82.94319717675326,36.48301797066627,123.9559993993092,199.29143635950635,0.9544776956518699,0.015806914954724482,0.18258158445158962
134170.5,1489.8346948623657,0.7596101070977761,1.1065989847715736,0.7810418898151167,0.9759025628529969,0.5691350173124524,0.7882128714122902,2.9951957637553828,5.1803724709419265,7.109650639056222,-13.453592190731605,-8.85904695980792,-13.365613244732254,187.61642656216367,153.10789487356476,122.35150260144137,14.40499357989505,90.2673212947088,142.94183380235552,0.9685058773127171,0.015532585106005279,0.1659095835549067
89181.5,1240.981881260872,0.7277023130573252,1.0934579439252337,0.7915213320197744,0.9597561369335241,0.40595835610749753,0.7934096861936866,3.850907198608592,4.909331272579792,7.631903299484294,-14.446232832718534,-10.52604281483572,13.921044023287399,175.87213242670828,149.76105227956748,94.0671385575744,20.743384238100546,117.2593244900234,161.1553837175372,0.9625912401589632,0.01703085170740683,0.18282694710103564
15356.0,467.445738196373,0.8831318713635733,1.186046511627907,0.7780311090844606,0.9838544336237827,0.5433498035117963,0.790436813417027,3.094412531312721,4.890827477319323,6.992018163597512,13.004775484389315,8.632712308865976,13.209860043556334,182.3620645327163,102.01818999871449,43.244890088700345,12.636778506234734,199.82022110811158,260.14378442171517,0.9053637998886673,0.013356962799792128,0.09369607017857383
69093.0,1014.4894570112228,0.8436238283989453,0.9900990099009901,0.7600990099009901,0.9828656780113091,0.42093251768056283,0.7952007452015599,3.6100625954321854,4.912794935902713,7.264890586686394,-14.193195480080629,-9.694780268152483,13.35832975362594,158.30455918308644,94.91771897022868,72.54761973248958,8.54900043146843,142.84993527973538,375.33336719589,0.9080555922946293,0.010541933019910051,0.08476227387552965
99986.0,1215.1168739795685,0.8509674627212274,1.0056657223796035,0.7978773490803176,0.9806779395033152,0.30365687948177456,0.7961827794527961,4.549370151366819,4.900359791490275,7.28646065704797,-13.421974848754104,-9.589388046005975,-13.75679846095674,140.74117588539593,123.46684241941902,93.3774273776363,42.32699960206924,102.24928372463192,367.1369744040251,0.9395870836498574,0.015100177238242807,0.2081953772814532
50272.0,850.1219255924225,0.8741251038816746,1.016,0.7916850393700787,0.9894115331627632,0.2573050961435877,0.7972344001040124,4.914870625647223,4.970046734998455,7.999581335161892,14.48448901926534,10.462973255539533,-16.16706772479155,195.05948102215729,166.99664283739486,78.2661834985584,27.728227813104784,146.65569335281805,229.4299404761905,0.9555464406138929,0.01808851975149436,0.166504037436432
36215.5,801.1686092615128,0.7090167578712201,1.0044052863436124,0.6997352963907566,0.9437017927871586,0.7116970187415814,0.7602699025113161,2.4789331875159744,3.6850736669200015,4.610050730216985,8.829967256477287,5.978118751328761,9.031431390697456,132.08480091883615,134.0720848829578,124.42181688908336,69.9472763071538,116.70993765040473,226.1456875172224,0.9513200791425364,0.012468839869326034,0.11807358392789213
49496.0,847.0924887657166,0.8667988078910552,0.96875,0.7796118951612904,0.9818491995794568,0.3480924162903739,0.7960594846855535,3.959351353530517,4.937734607504642,7.3725591129929295,-13.73699703461213,10.215214590847445,-13.632012480566889,141.93130490593285,141.95517269044086,136.3078543062297,75.69549520638614,56.28567130651049,256.9982628368278,0.9407631832343699,0.01166992564427963,0.10150793844882358
43932.5,1232.780866742134,0.36326538037658673,0.9077380952380952,0.4286934035909446,0.7202108214001754,0.687308303016286,0.7131635932167182,2.5607171368352235,2.771386596510449,3.567271842715206,6.765477890962043,4.850857386108464,-7.188981905279959,156.44371710082333,126.59801142754309,76.09731407747334,22.78078463130427,134.7211724479237,187.5896787423103,0.9697393704057856,0.012412065297339995,0.13792580188138118
63661.0,974.5483323335648,0.8423189184737905,1.0683453237410072,0.7710316595208682,0.976852668809796,0.4328446491525326,0.7943705402838197,3.62522057470505,4.404033749702375,7.27976228348742,13.282246346351354,9.229879990582436,-13.26255070395271,190.67487477178034,120.26685704477006,69.7395253031225,12.11875224318462,168.44264469516096,531.2544074283205,0.9119166516206121,0.010446894019911068,0.0992034125306777
68831.5,1016.8742336034775,0.8364935798141658,1.0968858131487889,0.7513289598637748,0.9752612376465587,0.3697523360558092,0.7934560951345012,3.959543406061076,4.017871306703445,6.349381267471615,12.05657895381861,9.32177410076649,-11.553418474068856,159.84226254926588,146.37203863311535,113.22930111019679,24.849928537398764,84.43883811916209,296.4182219255217,0.9475329461366192,0.010459287121101593,0.09863959986284457
59977.0,927.4356355667114,0.8762480100964587,0.9134948096885813,0.7861093635315088,0.9901442863274672,0.509997601385912,0.7931419221054757,3.433983616826538,4.224557405527807,6.7548698358154,12.296116811273013,8.527714800569536,12.582173744114364,176.94349122225904,118.18895329579331,79.3220271613117,21.603925140775093,148.5728386883074,437.35950150552037,0.8854668141587909,0.015487682504899593,0.17588989318105586
30173.0,723.6223645210266,0.7241097497890531,1.0726256983240223,0.8779387802607076,0.9681694208246431,0.6611243409350467,0.7833551956877141,4.333899180676563,3.775756693973007,5.880876630499039,-10.766344224752178,8.14094455660592,-11.02700788845208,193.99728029359724,101.28635559342028,83.92162002752474,20.684350219542566,155.5125172029622,353.8984785064115,0.9469827300926916,0.01421599564153616,0.17255461338128197
175915.0,1952.2337472438812,0.5800281947700665,1.5788177339901477,0.6759565949140429,0.8986075069982223,0.8797005058947227,0.6629504614067232,1.7562673292546371,4.000320696082146,4.90355640965145,9.432814039212147,5.847465460610635,-9.617242421469951,192.41681424441137,98.6489648812117,63.805446326021396,8.080965017002088,178.63469557493082,161.66267757699742,0.9669947369039448,0.01368629662418035,0.16810505683189703
50619.5,895.8792856931686,0.7925537495784909,0.9961685823754789,0.745940170940171,0.9702798543224075,0.4603308245755941,0.7929113144072824,3.422539903593132,4.7278381694260885,6.758094234501714,-13.477469014352451,-8.801036340651752,12.503494708770678,153.95965417867436,130.17306749789253,95.94940108608284,20.091630888666707,106.7614342566998,569.831130952381,0.8874573827989828,0.009243987784159559,0.073991804271144
31577.0,740.3086556196213,0.72402752496262,1.2528735632183907,0.8324633554782241,0.9685453569511541,0.6133712988890565,0.7624192779579426,2.635579290053377,3.326287382139117,4.952400258714751,9.640113218556976,6.4776005026627805,9.109857633777185,199.66885882500316,187.49176374796446,172.96010271827635,20.414912939997496,35.986847049981215,145.43877356693963,0.928008918970083,0.03365455692325013,0.29217606756420483
32146.0,689.1858530044556,0.850479982647042,1.2142857142857142,0.7992143603003331,0.9830430727358909,0.5797377563366839,0.7878105108442592,2.984083923448357,4.498484614788268,6.795088165452355,12.524728970758279,8.375285776222242,-12.691205444718133,197.73292040306924,166.09457335675324,139.03636251579303,14.177190225262702,85.29922036300884,287.95754189944137,0.9420993705651683,0.015129565944248285,0.14601728052415114
109710.0,1351.6854141950607,0.7545791905264825,1.0635359116022098,0.7871851905001076,0.9700822770539421,0.2828553662865582,0.7926182759184177,4.175781582127183,4.138576414606194,6.555208060485372,11.963486056438505,8.661497727753627,12.206413950781727,181.89291412822746,133.9545982013345,88.18520633884538,40.201724325500436,128.79355236437482,142.76461434863324,0.966762760239415,0.01412941989600109,0.15250624580107877
148404.5,1468.5798572301865,0.8646927141531927,1.113022113022113,0.8049232254530267,0.9894556825303695,0.40362235396031276,0.7949083526850648,3.5827148085170744,4.763432687523828,7.093895068553035,-13.02680454496284,-8.88618912259855,13.879085990899307,188.78751484490846,128.33074791500326,41.82311578693111,17.275870398078382,199.85428841728117,322.69518202005247,0.9153232307499651,0.017487915897270962,0.18374177353595847
137927.5,1466.9230041503906,0.8054639176753216,1.1505102040816326,0.7801682202814607,0.9767268117891994,0.5787524848000318,0.786691993889308,2.981539611000361,4.57154228345544,6.185708080766823,-11.59292297632534,-7.745180727372002,-12.018743559836919,191.34726913195345,154.38669495684306,123.16033024450796,13.341741000548483,91.71501255737421,140.97393704895225,0.9686023375251324,0.01571213242038999,0.17081907813595787
66483.0,963.1757497787476,0.9005532401915083,1.013840830449827,0.7851364597234196,0.9945547294568193,0.21935873397027889,0.7975012888025113,4.838734469072458,4.842392900785305,9.005196743120093,-15.942746598626654,-11.484374908789984,16.534979109538465,151.20379394881607,107.94208921310691,64.54873236067927,16.48436378856733,161.69093817268597,214.68500588182064,0.9587829190576903,0.013458725476400786,0.13835238102449032
68476.5,1002.5310890674591,0.856161550171415,1.0771929824561404,0.7826332933310475,0.9833703121297632,0.3430517174882867,0.7942660856974414,4.006041690712349,4.225529261637628,7.702454458338086,-14.146289933916668,-9.71843689805357,13.691684671732665,166.89896087309882,155.59699001509347,119.27153721119238,24.739274933240452,77.43985835365146,153.39636161562984,0.9456151502273997,0.015399445334135373,0.1465621600004119
111168.5,1310.3300771713257,0.8136360636019028,1.1030640668523677,0.7819736360822712,0.9783720275289106,0.23828864941760508,0.7937576646900182,4.156227689532193,4.00106222656451,6.487031927401228,-12.3559478665145,-9.618230301465548,-11.743654687479546,169.0068816165087,107.850340501311,62.91543397138178,15.734811672796585,166.2904865455001,164.96193199187212,0.9669000186879771,0.014183733297628755,0.15802328587969022
30086.0,662.7249604463577,0.8608107053902907,1.077720207253886,0.7494519728975687,0.9813105450275612,0.5866979578237631,0.7875007284018658,2.9418729176312115,4.994656965247618,6.917974765787649,-12.911577443557174,-8.428041095507668,-13.275266857891912,175.45631771330721,146.96762933447494,130.51931372871869,20.29736226825172,74.48980801527975,298.59501029831904,0.9403911079473575,0.014298471621572719,0.12779099364734792
20336.0,539.7888844013214,0.877056402036232,1.0584415584415585,0.8101346506254482,0.9887443782666828,0.3813493465930718,0.7949135479226185,3.872382829500691,4.541492908104488,6.6482895231694545,12.337502667173016,9.032158760643538,-12.469708098083288,209.23441069258809,129.73171324422844,41.90274605103281,15.656087484811666,206.97171324422843,116.1546833448242,0.9517391110035361,0.017287285074813752,0.14715510931257836
58322.0,925.9797915220261,0.8547502864130507,1.0570342205323193,0.7976858057280412,0.9857183903189278,0.23343688319378023,0.79586338941608,4.301526637189524,4.891614652345781,8.225957012877094,-14.788760408737797,-10.385444898526206,-15.653144326471937,173.07642010625256,106.1044987058984,63.951658493393275,10.962368887072607,169.78049652635883,728.1735365728199,0.872407832711462,0.009013066445875,0.07454170276901775
126844.0,1637.1656460762024,0.5946953560476436,1.1700507614213198,0.6983494279705341,0.8965634232884264,0.62629750130223,0.7622203966379707,2.7233616375537135,3.6297207189473073,4.829611363252216,-10.772769339443904,-6.7043219716343145,-9.059358659652,159.81080233606394,136.8750597734488,103.68586994865362,37.145470936385365,108.37050131305608,167.79910615931766,0.9794965881800082,0.0184719293715899,0.19495230221879736
8018.5,342.1492749452591,0.8607395317224069,1.0816326530612246,0.7719002695417789,0.9758427649993915,0.5084464840719066,0.7909388872239044,3.2929556017772246,4.507063876385671,6.605711924193241,12.210790817305844,8.576543099166097,12.510643437641596,141.7220861900098,89.5535014691479,58.6669931439765,11.103574926542606,159.8708374142997,277.32659176029966,0.9334843808695956,0.013530169538509981,0.09386800624880638
53465.5,955.276252746582,0.736250382085271,1.1356589147286822,0.707271741143477,0.9415924060441689,0.4781443917219644,0.7812892836131583,3.5899506750924175,3.4696192214048858,5.111026670599147,9.599973285928293,6.971224964378752,9.512505188674599,159.16309674066375,145.93614967703616,119.634456901032,23.660405375306258,77.71096592174624,380.5170547842962,0.9456725206164638,0.010625459711077666,0.11143919447006106
69108.0,1016.5727180242538,0.8403520968423853,1.0336700336700337,0.7579376830191162,0.9781187193930988,0.3304658758773347,0.7943274067177156,4.270523910467519,4.182649387812042,7.892433073022348,-14.29595896386587,-10.061442413471301,-13.9744931057479,165.02355512733862,153.86703864018753,117.7351558118466,24.802901968679446,78.06347517220553,151.61855281107597,0.9471572671327328,0.015380876221459372,0.1472232556186277
114306.0,1286.798112988472,0.8674771834199653,1.0599455040871935,0.8006696412936125,0.9884855691276618,0.3019912402041632,0.7971725358351858,4.1882476856410245,5.988047859075757,8.405108482623124,16.07499026644389,-10.79946951087224,-15.627744873912258,151.04596780512435,143.04068324873978,130.625344976189,67.7364947807388,67.67896537614375,534.4904482643584,0.8959046354136769,0.011358246195201174,0.12342664740858621
34263.0,724.2396751642227,0.8208628953547608,1.0576923076923077,0.7487543706293707,0.9733806818181818,0.4706495678467107,0.7894442510559545,3.4298236763329024,3.810166568509506,6.530041376305921,-12.170440053154454,8.96763787118969,11.72659021840622,203.11201411383618,171.39368347987045,144.9595094863489,13.871934289680704,81.78939148542342,190.62264982373677,0.9595143109490588,0.018605918987650273,0.17096010888548668
69258.0,988.1463100910187,0.8913274950827529,1.0620689655172413,0.7753918495297806,0.9928892966711587,0.3744968761257432,0.796857028790646,3.8376523442591726,6.0186176550042285,8.860579988913827,-16.306818845673238,-10.78368662956688,17.06078234830959,191.9460111077625,108.76082432800906,49.12413713924886,12.216658773553766,192.03556206139407,150.76972977679736,0.9434896300848956,0.01553433373599184,0.14291981476508808
78814.0,1078.087436556816,0.8521288388250541,1.118811881188119,0.7672926584693868,0.9855384172913761,0.4400312775564686,0.795028578435294,3.4903253523328934,6.0641470334874805,8.279506794933798,-15.474083892791596,-10.084201786695445,-15.9524942019013,161.31553918538793,128.00080729593702,87.2329679478285,17.415189777615197,131.66367294423353,392.0503812913065,0.9352751923528531,0.009692577008052403,0.09078885348767808
51630.5,866.3645665645599,0.8644001455395863,1.0595238095238095,0.7673518221271031,0.9844882160018306,0.3839401888190018,0.7958774928480647,3.7472122764012408,4.7813232671156864,7.4344910745413415,13.557482128478167,9.327699185121888,14.129017109703804,202.74930774555804,131.99498115529573,64.66331436043382,15.847588647027152,170.74765402661333,138.56745111677876,0.9221173056284595,0.02352772843251108,0.20761908659185463
48043.5,825.6194005012512,0.8856960820160457,0.9844357976653697,0.738892050260685,0.9896082227898163,0.21314113728822157,0.7968231950230095,4.523621617405245,5.067830861505699,8.11181096111157,-14.861067668487454,-11.783433055176221,14.843578138449846,175.22198801405247,108.42225666460011,66.35842116139698,11.051808224839842,167.32649307708203,438.5345607641071,0.921356947921646,0.009459024273740822,0.07847588641149465
106307.0,1566.5138438940048,0.5443813671712318,0.9656862745098039,0.6613105902259381,0.8877263010221124,0.7261156846896981,0.7154869144152332,2.2254831079739175,2.9435467648974356,4.038192591892028,7.804929089961806,6.141891500475256,7.600611913058387,198.9953274521531,103.03396007775119,64.26716694078947,8.848730936004785,179.6936677631579,152.67992157745635,0.9667789957508891,0.014881264814876914,0.17830014492185026
53609.5,883.8792860507965,0.8623145385082368,1.0923694779116466,0.7915411646586346,0.9856680578793506,0.45558375968665726,0.794854906115811,3.5218309375993093,5.383277226171005,7.685722950628903,-14.290383771700217,-9.503066813858693,14.499689780687628,183.8559442890745,128.5875391254422,104.41284981386475,19.06865704813587,117.25082881114218,180.804802955665,0.9631254675839859,0.01311064691464831,0.15752167178204798
79144.0,1068.6315902471542,0.8709071244546289,1.0816993464052287,0.7813913077819244,0.9896835023571634,0.43732245448956414,0.7955415239869708,3.553749627878168,5.940254597490062,8.363654945376537,15.541539118680125,10.184456561123422,15.989926332686357,162.46645981458684,129.0017837851418,88.24097429841972,17.39198050398211,130.46216365600583,318.3655763357815,0.9462245154207756,0.01018924622708724,0.09621866733550005
39116.0,1230.004175066948,0.32490106153463477,0.8179012345679012,0.4555788492895411,0.6839896481779394,0.7122585370999542,0.7067934811177439,2.393993852856339,2.866127985515548,3.642500821816833,6.914583725034254,4.857818491521469,7.449190677697435,155.25603852554082,121.40998941051889,66.14729463970552,21.435076395542335,145.0059250668146,219.72262829298012,0.9609106639391094,0.012786192280367674,0.145380527173953
20455.5,542.5168076753616,0.8733605452352422,1.0649350649350648,0.8099263541336712,0.987973628921249,0.3804899257950741,0.7950343883310268,3.884539513745289,4.496721138392576,6.679873990566672,12.345440560982189,8.977151785621427,-12.530036127808273,212.5111143326568,133.26466608678842,45.92152314680584,15.652266357398279,203.11539576688895,120.0899241603467,0.9526438767387955,0.017942775012861418,0.1500633173765364
56379.0,902.2640607357025,0.8702818273847589,1.0772200772200773,0.780213393116619,0.9857847251363827,0.35009258671185944,0.7957396900258076,3.860318876182218,4.894518847779147,7.212253190114586,13.37432191854526,9.157653649784889,13.468015707706712,161.72560728566648,127.70161531821945,64.27786291814195,22.50391939262626,153.23706600433337,118.5410771903698,0.9698052277674362,0.016365711351426695,0.18687390861951708
33890.0,745.3523734807968,0.7665811843519301,1.0601851851851851,0.6851447517386382,0.9551590992362109,0.6552396584904472,0.776810838560492,2.7471555245316397,3.9325250719129214,5.150166389394503,9.692443733680618,6.531611366271994,10.875737000653809,145.96813703996025,103.63325440673508,64.00695723347657,16.259960829021605,152.07538951737848,148.86828819196958,0.9653563799467795,0.014943850326256941,0.15242592874796626
52804.5,928.4234417676926,0.7698189611696676,1.0194552529182879,0.7842174829952179,0.9594712455710003,0.33535247945911323,0.7880617272216951,4.096516081482987,3.9274201888173272,6.08887183645478,11.576815154388626,8.141424287789356,-11.122261910958356,155.1322960123276,124.89348667643854,102.97600255571842,21.8856879768482,98.12774833690384,759.5424530093032,0.8999401559355457,0.009765190378392777,0.10361725120290216
36631.5,735.2518727779388,0.8515149709497485,1.0045045045045045,0.739940613258999,0.9818013695876496,0.30585862371387407,0.7947605968185476,4.627364233124213,4.178079431669558,7.5501346814917305,13.50580042204433,-11.116727660264036,-13.645942297289091,171.7878951927241,133.19045041143352,106.75933845820701,14.063772195755737,102.78518839324383,233.66873909249563,0.9458422762703419,0.012335490498406624,0.119520937519595
49600.0,944.2640596628189,0.6990441739545725,0.6815286624203821,0.73813917495089,0.9569931891412143,0.7469186129807462,0.7557454624392015,2.3214981925449343,3.734569783223375,5.177561599466062,-10.025165396025482,-6.563920724291528,-9.672728751167638,113.08830057387375,119.79172582031954,99.45997880466298,43.36655935694147,62.6114854731959,430.7942067628166,0.9301368857662936,0.00943655159808502,0.07806760265219298
69144.0,1048.9158619642258,0.7897380409417577,0.94,0.8173049645390071,0.9724894514767932,0.34810116507410666,0.7940431853101056,4.063613991778223,4.430764045029055,6.401143500349148,-12.213655923573981,-8.540929743803336,11.855221745067135,177.79658581446145,149.1185337395103,122.625,16.19066846763996,86.06407345671917,190.57249005892083,0.9657920658985518,0.014320876335982903,0.1596490837262257
61113.0,978.8914767503738,0.8014461986030256,1.0541516245487366,0.7555635230700757,0.9740442928524182,0.2988288913776786,0.7951508785626094,4.463313818878739,4.9478325531177525,7.277056768415528,13.440991746989774,9.676396183613061,13.727252469932498,169.45024212681597,127.59205694042706,109.33837628782216,10.130537229029217,109.15440865806494,1590.9155674546164,0.8021782913193158,0.007379771881136431,0.057485077342478326
159781.0,1594.6660842895508,0.7895788081592034,1.12,0.8916350446428571,0.9736421165523608,0.6476655620855885,0.7804024702014803,2.955503182881384,4.796465665698536,7.039928260792624,13.303406586891898,8.552441165145748,13.007643979601959,199.68608859789563,148.065703980115,74.42985740361195,29.871245865078524,170.04768164063717,106.35140350877194,0.9820713980993206,0.041796476754536745,0.2758094571855986
84536.5,1121.3595131635666,0.8448203830140408,1.0595611285266457,0.7840375804566786,0.984694323271268,0.40724020523059795,0.7945558718879923,3.621035910087324,4.3509558328886975,6.8012931132235455,12.863427253990361,9.017435884675418,12.401907947607482,170.18403255589664,115.7656634087247,75.56527057384473,17.27100902108841,136.86064947131953,202.6644152150729,0.9504147461124434,0.017444034464654055,0.1746808755620926
104700.5,1464.0945768356323,0.6137907734065838,1.4497041420118344,0.6321730467334863,0.9082238539909178,0.8988942190456772,0.652486496931227,1.6799236975909708,3.9777254926602756,4.681869517270397,9.011729440159499,5.5356329350565305,10.782420729046475,164.59426976532242,134.83586807928913,93.58074162679426,22.089969241285033,118.57365003417635,268.94529488208536,0.952736509770817,0.011733706204190023,0.15351305312278118
20898.0,557.5289990901947,0.8448501116598744,1.09375,0.7463571428571428,0.9796779410730609,0.3393387407075602,0.7961753473794835,4.085869756461484,5.309183803312265,7.5575125535221686,14.013813132710427,9.626115095679445,-14.490198954378066,188.6460876147223,145.61254612546125,115.8694294635254,16.996735736588136,100.08264736493518,137.75416666666666,0.9686534536049453,0.018868151517934476,0.20417583971226938
76046.5,1051.986930847168,0.8635120566999356,1.0126182965299684,0.7473343357213754,0.9841149675181821,0.062471009826460096,0.7976295162060902,6.916425584756931,5.808856551717463,9.253430744920438,-17.12343605016692,13.097768145072664,16.83576847620455,164.91402052421728,96.18084842146546,68.19313680632722,8.591371985097066,157.3235374861102,422.19797101449285,0.9146236420781061,0.009961397925821621,0.08837075275270276
30828.5,823.9381612539291,0.5706542054760813,0.8408163265306122,0.6108282147810581,0.8905595516653667,0.7527400478813974,0.7396211120125739,2.284359764245039,3.595255009922411,4.618067139094423,-8.86806112169442,-5.896411300452943,8.88267099643703,189.28630519126557,174.0703498252477,183.62830666623913,104.4246641228717,59.28095039599833,357.02386363636367,0.9281435102674948,0.01544840541567304,0.12912961919108124
69045.5,1090.9331104755402,0.7290360376639372,1.3384615384615384,0.7631023430592396,0.9427293828509011,0.6517280967729522,0.7554531217027701,2.393971914663985,3.621744052246022,4.611046695107435,8.733915666925427,5.835089595708041,9.49347511624228,212.97374969434574,155.09841347467744,70.86640392388131,19.79349280094357,174.0735583907484,70.61120947377587,0.9809291395082005,0.02071094847107407,0.23936144271753015
12090.5,419.4041078090668,0.863751402987396,1.0909090909090908,0.7569809666917104,0.9793843661401377,0.3881174163057889,0.7956525873099562,3.767901030601563,4.631984936137421,7.421236664879642,-14.606674881607477,-10.570208374602847,-13.44889494732862,134.78878748370275,140.89529009126466,135.46056062581485,80.46096805736636,85.25985984354628,214.75846538782318,0.9340436800625563,0.015096258848955756,0.11943879717159878
47916.5,830.9675989151001,0.8720206548960229,0.9877551020408163,0.8081716984314387,0.9879385173654424,0.23677980004075053,0.796605712836413,4.425736120964374,4.978689627329402,7.906233356850983,-14.928265209927732,10.668396312753949,14.364294685318114,173.69689940142086,106.57836415981443,64.35850541620927,11.03895942503262,168.7953232120296,397.2639604541075,0.9234507715820844,0.009871484545870722,0.08462310907203613
15010.0,469.44573843479156,0.8558935516142714,1.1044776119402986,0.7568576038725292,0.979828970559436,0.41833945944417666,0.7945958021125399,3.577556040206317,4.940155268050463,7.470366203281296,-13.99467341166112,10.149916519142128,-13.732408349942462,203.7849207914284,125.00236639716033,44.45750345099586,14.845724051797804,204.8148294222047,150.4544848727176,0.9613391925568013,0.016111592188715624,0.13462496067240745
128390.5,1390.0701923370361,0.8349669640409549,1.1726027397260275,0.8218569965433363,0.9844274141916786,0.4974608560874337,0.7912947944654078,3.2205262083840096,4.483261704807467,6.747368152611418,-12.365135309776916,-8.384210137613055,13.337504735626167,179.1789753567802,128.74535856311192,50.287920248680244,24.74835853985628,186.39988062108046,101.53078072236659,0.9729774715947536,0.01778401363910897,0.20862119886099117
25378.5,643.2863585948944,0.7706676508245982,0.7268518518518519,0.7483634111818825,0.9677031896436674,0.7213803421443126,0.7682224410161995,2.4587208656037487,4.555682070975451,6.089309506014402,-12.828972951635095,-8.446075966985806,11.41212352163024,169.14055802353676,135.82234432234432,117.8364507832593,14.371794871794872,84.30897825578677,501.7620676100629,0.8753743793545157,0.011268153367314593,0.08669081366628198
83502.5,1107.9869323968887,0.854751881476415,1.0153374233128833,0.7738448279057698,0.9790880097554112,0.17477607666513906,0.7961292274328167,6.246177435099045,4.93752154376798,7.185789189606178,-13.320869443916576,10.324127476884682,13.518579019083454,148.61072410959883,126.43370366401123,101.99742792841067,45.39105014348825,102.77386013169959,101.48411668589004,0.9854485606898894,0.015310028702131441,0.20665218356831266
115461.5,1329.4671595096588,0.8209029787661969,1.113821138211382,0.7613230998490034,0.9741243667134909,0.44492423379289403,0.7920849566134079,3.625678444634107,4.051955293915689,6.142224220099239,11.445257206021374,8.167207993740616,-11.345710913776694,154.46660001896015,120.67870347228806,95.99617350236572,15.688579972938735,106.88749752225661,366.52895193475615,0.9350076657762546,0.010136104648857813,0.10305083474808695
92661.5,1174.7564849853516,0.8437494214086727,1.0259365994236311,0.7501011883560534,0.9815213016121856,0.3974735806755584,0.7933316500062209,3.8838617682000725,4.05272267673633,6.342443809980786,12.880952395509315,-9.24089335384361,-11.540479279601012,161.16889208509542,135.70374385505443,100.05702724169763,25.35724405899148,109.01242942704421,223.79564279551334,0.9583865485762764,0.011893019048792662,0.12510743141354824
34417.0,729.6122612953186,0.8124537138768486,1.2880434782608696,0.7892359200146762,0.9775335151102023,0.6282911184314367,0.7829053370871157,2.7945318622460302,4.606649929608847,6.5039553661592535,12.05935272589965,7.901231024557753,13.739480351650013,170.23957853523723,137.80472708429295,112.47956011054814,23.49916513127591,100.13401082450484,209.95367625690207,0.9660045198798056,0.013353114941057873,0.14450663063991653
65089.0,955.5188932418823,0.8958574423472064,1.0355871886120998,0.795991243839503,0.9931414359498615,0.23743929672918176,0.7975542770850051,4.598035706251509,5.367155469101543,9.564234259241887,17.168907293304056,11.872340423942521,-17.19262845201269,147.83141727354618,104.64942976228645,61.18675094276249,16.5498709903968,164.79549306096277,225.47088158097884,0.9548484246574748,0.013403422536694354,0.1310561103281845
32687.0,693.6122584342957,0.8537906748963113,1.1570680628272252,0.774371609296155,0.983688946402239,0.5456442899479395,0.7914772098996887,3.1540974347942607,5.21193243745886,7.674984745769466,14.345530570391603,9.414632510717354,-14.212461306418412,154.82751303504304,114.38668606766096,61.75533527343276,15.194737480295865,145.02218988723172,214.90819521178636,0.9589028475522905,0.012468756185625884,0.12330833733957394
70648.0,1017.8031668663025,0.8570026012034744,1.020066889632107,0.7746915949339328,0.9824912734504291,0.26521521612023985,0.7954995196544871,4.698228063331638,4.2612501396451385,7.195093329279354,-12.958361108359059,-9.691663913824396,13.336324861160751,150.12617289160863,134.1126538650911,71.34434831539706,38.71258352676373,134.8045438559471,206.91696694566605,0.9485628834373683,0.015708538828233396,0.1806794375214947
75484.5,1107.501648068428,0.7733549762003509,1.1,0.762469696969697,0.9746223369916075,0.4942852190012265,0.7884030345332425,3.1746984295986302,3.9679979531626666,5.977803434556317,-11.516625014714243,-7.753971351722024,10.96735579894662,193.36540638740422,117.80015007503752,73.69966562228483,12.884376398725678,159.7911324083094,179.44131386861312,0.9587136418392636,0.015142164486053905,0.16666745926274806
115527.0,1310.6559776067734,0.8451152423635911,0.9075,0.7956404958677686,0.9864996413566964,0.49957779495693433,0.7928419771445897,3.2671617369381636,5.275939657273676,7.371147522792257,-15.641042840612553,-9.356313247658901,13.694718914993135,207.44769074402657,127.98515047632172,67.30937656118107,12.883469138141914,176.24919464590258,74.61623286482735,0.9790702708184779,0.022558104415735962,0.24718114568646687
69192.5,1018.4478286504745,0.8382842629503607,1.15,0.7674412156166814,0.9837772896272757,0.5079493443455478,0.7927215681606437,3.25253590287569,4.958644895739673,7.1204969524466515,13.161712973165011,8.755100642195655,-14.22117135765237,164.2874272994902,116.84180369067279,96.52272564084153,10.037509872908737,114.92644503482444,721.647490784547,0.8689865235573176,0.009131855288283319,0.07473190939419373
114867.5,1282.2123273611069,0.8779850829236704,0.9869109947643979,0.7976134264724263,0.9905231252128848,0.34578647501189297,0.7966622351239843,4.278608227923899,4.948021183589428,7.885691458250832,14.394806362489494,10.20221389341421,-14.5329200552269,162.91750272911577,140.4521928228587,91.80399750480844,23.6393928367209,110.39962052295056,97.75407132010264,0.9624586068158346,0.019104879137938045,0.18951348278487795
78466.0,1066.1463131904602,0.8674765809765552,0.9621451104100947,0.8115633241971351,0.9868385473982079,0.34286022788455844,0.7962665769457208,4.149327490026576,5.177406279777231,7.30752839693904,-13.570188093114634,-9.451808585507072,-14.075797324563124,176.60539985809854,141.07229373606324,117.48268041759579,31.20860784512467,83.97654824650314,166.40954941116235,0.9515523634501899,0.015821698672447308,0.18666238368345
107329.5,1252.4722139835358,0.8597907540071743,1.126843657817109,0.8288120279849882,0.985927072472821,0.4351630615035483,0.7908923770039858,3.4786267340814105,4.091825369601168,6.746306279498439,12.520849728423483,-8.574372773390959,-12.212354443508781,196.00757344012163,131.49695486526323,77.20386180557487,14.782632071711301,162.23182884210723,292.108338927426,0.9410145305195715,0.013940717239755445,0.15545062985977987
32401.5,689.7716399431229,0.8557842932667309,1.2197802197802199,0.801937926937927,0.9829061125436068,0.5683692692101259,0.7874469618872293,2.991019361792779,4.404861440198325,6.836023184703269,12.49328656287188,8.343438215365936,12.859944921047074,196.61986730669275,164.98263368697832,138.02751704528083,14.085272265875806,85.30782401320818,508.32029795158286,0.8998917708877159,0.014971399196373435,0.14431006698000043
35690.0,729.553384065628,0.842640365181162,1.0276497695852536,0.7375338389369924,0.9784247608081805,0.37101365149978227,0.7946088151386714,3.8572417728636235,4.649812790827415,8.17332336789233,-14.615327728090458,-10.104483433774007,15.02661322994767,167.7646650372181,123.45667148094657,92.0694922786357,14.698894567270305,118.54616153760693,616.0627321850726,0.8578779619411508,0.011086203012581643,0.10314108740127738
176870.5,1612.4032355546951,0.8549051742612688,1.0625,0.8294122336434574,0.9774848088778604,0.24980290635828228,0.7944167592312712,4.806354099466645,4.7347828951108095,6.617072664602937,-12.301256747195074,9.089725867144715,13.007099869403511,181.99244779347165,137.03090716586695,75.79738573134193,21.307100538397425,159.7178538442477,169.38033593484903,0.9641430672792871,0.015171280846813686,0.191597406005576
47464.0,872.0975383520126,0.7842311309331388,1.076271186440678,0.7918056853062858,0.9716473213371819,0.4252950043927418,0.7951281246111617,3.6805720390330086,5.139389147438853,7.661599383696859,-14.074600505918717,-9.52758760905751,14.688120135634811,147.78001379223875,144.2754895199883,132.69021795916663,60.5591289992268,51.71316322905565,341.45457235868594,0.9312335917040708,0.010472987829374168,0.09120908571631607
152817.5,1471.3494106531143,0.8870565669772545,1.0465116279069768,0.7897545219638243,0.9924664317838645,0.40653517619655405,0.7962084485290923,3.7019593574641836,5.951015682393918,8.858333832221865,-16.44758512492435,-10.869596564988669,-16.384087549853724,197.97137178233953,105.1200651678071,62.39276637341153,9.236604757249918,180.76714890843922,164.00708243163484,0.9566378432338036,0.014812758001708542,0.1678701207948355
28336.0,659.2691143751144,0.8192622565013006,1.0572916666666667,0.7270114942528736,0.9743483941957224,0.4034496073301926,0.7936487711205098,3.7436498316156213,4.884802475236671,6.5940988967100225,-12.419623031249603,-8.474796270205013,12.576109134675205,139.32866277647716,123.57825221007025,106.67228065271324,29.19329815856599,71.905971557357,325.9273739081431,0.9437479450052259,0.01094900388226651,0.10155976002776201
134980.5,1397.8935668468475,0.8680259005741328,1.06,0.7958755896226415,0.9875586219006299,0.3263918960007313,0.7965318933444183,4.049508761634012,5.731845183250332,8.23331151381702,15.219187749854864,-10.263138382582651,16.126795958437253,183.85359935093672,104.84617200177017,67.76441215518513,11.473358902492993,166.61318778580912,170.28138698021564,0.9683548355319324,0.013501376744870782,0.16252556422440967
25579.5,626.8843386173248,0.8179505994994845,1.1420454545454546,0.7230749660786974,0.9720316923486159,0.5679326761589676,0.783533371651629,2.9033572788173942,4.4903020697122615,6.384726230049271,-12.397168617984285,-8.016448277760611,11.838189980783163,204.27776703160666,134.79558203412125,68.35904677163526,20.50439088552749,174.15613756818448,128.63502358490567,0.9690601022398109,0.01638967117876524,0.15798195515172114
134405.5,1451.8691811561584,0.8012571753562103,1.195054945054945,0.8488411014273083,0.9851825518409113,0.5697788344893044,0.7871975063315756,3.05947608119158,4.447705947145235,6.054015293144812,-11.431083521965746,-7.6591756389045464,-11.48276629721398,189.1840807440538,151.95617724593467,120.16025147359379,13.474504605906223,94.55202008234353,148.94182635755868,0.9679261619804878,0.015471505877095618,0.17170501251225248
35863.5,712.1980456113815,0.8885072583389729,0.9629629629629629,0.7982438568376068,0.9917317663325268,0.48541869530971277,0.7953776744316474,3.678703330028522,4.744606912111647,7.9250862506865705,-14.259953390925459,-9.817763090957246,16.27182096825723,208.622297782938,129.69232045115277,57.628960026538394,16.241029468679162,185.56891690164204,106.64380395433027,0.9462018943998196,0.028669100709589855,0.3124303349065284
137959.0,1524.4793523550034,0.7459621782970935,1.163265306122449,0.7717899659863946,0.9667188709852602,0.5788378920145277,0.784132538598507,2.9722382799697606,4.3960329562446345,5.848356807274015,-10.974127607101927,-7.397355069643033,-11.86402057241595,189.94580946747269,152.67973337565465,121.25399287270419,13.317554212174112,94.51441329659073,153.49042836854767,0.9685082729564999,0.015387815071729052,0.1740329950981056
172143.5,1662.6286318302155,0.7825461920948524,1.0736607142857142,0.7988542285417285,0.9530858114131007,0.4237835821813416,0.7875428627125455,3.54147453906911,4.273156564039568,5.6109465274773065,-10.703660381621333,-7.441440145011972,10.703365860380424,183.05706004524077,137.14784238630514,77.99035596720914,21.066281753860217,157.68258578098153,145.00455735987427,0.9698128515329064,0.01587787729130671,0.20555109586729176
46924.0,831.2935024499893,0.853288943252789,1.2079646017699115,0.7605432915167428,0.9867726536706412,0.6259599872400827,0.7838816315902578,2.8156306180161086,4.409264326476202,6.239991609403917,-11.679391073510175,-7.738629361153212,11.757943753678312,193.10302235570313,149.8178972525962,93.03360758021192,18.57060975867685,131.61384065480848,477.78601297149686,0.8300508149937845,0.01515134669653243,0.14181405827219618
65074.0,972.4894573688507,0.8646643694574272,1.0669014084507042,0.7562171710128759,0.9856336854860086,0.4053330648878002,0.7948504977295721,3.6488924024957075,4.7035491269586664,7.164033390562589,13.114620591124108,8.994304504891454,13.661943469546118,140.15889448770804,109.35055733699802,85.61044434264774,31.014918308138647,110.9195755077111,283.6885132005558,0.9505584918551617,0.011315261492885134,0.11167033734818627
134509.0,1379.7686767578125,0.8878684934907589,1.1552631578947368,0.80631219278264,0.9934525150392738,0.44948750538576077,0.7942452384718502,3.3858765165014892,6.057454463645909,8.283061969431449,-15.45551531879362,-9.97625588876817,-16.45206358372559,186.6786914366072,91.48028273258826,61.69449337576789,7.494130708311746,176.8196876619051,176.05387054987267,0.9543775528134004,0.013522026109111818,0.1357416321628241
137153.5,1566.4234424829483,0.702422494142522,0.8755980861244019,0.896498418176589,0.9539818946299459,0.8537351624308273,0.7662498082323687,2.9214320520479538,3.8503888352294178,5.185679484283005,10.510822899889195,-6.658225127045961,-9.70905767387367,211.6115736644377,142.78126223872587,87.25825706038496,13.543384923340248,154.71524927111588,75.87536242441904,0.9806095948794743,0.023531844714980505,0.2947495812526593
40476.5,801.7960267066956,0.7911977007421118,1.0133928571428572,0.7960293423536816,0.9621912663132621,0.14619615217959708,0.792576530268822,4.70600614998,4.306597137022998,6.343560744619424,-11.76017709287843,-9.078377453857449,11.900380818532215,150.21699407240484,116.03659432714447,64.79001126732965,20.977661294273258,146.30044579434676,125.78574947046944,0.9720557005401123,0.016279278238712516,0.1835470414434781
63594.0,1011.0092276334763,0.7818361867807171,1.18359375,0.8198483910891089,0.9783090271367916,0.574996595967374,0.7862098775829123,3.0713042693469412,3.9666800614536535,6.061679564958958,-11.165334057415105,-7.916315735636358,11.311589814143545,164.25325942696543,116.42331173393708,95.73142321804981,10.183823873838707,116.5813568584589,527.2719900872075,0.9047285086746524,0.009072466157399175,0.07508382407050634
170556.0,1632.989019393921,0.8037302926256162,1.1123853211009174,0.8065638891516126,0.9674274029557823,0.48044215467491663,0.7870494215518044,3.2651637196404244,4.045997494426199,5.652477123976446,-10.501762694204338,-7.292247879785226,12.328317443252692,183.79454630386547,137.63882401027678,79.2567674880299,21.010305967534745,156.14087352563354,143.03311666940925,0.9704671000906031,0.015573314619319784,0.20533686749155405
138425.5,1413.6681690216064,0.8704242988731068,1.162303664921466,0.8161495920003773,0.9896513265605228,0.45818043856381496,0.7931060125234015,3.3554676900859937,4.659562229861355,6.856710957444416,-12.631368115490481,-8.534452890976517,13.182420183406503,190.91158067346558,130.18031961565572,43.17701126278391,17.299930956113982,198.59374145941516,349.5106222647306,0.9092469904145121,0.01688743578919123,0.17645483629607012
119213.5,1436.3544623851776,0.7261260988997321,1.3601190476190477,0.7763721735959154,0.9448678167068904,0.7630208716195048,0.743670764615258,2.3088859119284995,3.590169269173111,5.078802887967355,-9.518756078371453,-6.4851582871129265,-9.620710969493299,163.19972797743716,151.68414508982585,119.98034929032151,43.39347312734161,79.51131897565982,128.16171567395494,0.9752595327956055,0.015488593790518038,0.21721218011596424
50303.0,874.6072095632553,0.8263759026713849,1.1169354838709677,0.7322551531384651,0.9776495053738363,0.49608563503321446,0.7874025356932675,3.195130126028219,3.996684164901243,5.577832679640243,10.406970456093058,7.263213199833524,10.743071514932192,156.7976716653512,122.49857932123125,65.47221783741121,26.856215469613257,147.73109707971585,296.619623015873,0.9273870547744282,0.016341312482117096,0.1801204777414045
27065.0,639.3868644237518,0.8319370688408918,0.9893048128342246,0.7823384882208412,0.9767937057889419,0.42271309214064473,0.7958022715362301,3.8527617048725764,4.7848394984412135,7.891918048179872,-14.27113249536175,-10.033726841659485,14.613252073713785,198.31556238116133,97.39640924382039,66.01842913558578,9.169628492028668,175.99254058797717,302.2290096082779,0.9249334962159234,0.012049455912774572,0.10284400687589403
22922.0,582.014279961586,0.8503448610748277,1.0529411764705883,0.7532697995399277,0.980368675420213,0.4877147653850009,0.7929248141160915,3.3691167107525297,4.423158584307489,6.623948588433838,-12.167758429381207,-8.315303612360374,12.672649160105951,145.06658611314893,152.2687179044578,141.74379665990594,64.36667673585639,36.30746990031502,223.54374346462183,0.9625044205177544,0.013055898084442324,0.11491352478447915
94378.0,1177.4011452198029,0.8555230716237543,1.094224924012158,0.7968422830124958,0.982556596063652,0.4007079569221963,0.7933667131314374,3.5848947007968843,4.253320429818572,6.435874432137934,-11.972059535380362,-8.475321761608694,-11.896461016914387,161.58602156203565,135.57310120245762,99.58609533244106,25.09580667938328,110.06088166173107,207.3293709547781,0.9617318110695116,0.012084611502886887,0.13656721668068594
56663.5,898.9919826984406,0.8810521661225579,0.9288256227758007,0.7726033187439495,0.9909324612640341,0.40145461403205146,0.7960336908025119,3.7568012955746823,4.791620088876592,7.491948840780204,13.640491049056813,9.37967366882552,14.390579722451943,202.64597721297108,132.3187204206836,65.70268185801929,15.827852760736198,169.12769500438213,125.45246959543312,0.930397206791386,0.022470861612050204,0.1941276714795771
50476.0,898.6072072982788,0.785515936895798,1.0901960784313725,0.7120327267597687,0.9547371805784108,0.4139166054479574,0.7883656237549671,3.724124021635097,3.8035551214623617,6.345230719537504,-11.521595889215293,8.241729078101915,-11.632754321922556,194.86448441954192,133.617595596186,73.2270716602772,15.95173498476359,161.12934237687998,306.0807341269841,0.8835459323164928,0.0210280909896784,0.22457407501427654
33265.5,691.6538912057877,0.8738286311812087,1.0392156862745099,0.7691800776914539,0.9881624287072244,0.2565180817516651,0.7976742459030763,4.573350586884434,5.623745870145604,8.834701530733025,16.18407436717,11.12769601103543,-16.249753689317313,143.15011024372802,148.44863238186042,139.485906680174,63.194416304153506,33.97902389607294,603.3374767309194,0.896544952497411,0.011297718407692421,0.08727951442025508
37826.5,826.89444231987,0.6951937786674297,1.2751322751322751,0.8304573097104218,0.9752868376949851,0.8471524535136431,0.7436582758929362,2.3761010016998494,3.1691483485792515,4.985023726868746,9.07122253751,6.224040577255862,-9.755202100634973,192.78880313930674,180.23406147809024,169.32753433616742,28.197148463047743,35.396415958142576,247.03454929949777,0.908858468525451,0.02350496675810794,0.24068674473588642
22341.0,610.7005724906921,0.7527587602873936,0.96,0.7598979591836734,0.9570544262856898,0.3126701725684742,0.7894233395766092,4.5969748201616865,3.7933611087808186,5.776582267359696,11.05638049026237,8.617366360854662,-10.585015213061826,178.0540958952583,128.6464083510262,97.28622611464968,14.270125619249823,122.95461783439491,189.255033557047,0.9471859229095263,0.015392376802390317,0.156360387375166
33801.0,813.2346261739731,0.6422552888273422,0.8495934959349594,0.6574279379157428,0.9413878096670426,0.47514236971306634,0.7812990083093313,3.2228033914137697,3.8796639982483017,5.22648462592366,9.848110545090773,6.838666969274124,10.063302110892101,143.09691307403938,103.40616213683224,60.083382146204315,15.342285613870665,141.53660965323337,197.4311000237586,0.9589851566085592,0.013340555459311638,0.12825409557488351
55808.5,921.1097339391708,0.8265849056348457,1.078740157480315,0.8018923501350652,0.9758010228613891,0.26405201736446254,0.7936363535354143,4.3704121255213515,4.295146200803739,6.4334855215643225,-11.96795632043465,-8.973593511469696,-11.930306378656486,212.83814216593143,134.4719474882596,47.99891489967269,15.689198804610788,201.03515013519285,79.30880354716442,0.9630888874452642,0.02038432696984242,0.21596524557599245
43721.5,808.766588807106,0.8399598241992584,1.0301724137931034,0.7885135622565287,0.9794901091023143,0.3613739058530897,0.7940828646530722,3.7138556528541367,4.783370816563256,8.262865908111436,14.930399433789473,-11.747223487262026,14.942775416576216,190.75587674714106,129.518356326012,110.79268015973861,19.92142403339989,111.75428843710293,194.74579039381672,0.9639751136624951,0.017343338250772656,0.1510245396834942
7917.0,344.04877066612244,0.8404860085157418,0.9439252336448598,0.7325807347089849,0.9672571777642028,0.4773878968468292,0.791552894001798,3.3392577894546536,4.654267165504001,6.938764644071743,12.84549708709116,9.302185399978722,12.935316653217612,144.7509298289115,92.02801884453261,60.92387800644682,11.04909496652616,158.7265063228366,337.04200715015327,0.9264371472068206,0.013077832321477668,0.0798240402206702
84393.5,1138.1879410743713,0.8186361195036164,1.003030303030303,0.7726219902957063,0.9766692319710217,0.3772178975375301,0.7925977220176,3.840071681900203,3.8993323435605403,6.298999701042241,11.418639515480404,8.235467306978279,-11.921100205922178,176.8746684897276,95.1446740296326,59.9556453989321,8.815261848913826,178.44583269486913,548.9782438677569,0.89149530217673,0.009244548192509472,0.07803440232656209
45526.5,810.0802955627441,0.8718022605574477,0.9325396825396826,0.7687689969604863,0.9846122237120982,0.31393637709695926,0.7954184105162326,3.8973125660632624,4.412980035995299,6.859399638455598,12.60161962295493,8.909630544610485,-12.70211408105682,157.3620193565263,116.8021405527945,83.21765193129306,17.717106984043944,132.95952131833639,680.657628011057,0.9000310211101726,0.010768354879935455,0.09729307914521113
112806.5,1274.5554710626602,0.8726226987637042,0.9236641221374046,0.7907422595139458,0.9883126497606021,0.42654130520923406,0.7956209749366898,3.6395858531354652,5.139825798124791,7.720241351297983,14.15027635867589,9.54014325357913,-16.740580244237503,209.81297305880486,130.38949169886556,69.19101430865048,12.91907937684151,173.74175620600224,295.06393034825874,0.9122262474476237,0.022831541281438363,0.24266313778137427
47889.5,822.0214228630066,0.890602469250282,1.0242914979757085,0.766342353298875,0.9876669244650683,0.36191541321208714,0.7966808869674638,3.8528563180755335,5.692264407609248,8.399476953707898,15.610227935955754,10.430047238433268,-15.582388978478306,177.28126036484247,125.78356135986733,81.57701077943615,25.04676616915423,131.17226368159203,264.44082778266517,0.9216636912015823,0.01372232593006056,0.12159396559552141
113219.5,1268.1534531116486,0.8846825874211078,1.0785907859078592,0.7709244052239518,0.9923657096778434,0.4370848800281081,0.7955263740194055,3.558255709488594,5.5379945536540145,8.16046644943548,15.048895751129269,9.941065059014594,15.400742366379044,172.2928306464373,126.01965506935532,82.48137339357606,29.678117473321496,134.45200506320214,152.0269976685036,0.9692420021164831,0.013443913230905918,0.15826110905158286
20588.5,570.6000671386719,0.7946409357913035,1.0858895705521472,0.7136147793837302,0.9670956832166847,0.6197637510593709,0.7828247996061477,2.87200967008729,3.9765829324777706,5.8561523968995,-11.080689451649162,-7.620995640862963,-10.832660858096103,156.94105788614763,134.48982432562158,106.12369204185467,45.778919074589616,107.7684554094269,174.00359362859362,0.9634964493619115,0.014650001749838753,0.1464938024585845
141761.5,1550.3788448572159,0.7411267629902367,1.1565656565656566,0.7816235499095762,0.9688688562123889,0.3790849882479983,0.7913669431341958,3.7137957037753626,4.185695994182772,6.354888610983003,11.843047318152243,-8.420660901417746,-11.72436351320287,188.73119857339438,138.02797747760397,90.005686764582,36.7214889494229,129.04368277682607,110.62543738359953,0.9687058899506584,0.01618764165789237,0.18524935460094508
108631.5,1279.5260351896286,0.833810550564351,1.0331491712707181,0.8023717020710845,0.9852839806265532,0.39283095582262795,0.7956604084474608,3.8931916202382055,5.010410296106874,6.98448503959599,14.6844533775267,9.285600441348839,12.982018174443434,201.26588388302207,149.80224027550076,117.83003764322284,12.367703763406391,108.5867030581684,97.65217831813575,0.9804056455270156,0.019381283834968538,0.19788671051146645
60158.0,921.376758813858,0.8904893851200644,0.9857142857142858,0.7784420289855073,0.9915935913496406,0.24973463794824133,0.7977379235129279,4.756659375017625,5.323157348835165,9.058937752689268,16.251120090132304,11.48118901235779,17.391472492632495,160.09517282380725,138.3815335326078,115.12119961025878,22.033425263818472,77.99119779366836,62.68096897295504,0.9829854696367208,0.019064655086949104,0.19886540508026168
45611.5,811.2518714666367,0.8709090340021567,0.9875518672199171,0.7952072945360716,0.9900584985728085,0.2711065086927197,0.7970166796913826,4.373102613986569,5.080036619121684,7.929033503742585,14.470670278932136,10.119289619646523,14.835535526028034,158.02210521735347,119.32287541882425,56.276619816370044,20.830512162220966,162.18067098907792,106.3557764029661,0.9734880270071561,0.015669292824568224,0.15935126523643772
76265.0,1086.4305843114853,0.8119535268726499,1.1724137931034482,0.7734787018255578,0.9740164368865701,0.5428847809989296,0.7887810700547225,3.1161088814903364,4.255137938057222,6.3062831581275125,-11.84997093033258,-8.160090445707597,11.663788926489328,185.9623890633756,143.55900329714726,83.79723196017359,19.264605841033195,140.15316747683528,198.25466959660966,0.9402037946722238,0.01627911118981812,0.168481448181353
36967.5,733.9381593465805,0.8624044897151272,1.0045454545454546,0.7603352529823119,0.9819898792684385,0.2732900105676362,0.7951296563534236,4.608831437169137,4.225305837256881,7.683151085840143,13.980882476006908,-10.252315322464977,-13.68735618123093,172.50100587430595,133.95560741396423,107.76068238512916,14.080925940827768,102.13768407499799,251.82181023316065,0.9433345481775791,0.012311704809472726,0.11515987227111549
78725.5,1063.8447955846786,0.8741153463902751,0.96,0.7763856015779093,0.990264089711256,0.42859901001754724,0.7959359171431486,3.6319996849830884,6.053204000158222,8.492170077849437,16.324597720684288,11.430932895206903,-15.78200901188815,162.2081028516582,128.83090853981966,88.25408552448789,17.388787855825818,130.54591952716527,317.17627097102184,0.9464270168707154,0.010171207158640012,0.09676612595396661
84986.0,1157.1168721914291,0.7976324253993474,1.159744408945687,0.7479910930390163,0.9620003848635432,0.5666925622471933,0.7843848481503545,3.029285625689204,3.9892351680731877,5.552229645225877,-10.899017364945497,-7.285735462058537,10.338825991697568,151.6719771671872,148.1120936706788,135.15503386321367,39.00400042109696,40.86190359219099,335.9749564562444,0.9463333644960006,0.010990457430153724,0.12215198307391366
64066.0,1300.9158614873886,0.47570646719000614,0.9230769230769231,0.6570871794871795,0.8249974245389925,0.6435768734528698,0.7048256069190444,2.3229024596754697,2.7988273737606844,4.834737804976027,-9.403422175907854,-6.385927234963703,8.658436287748378,177.06755878712872,104.94979888613861,68.65247524752475,9.241336633663366,164.73043007425744,240.7706887429585,0.9556803514196912,0.011430235311085333,0.11914511860824832
64324.5,988.4722160100937,0.8272891904547016,1.105072463768116,0.7641304347826087,0.9671330090737553,0.4276966764540256,0.7921777215146536,3.660709644955719,4.235212915734757,6.102256372326407,12.464963333607598,-8.305784427830098,-11.271881651878484,196.12054371331482,129.48571207908557,113.78282360210072,54.742091442693855,129.28290083410567,180.61029846565623,0.9659221033524542,0.014290070327125426,0.16512928877166064
46712.5,870.9919837713242,0.7737749376529242,1.0893617021276596,0.7764710771276596,0.956263178365985,0.5585281518324611,0.7884471685213135,3.264848728857576,4.2820129920353285,5.618455353726801,10.616334826592194,7.277116565947698,10.92144388952605,151.48697037273016,144.58901985770416,126.14291175533609,36.52116385260699,49.53930126367208,212.2334194659776,0.9571672451318903,0.012693574714627036,0.13259087299888545
47167.5,839.1097327470779,0.8418121801098427,0.9523809523809523,0.7798859126984127,0.9818891491022639,0.5130384117874021,0.7922093455020274,3.317740391280795,4.642178512641091,6.830362098948085,12.736013775770294,8.786470351446113,-12.699789966072865,188.21294231497455,111.11633777927379,59.261980897883625,11.468043926452644,180.64875667942945,287.9836173001311,0.9369682255014754,0.01118290345158801,0.09756056178377716
78810.0,1078.087434887886,0.8520855938757665,1.118811881188119,0.7672537165220947,0.98575341780385,0.44090043055828,0.795029257106082,3.490201078789572,6.0406672630477685,8.269159834058755,-15.44455515862057,-10.071896767191376,15.94692713309677,161.46894907471648,128.14568642539075,87.35520290641202,17.420231352415072,131.54684444892965,392.846568378241,0.934927601489969,0.009705284854802943,0.09121571405172826
36399.0,719.8965308666229,0.8825903097484882,1.0669856459330143,0.7809771064432381,0.9913121629718394,0.503698996962002,0.7935163889226067,3.2789818680203067,7.10377106791639,9.146245277798311,17.369333691611715,10.834908046247289,17.491037240286524,208.6459178947942,129.3455828270996,56.81909068620774,16.228336375275816,185.80010351684874,88.34860843207497,0.951104637641538,0.02823062510363445,0.28422747759681877
29432.0,646.4406869411469,0.8850591017982609,1.0310880829015545,0.7663186398312808,0.9879991272092515,0.36663566769386685,0.7967135919324351,3.9352470985278662,5.003017439529329,7.712430551548312,-14.42093811796329,-9.911108227884174,-14.118286121172908,141.15799925948366,138.12632535595273,129.60850247399776,75.97300481335621,106.44457908377932,269.7853597171223,0.9366766133507111,0.012654523373022092,0.12165601893984672
92450.0,1354.371710062027,0.6333460000904547,1.340625,0.6734411421911422,0.9074356721845692,0.7653545396609722,0.7142897302924446,2.1983539197702466,2.8462869008403517,4.110370794360549,7.5910496254183695,5.220083940684623,-8.57271832931459,172.20116715208442,109.8678517308457,77.42889077562953,9.866400851182735,146.22620826034154,292.8412424503883,0.9429832658849372,0.01066282811662204,0.11023769762947844
54721.0,975.0924886465073,0.7232230636195658,0.7810457516339869,0.7482292777641042,0.9530203679998607,0.7368848798322007,0.7594983940180018,2.3960335504684407,3.7879601324333008,5.099412447427104,-10.474384870906606,-6.74481599717051,-9.54609913622306,122.1764737882387,127.82911128438536,108.74847226503708,42.07853555043792,57.891544417647374,406.08567183889073,0.9414329082132779,0.00927065672111837,0.08367233036340886
44778.0,814.8082171678543,0.8475469313355546,1.0805084745762712,0.7440677966101695,0.9737417229344032,0.4460858192783001,0.7946818320155309,3.602088787627898,6.243505865056811,8.133710408445568,-15.42463124776562,-10.781405317897029,-15.534882378390027,152.29653430242865,145.1773400106364,126.17572238964722,35.843245878390356,50.05227353306151,464.61528659572565,0.9096996768903564,0.011824369328882204,0.11758958601368921
101559.5,1222.8742365837097,0.8534278817255052,1.1017964071856288,0.8262781502212966,0.9912644149354104,0.5034559062237448,0.7907847380376455,3.3301447428440736,4.438040167405008,6.382968472096073,11.939494324423073,8.055008233015982,11.948576207310232,180.70862308762167,129.96848126310016,51.941291700131245,24.397245783462946,184.1946757037356,115.33992823485342,0.9690255225127401,0.016826852964960275,0.1663082153335621
59861.5,987.3351299762726,0.7716640707542621,1.1870229007633588,0.7346591885324366,0.9668960281694691,0.542600815156833,0.7804254336604349,3.1950532452706377,3.5120639371527225,5.043555538803224,9.321732958875653,6.704180159380878,-10.707190009245966,177.64563050437033,121.68485562171398,95.79689184482444,18.174929096246665,126.35549732141378,143.3641017062563,0.9718464234026704,0.013482547046180382,0.15580668101813483
62858.5,964.2468150854111,0.849566640946594,1.0424028268551238,0.752931664370845,0.9802036551896207,0.40154813674631945,0.7948723648443298,3.781932709380016,4.374147571666412,7.550387332191025,13.751800654401281,9.571711380276453,-13.600408382618491,194.64966572363326,122.51935325820676,71.32815982045487,12.162033158951179,167.62218077792355,287.8474741035857,0.9474865824469108,0.011116637338702143,0.10152407798136606
53084.0,885.5777677297592,0.8505896507357432,0.9440298507462687,0.7829036635006784,0.9841943767207735,0.4344918053920079,0.7949098609600302,3.613051653960064,4.937805409575988,7.473883968344963,-13.786258602276087,-9.290402309902248,-13.885461688445828,184.24126515038157,129.1832448002394,105.22712479425408,19.02130405506509,116.2651877899147,180.22928665537358,0.9635782427892553,0.012718509604452945,0.13219178302211448
35580.0,708.440687417984,0.8908586806741743,1.1917098445595855,0.8015318765487722,0.9926070581671084,0.5181549413150555,0.7907098683646802,3.096686204960256,4.963838073711834,6.9030436457405315,-13.73450839952668,-9.213104964790535,12.839985592528704,208.06645675434686,129.2484953187695,56.49256018724922,16.338915514935355,186.9598751671868,91.04683102555443,0.9554959966627657,0.02694369318275376,0.27877506507681205
78700.0,1062.1463104486465,0.8766291475913739,0.9296636085626911,0.7916867857717689,0.9900678705992615,0.2765424012853429,0.7967706201738094,4.123868282974738,5.552644829110561,7.7344460069844665,-14.447762283254544,-9.796382574233796,14.65848370493141,176.37962354724607,141.48980545730166,118.13614199090449,31.74800404244568,83.39660181910055,146.12635993899337,0.9579197971170398,0.015882612471926245,0.1851394927686672
93984.0,1263.1412677764893,0.7402185095721479,1.132132132132132,0.7486319210457142,0.9562832911920472,0.5288766273133672,0.7890252617408794,3.2937980916585277,4.125921758381305,6.903175640145995,-12.481911699290562,-8.556651600754984,12.713680438045413,171.498487252724,111.91804718078916,63.56891991960224,28.038136041468317,154.40955252300856,192.03263715909816,0.9518919678571257,0.01608124311233539,0.1854144346470405
36119.0,761.0681015253067,0.7836074244719146,1.2774869109947644,0.7750193116470689,0.9724832395465927,0.6223063072437436,0.78229066639449,2.7655669362207727,4.710447078848344,6.273262261785153,11.99272933185076,7.827915391403684,11.85885088071104,169.12411522633744,136.55813443072702,110.80658436213992,25.46979423868313,105.82422496570645,223.81932609301032,0.9719626648010709,0.014636078602899958,0.14544953230849111
76391.5,1106.6732223033905,0.7838195628109019,1.082236842105263,0.7637927931530955,0.9702540849828853,0.5144403942746266,0.7874730800575805,3.2834404074327583,3.8102920355673704,5.685022432312748,-10.920124266498888,-7.498822183436729,10.456999345458302,193.88803028529057,118.25439383886872,74.03997710390405,12.938648870155719,159.9823335805071,181.201498979752,0.959159839028735,0.014904471227034616,0.1581931608025709
78050.5,1059.5016486644745,0.8737401239777808,0.9844236760124611,0.7694556173350684,0.9892645521087486,0.3825268786085202,0.7961683789818453,3.7938421001250044,4.883511184734404,7.6239421533182785,-13.880723279653825,-9.530831433660945,14.805104388831767,149.6584887394273,114.43274228064813,77.9793004178131,21.67143075512076,121.42378732293896,222.06664106502816,0.9503357563382607,0.013056487375253634,0.13636313707997072
78200.0,1051.2590091228485,0.8891952944233845,0.926829268292683,0.7842586649550706,0.9919514933182807,0.3165179053398497,0.7969245339332272,4.003304307748281,5.34040419817082,7.994109471048378,-15.184040807019208,-10.543729249658337,14.68186581988875,175.57173553719008,141.3893452002543,118.09919898283535,31.45542275905912,82.9904132231405,190.05642601126473,0.9450041593298785,0.014657239894306362,0.15294778374102203
50305.5,868.2224280834198,0.8386163650115597,0.9382239382239382,0.7992992992992993,0.9698848026220659,0.44769283619466904,0.7912152593162769,3.582227325428312,4.300886283300027,8.959992043137508,15.622389718370504,-11.68862558770061,16.02229840224567,153.38260131802218,108.90876445286295,92.08279073438301,11.409020954184918,118.9026873446194,384.88061507936504,0.9449768213538702,0.009715011903555146,0.0890802051193051
74766.0,1165.8477606773376,0.6912423288455132,1.0141843971631206,0.9270197887219164,0.936471354492848,0.4264527367750721,0.7640591450767392,3.5801312124923617,4.50946407286858,5.279306926428578,-10.247815843139943,-7.079522905412659,10.443100344139825,184.6860321548531,166.90450460018852,151.14104589567597,28.82215259615257,53.97654102996429,222.25293441351835,0.969739025079468,0.21897874001434756,0.31731705558280554
52558.0,947.3523728847504,0.7359115176844053,1.027027027027027,0.7628821087467704,0.9627329761414114,0.5433528001808595,0.7888678711753574,3.124513320668886,4.185541645763867,6.131310883780035,11.341839051323465,7.764657010243566,11.625217830658432,146.30563630186114,153.85877156555551,147.8930499452603,64.50103816678622,32.193608667748876,225.89588000759449,0.9615619895872128,0.01184317465916366,0.12016778633627373
174906.0,2166.4936344623566,0.46827366798743236,1.5132530120481928,0.6711150333819353,0.8165870260958068,0.7899662160965745,0.6775085002769355,1.9327186973710853,3.3033701913137397,4.21139321696144,-7.971646443733443,-5.177758846735042,-8.90953013609479,150.77390708432083,135.223128979755,106.58426087204819,32.29088261328917,90.30955141200994,181.1324395029431,0.9739820542147948,0.012023806848729291,0.1634976180124802
34717.5,743.5950139760971,0.789015200649183,1.0571428571428572,0.7446911196911197,0.961770205692915,0.26103519584058066,0.79322378133628,4.5881685455081405,4.104626346156385,6.730146375738713,12.651651722588152,-9.605291488789142,12.169958602778605,157.32404738119024,119.7143142571714,71.09290709290708,15.869958612815754,134.71682603111174,226.86133632338567,0.9625435450076758,0.012411179619293247,0.11838628329532006
113751.0,1389.4844037294388,0.7403852097310865,1.0966850828729282,0.7915095258638685,0.9627310005120414,0.361330668998494,0.7878805328635424,3.7689678924633525,3.9107347156764565,5.596855547299782,10.350999192239254,8.050395134575506,-11.74809229755228,185.90835162336813,136.66721172427665,90.23545614326564,36.903996991981536,127.2929407752643,116.99159833546959,0.9692254426076193,0.015423675383697856,0.1796214756221714
31303.5,678.8010773658752,0.8537244437065657,1.0,0.8317435434158784,0.980440365823102,0.27038657484010803,0.795558337687484,4.319467340517749,5.097194454437125,7.097400912226443,13.201567607645288,9.281207453735615,13.948054065568316,186.86973992279945,137.6791748402202,91.4207428969183,16.742011010567612,133.48418021894577,143.01402799178223,0.9534951624363364,0.01572539598474692,0.14314937170530248
79520.0,1123.1757473945618,0.7921196756705666,1.0061919504643964,0.7575136937366039,0.9772943742894891,0.21927126977831352,0.7966702842383507,5.0124947173889005,4.5016789740771825,9.357430304443136,-16.287386197239805,11.988871683909679,17.653853260821126,174.71898316523564,92.20075487733243,59.01742216889755,8.424918450751752,179.2555834676865,794.6147371343479,0.8418147608145835,0.008686207176258877,0.06766274219191458
63962.5,976.0458062887192,0.8437132984399817,1.074468085106383,0.7485721976452965,0.9794801117874508,0.48014259678739885,0.7912017531399236,3.4051080737169594,4.170247165627514,6.437109439709378,-11.895723477029671,-8.196707210180778,11.886970209106984,208.29996272018388,144.09520333033024,50.79054956662213,17.346997421479387,195.02976171984216,75.34068950373299,0.9750883113834627,0.019168283480163473,0.19001522758276634
69574.5,1004.1879432201385,0.8670216706749049,0.964516129032258,0.750614953069371,0.9867883584375797,0.41554297579743305,0.7955474656189181,3.6521787018183023,5.026389033664505,7.387945214730815,-13.845040287363185,-9.51456546556765,13.677689938397528,159.42048798605754,96.1635810405417,73.86798948601468,8.691208822605068,141.67196651524242,354.7973988938818,0.9141123098553181,0.010525803852006134,0.08444298042897665
111122.5,1350.8153566122055,0.7652791638848858,1.080110497237569,0.7850849924404064,0.9672877468325782,0.39561544364513845,0.79411562379394,3.8028850757877937,4.754667607887951,7.378185550481388,14.539166858157175,-9.284789241906285,13.446021592274166,181.67753311851055,132.8780880773362,86.1327425707125,39.386152882205515,130.89569459362693,135.9516372660085,0.965672087243485,0.015034883076637402,0.1812253106210197
130184.5,1468.2224297523499,0.7589015408640691,1.1722222222222223,0.8569279884149552,0.9722589414409368,0.5992342639895818,0.781454784453708,2.8673569635567997,4.849882515520067,5.8885279472787975,11.332633401263845,7.501820196252344,-11.52524349204653,162.26019211224124,150.79564576153325,136.0417695111607,60.44201098875907,68.74209275490789,283.84156663588794,0.9397502378787961,0.011909801403590494,0.1309990199257858
68108.0,1019.8620394468307,0.8228584573601005,1.0662020905923344,0.7755232174170481,0.9810440193592994,0.42156038880796365,0.7951764347000788,3.6536991826643237,4.897256134894178,7.170975582386982,-13.979632727986065,-9.63001763359448,13.21131269807389,159.99622179107527,96.21429300812534,73.55404005776721,8.48798704614083,143.77801928491198,475.1271293840259,0.8934571350240309,0.009787780215604943,0.07643995880916062
142325.5,1589.9524393081665,0.7074965322462139,1.351063829787234,0.7451284762941867,0.9613210223435009,0.7089015394279007,0.7697891492443707,2.4879193445121066,4.453582938640145,6.168411045216469,-11.480521083742621,-7.412739350727705,12.625084807288257,180.77219526519653,111.16357165829989,48.382846475465996,13.683155510186959,197.1458895585418,357.61814239400445,0.941406060225626,0.00951027588339412,0.0915568743806624
109854.5,1271.0996296405792,0.8544143453329867,1.115819209039548,0.7856289780447686,0.9829324815232369,0.4544742175355223,0.7928927861024003,3.4168883480803065,5.291851647317132,8.030308291453391,-15.190186418052274,-10.526428702818304,14.714400955740722,185.77750706470547,136.46277443663504,71.80070284761975,21.37790739801464,156.3421672342584,276.2067302442398,0.9218900973920197,0.01611756201214838,0.1692700866395503
37704.5,795.3107435703278,0.7490819830937748,1.0179372197309418,0.7448390983978981,0.9485528119850564,0.3962845916503724,0.7900818186367433,3.922527312657357,4.047991675088717,6.032491450793492,11.479065106843395,8.275001200618616,11.109031006847314,168.66390728476821,124.78069483864186,94.10685377903921,14.653947230106171,116.24931672448228,328.0141950832673,0.9147120650698775,0.011749703469580208,0.10945327952789052
62990.5,949.6193993091583,0.8777801663523098,1.0929368029739777,0.7964810459499785,0.9884196238731494,0.3368865663298634,0.7941830621374478,3.788101425253014,4.188819386734404,6.52555029503926,-12.013355215484284,-8.469121933113565,-12.055153360283526,147.88402025268536,104.91734885408286,61.67767630404265,16.584457168094133,164.96703418034983,251.18709163346614,0.952950941121357,0.013280824952676252,0.13494594833855952
68202.0,1017.3767580986023,0.8280248114272177,1.0662020905923344,0.7765935642549703,0.9806746613752049,0.41053972242174913,0.7952562309231691,3.6887769370542016,4.87084420695984,7.136317149213243,-13.828142330041434,-9.681910385666553,-13.149220811294267,159.68184135770997,95.92283487508195,73.34139412921553,8.567528589117925,143.78056668366233,474.4701822116932,0.8912383571311786,0.009852515868019766,0.07667209221292459
44461.0,875.1513636112213,0.7294957110040942,0.8875968992248062,0.7525303815036729,0.9507628813070023,0.5620122538253349,0.7823479192268451,3.1364612967225574,3.9873082499572705,5.492182617282903,-10.232978554987472,-7.066571826926685,11.390131376343614,143.75204049774766,110.53634985058652,86.10351902234513,15.314348155746845,110.1664287944338,1038.3747686752426,0.8337950661413203,0.008155564791698558,0.06197519055459284
69110.0,1009.3178871870041,0.8525008430936777,1.1890909090909092,0.7685293299972199,0.9820388211555404,0.5265353207003068,0.7913407403420663,3.1467415773337515,5.144648212088681,7.337143437073239,13.960940860333197,9.246399288703289,-13.618886038108249,189.80455538939378,140.56393074887842,64.55671229725067,24.030613712182216,172.47808581617394,335.9361739180913,0.9198467406574325,0.011171820957741522,0.10589388803132647
57305.0,984.0487705469131,0.743650945973752,1.3378995433789955,0.8930602957906713,0.9720867507485094,0.4868766035098356,0.7651065159083009,2.743578023237982,3.774609346324139,5.079007546161257,-10.180414469833345,-6.7569269352976296,9.515757703587012,202.0608924429674,183.63918025409353,169.1615605635753,51.249645169107204,61.27803164053034,133.17374476987447,0.9859100573184666,0.10513917495101383,0.42010289835538295
61192.0,932.8914781808853,0.8835726415874561,0.9647887323943662,0.7863678420890305,0.9908512395355992,0.3600820371601686,0.796302315113453,3.918771913264495,4.689093961941113,7.499932366440826,13.796745617968043,9.75162674795794,13.703177887471204,157.3544501087768,171.96314576095074,188.25302789232717,110.9850472448615,67.78583952982433,202.91111074833486,0.9571473539582687,0.013154957541693959,0.12108536953046914
63187.5,1024.8498488664627,0.7559978391073758,1.2452830188679245,0.7225557461406518,0.9603474348939534,0.6707133756343563,0.7739204548305305,2.6208092239801855,4.1506891939984625,5.4521493554079505,10.721160822227903,7.484208451783174,10.280365972721837,189.59843806470874,153.6088876317981,91.5913983563538,20.765678279042724,129.96973553952765,471.9091728324796,0.8487074128531134,0.016090966800867332,0.15894843196143685
27416.5,658.943211555481,0.7934615738264594,0.9487179487179487,0.75998613998614,0.9656757423127047,0.4312274568837356,0.7921022596978786,3.6133235391407954,4.33810377854243,6.403002327137714,12.30925489579542,8.637096812941131,11.792806879462514,142.71245533619663,126.45818746165229,108.96603746345689,28.45836792146389,71.91301837080881,265.4684921504198,0.9534376737188545,0.011643152327356675,0.12445734206333152
41078.0,811.0681018829346,0.7847015517822684,0.9495798319327731,0.7637019409533725,0.9612374077150779,0.34628071697540014,0.7959903802456899,3.941817816429912,4.759775926619361,7.767296497651206,14.077144026505897,9.840783082013015,-14.389110580521013,173.8441376647198,163.6933919003717,160.30079162040838,75.88799053917073,46.37560940290583,279.2614495439692,0.9458441378670636,0.02002359882080616,0.12968627048371006
17253.5,539.5462447404861,0.7447829463719823,0.86875,0.7757868705035971,0.952074826178126,0.5663713044631581,0.7819400338143923,2.891773971455591,4.471528886563475,5.86192799950415,-11.847809067096694,7.8441197717965405,11.033708771257675,189.01251929343167,115.50860344137655,94.52941176470588,9.616075001429143,129.3206997084548,750.2926208651401,0.8329663735870056,0.01151924955148487,0.09399143354928002
74858.5,1057.3107444047928,0.8414836721722722,1.167883211678832,0.8537693886861314,0.9865834612824788,0.6095093135495067,0.7827020841656471,2.92139767126051,4.511983646945179,6.7798740931980745,13.015271065237759,8.661600396144152,-12.440683325461071,215.15402790129684,147.5901748145002,44.88824880204946,18.143116927937136,204.9293308732761,81.54523943210076,0.9584381498354692,0.020976150338939722,0.19795515785398732
28688.0,672.4995630979538,0.7971244368682777,1.10752688172043,0.7487211608727424,0.9764133283414451,0.388301821641219,0.7772535934989101,4.3927571647949195,3.1587940222909987,5.738502404964144,-10.187198252771081,-8.289262950369924,-12.01659224924113,203.34554738984923,140.6934064796605,81.04602698133388,15.455232377600662,157.6465859296829,368.52554820744865,0.9122899336485601,0.01937947772882148,0.22312004475922825
25339.0,608.8427065610886,0.8589920011007787,0.9945054945054945,0.7692004128468217,0.9862219281516367,0.2545035223728468,0.7958681900207268,4.584754369626012,5.14990658105065,6.957480167441092,-13.17975886915618,-9.261792560294706,13.14500712582285,155.09901183455062,131.91528336523064,111.26617974456117,31.292582900441353,86.84204975979377,291.4248034591195,0.951410718720507,0.012059028354188343,0.11478157535839277
82002.5,1116.5554744005203,0.8265637340525565,1.0654205607476634,0.746957606893662,0.9717202478996078,0.2570739153275492,0.7926626848483592,4.260265144456563,3.9982912523396013,6.114793876149334,11.182327330258556,8.260981503986535,11.824669436347873,171.19004546832375,120.01400424371022,72.78718399515004,15.652367384055776,152.33031827826613,121.16411637143344,0.9697212693499888,0.01687251946398213,0.2025270415286362
74746.5,1152.4579322338104,0.7072135332954849,1.188191881918819,0.8565755999174899,0.9572575687720916,0.5867144418464503,0.7772682443258834,3.249302168603717,3.7056306211387775,5.268611601853098,-9.844602987118023,-6.950248765110398,9.992653388250156,177.06086205751478,118.88957959752939,77.39928272564255,24.258497708706912,140.1109649996679,279.88012352610895,0.9416176911774967,0.011759863351986088,0.12532290038156252
32111.5,801.4528782367706,0.6282239239160535,0.6654545454545454,0.6380824639841033,0.9538258183330363,0.850364020251129,0.714897223852988,1.980063833805017,3.3541061590829213,4.5053376957762685,-10.707218490432243,-6.001821982194382,8.435065823935302,141.15613062230437,147.0595810227973,138.32051756007394,53.94294516327788,19.684596426370916,364.1905027932961,0.8978365750965822,0.011205403061251692,0.08003458204578179
68245.5,1046.1290692090988,0.7836341315483696,1.0529801324503312,0.7106241409471448,0.9664721793437469,0.4871728513954497,0.7883624620222265,3.336438567867315,4.144328579315689,5.864832798341441,-10.942127600603836,-7.542527549405567,-11.14232474507205,181.7898790199304,151.70645954956396,102.28493645270713,20.111662711642328,121.74479174249151,138.00343657687696,0.9724990293966089,0.015156173069219143,0.17622484495560778
109930.5,1274.413337469101,0.8505648893100063,1.1183098591549296,0.7800085145634512,0.9828649852030005,0.45672181951078233,0.7928858713590379,3.4088397354211124,5.2742642620149995,8.10315398054024,-15.362838583038577,-10.589209212823905,-14.80811693528831,184.9659950762101,135.96811302994098,71.71097172441257,21.243981028927262,155.66959016690197,485.71032468241543,0.868328814826213,0.01596940863862317,0.1676787942757786
73406.0,1029.5777686834335,0.8702080781683393,1.213235294117647,0.8178030303030303,0.9900063387594913,0.557906669745136,0.7885018840348544,2.9958258954542116,4.897639516011043,6.707836205919386,-12.522701522253623,-8.211362224304278,13.143101889515098,155.7458636843673,99.10816702320669,67.06010181700019,12.554130899834817,143.28174334533836,171.92796227962282,0.9581173725833269,0.012998222120001353,0.1379561949863466
66384.5,971.2173773050308,0.8843896755153857,1.023972602739726,0.7603484216795712,0.9938692098092643,0.21603784255454267,0.7975023687779838,4.828548940110163,4.830987003563357,9.006666251708207,-15.94185679452425,-11.612672314648604,-16.49505700556686,150.75770232641696,107.50868289469744,63.93065660648522,16.53324949848798,161.7570885355849,201.67741984134165,0.9596480676205486,0.013633308181008571,0.14002882106318043
33220.5,682.1391732692719,0.8971603004327796,1.0145631067961165,0.7716007804152925,0.9886759322639207,0.4694492519152313,0.7940534081361493,3.349021475793806,5.701969834181722,8.040462632988092,-15.155090622660806,-9.998085422157756,14.9973389764283,210.56614246068457,120.98785473426636,57.87207185700218,16.622780579511208,186.83629256065174,111.3137873055906,0.9464916040756827,0.028285718061467367,0.29806376275621443
43600.5,861.8792850971222,0.737578838660803,0.9838056680161943,0.7264207527365422,0.9614328713657262,0.6680304578276994,0.7810686927713165,2.733634618080965,5.20629233906917,6.334609955906281,12.105063887246063,7.701440244305099,14.551116577365814,175.50958542742137,155.80442544288542,121.29786459873105,38.00752734632616,87.93718872944763,95.27863912403386,0.9693227148551666,0.01953684884679749,0.22520840549511398
134298.0,1383.2833948135376,0.8819766385741912,1.1552631578947368,0.8050473564320825,0.9931741371532529,0.45538253919814853,0.7941053983067657,3.3732257617223627,6.06654777085742,8.263474783585735,-15.431986583129753,-9.951025885805066,-16.326544702812456,186.53991786630294,91.8060814517205,62.14797408489125,7.455790129130776,175.71100502587063,382.00843495481007,0.9043465046307716,0.013409752104924157,0.13465127469570443
138980.5,1417.3250257968903,0.8694103834066859,1.1596858638743455,0.8212715540165223,0.9907540410971111,0.4679375211579022,0.793201559856497,3.3816087845010556,4.634337618878059,6.8294336963750775,-12.56904039845288,-8.521738898531366,13.28970756882512,191.49239244115245,130.4487600108884,43.07855413401338,17.397935500508602,199.52945600939842,118.00077834472023,0.9684846156078597,0.016944750242676325,0.1787705799653843
108116.0,1360.8813743591309,0.7335999503893292,1.1873198847262247,0.7562463277468454,0.9650198598652207,0.5857473780107647,0.7844540939274274,2.8879185256664486,4.340855718676715,6.193154509430901,11.7702881088957,8.010454801528203,11.519678951454358,144.2220637884879,127.406226139113,105.62460097697397,25.30656927591695,81.88926708554501,451.46140373637775,0.9390218321334712,0.008787633391545927,0.08787413360217977
96806.5,1207.9869318008423,0.8336618170178259,1.0146198830409356,0.8157347017880917,0.9766103404791929,0.2825033335562329,0.7931400578691896,4.715952462250262,4.43745198123569,6.183499591393054,-11.965784375464311,8.708490710146883,11.520224902731202,171.36199439039174,133.53278949585442,95.3428230918599,17.862153637512456,117.51003256860469,159.43246551187636,0.9650857495858696,0.014269507979703043,0.18218033998821417
24332.5,595.7716403007507,0.8614636236835854,1.0056497175141244,0.7723132101821876,0.9823771650046429,0.2031642628522648,0.7977899175907557,4.898189935951062,6.2943348302812225,9.661180514819248,-17.895953780275192,12.449936702109627,-17.718313013897657,146.69517303078362,148.28262372412672,129.44504086861048,67.74356471879956,56.99471351307389,185.71952026468156,0.9660690116289186,0.013104984517014567,0.11841442205183797
12245.0,420.4751765727997,0.8703379689210495,1.125,0.7558641975308642,0.9803843074459567,0.43319262511859274,0.7949277530797529,3.549060886016208,5.09107520005949,7.729601671593533,-14.290863915790377,-9.637860452695906,-14.29004706291161,139.5429744084983,145.9268469338484,140.80524706261065,81.02567197811041,82.52100434572671,223.72219492219494,0.9417129796798425,0.01476508795877718,0.12636495684762455
44267.5,829.5950125455856,0.8082814187339374,1.1043478260869566,0.7577456350564875,0.9737145999450096,0.44089076713401726,0.7935533405585966,3.553664250363962,5.3062687249080325,7.502300229684956,-14.187275190988974,9.431184989574614,-13.97628050727812,190.78379044546026,130.14255624271757,111.63296585103522,20.819306265125032,110.52953302859191,194.83780185059808,0.9638516237272349,0.018024899377659196,0.15237352404349402
56453.5,897.3107435703278,0.8810793063771024,1.1270491803278688,0.841333830104322,0.9877522811376381,0.36180760918347094,0.7922126985405632,3.419353859344986,4.580415585332795,6.583560446515121,-12.468334445615373,-8.73830799543112,-12.227435643015575,169.45625483712092,116.33210792936043,66.26007880109758,16.09202842468163,158.7463061985506,204.5879161791299,0.9378858851976372,0.015969369981729098,0.1625288762242046
149042.0,1453.85193669796,0.8860906932497308,1.0955882352941178,0.8172237575119533,0.9923431341216576,0.40968113223853103,0.7954434434232944,3.666775712173863,4.840376549119846,7.314455964409187,-13.471265347932855,-9.153015117326396,13.64884634939746,191.4406873651226,130.43331796650028,43.636133437560545,17.32713315026758,198.52355468254126,91.85542022744094,0.9752507729707487,0.017698449193535904,0.1858176534712051
26804.0,629.5289987325668,0.8499198896805571,0.8934010152284264,0.7730733733271804,0.9837052260716382,0.4430249596603198,0.7944032086674258,3.575773584203956,5.013943119607864,7.009001728877241,13.094559475479743,8.840720198867325,13.289975733596375,165.60513293943868,121.2724150664697,70.57392909896602,17.503138847858196,161.2209010339734,360.75056112524317,0.9412878444258308,0.010359479049095068,0.08576522626543927
95572.5,1258.8153578042984,0.75791193319187,1.1981132075471699,0.7888253355123063,0.9736449350292127,0.5952782288380642,0.7822220767722756,2.853722345592735,3.9666657022811256,5.7534924595062495,-10.619930739364966,-7.189317621673178,11.3834193315106,182.70855353501724,123.15787940576755,83.04593025675169,18.55535558237277,141.83245599434065,217.95654034867943,0.9589541418061874,0.011620843411537341,0.12195170222099672
162633.0,2082.4692480564117,0.47126082970295907,1.4481132075471699,0.6247042283817835,0.8328451304321107,0.8298871097404195,0.670054282000719,1.8251921334393968,3.2711421443159794,4.244858828727104,-8.089810050629705,-5.18110179228125,-8.243626433333676,150.4627400532941,134.8492143710374,104.45105822536678,32.841299886673404,91.82666544151428,155.78057514188143,0.9767249773198364,0.012531800771647863,0.16900919051298108
115010.0,1292.3128315210342,0.8653865767626839,1.0080645161290323,0.8244444444444444,0.9892099480064852,0.33316758986546136,0.7955111444590766,4.15308837189017,4.912573599806023,7.956996633844876,-15.327215681946406,-11.260757507971165,-14.394724995388865,194.6352285607981,129.4638706942053,75.03846985835547,14.70188022946933,164.66636093829766,268.69748302525704,0.9452730752286551,0.013711947939042781,0.1508999962245706
43267.5,834.4335469007492,0.7808869315040162,1.1238095238095238,0.8730326876513317,0.9723033707865169,0.6172254834975959,0.7817160045700358,3.2821075168832565,3.8775036619356604,5.577683033641456,-10.417942166059822,8.470471245056505,-10.501660179086187,158.58526306145356,163.52211456973362,158.01209372637945,76.52424471472091,27.687074829931973,475.33156819026385,0.9214943660139328,0.013716452218375384,0.1257005312823999
73689.5,1059.7026615142822,0.8246077716718757,0.9936507936507937,0.7473959125716314,0.9729142736430731,0.20894001712715557,0.7970492742641588,4.9999570945185035,5.064541021182086,8.053518466369345,-14.612631540251378,-10.562114245883446,-16.320566063718427,164.96102284681575,94.96968143932241,66.36382272813098,8.347840746635018,159.83411107814314,363.23620306056,0.9236202511193311,0.010416803349726552,0.09371675304222077
54712.0,987.5777688026428,0.7049362512358226,1.121212121212121,0.7001433251433251,0.9158966117584036,0.45789586550071654,0.7808390531255721,3.268376973548497,4.262842031765411,5.241113472118259,-10.199079497262966,-7.250140802377991,10.099459685081511,189.09575104727708,129.05344286672832,73.01557767985057,15.805940917251508,156.1534374263279,71.16560287590332,0.9742722135988643,0.01956356158941549,0.1922220973271916
112966.0,1268.3960909843445,0.8823640904501104,1.075880758807588,0.7711358221894562,0.9922833338457282,0.43191471249033686,0.7956581001838694,3.5877835710279062,5.486867344473233,8.184485469848456,15.057540434986812,9.980989221088493,-15.420649019264317,172.15057088487154,125.81288543538781,82.22871515664094,29.681053317827818,134.60773689960178,152.88327114427864,0.9684793408780947,0.013450969400231518,0.15588418716333585
48829.0,837.695519566536,0.8744103891742125,1.1330472103004292,0.7938125894134478,0.9879013494648674,0.46369407668177864,0.7933561002861778,3.3459895555924577,4.755529085713951,7.0138587444653036,-13.080268502734642,-8.882537773435638,-13.021791841194917,185.78172578514076,110.52377274113222,60.14192499237727,11.37731476776095,177.8715926415286,607.8258946935418,0.8774505781955924,0.010352863753230081,0.08718388879543879
75643.5,1083.0163692235947,0.8104224024826768,0.846820809248555,0.7461530115015093,0.9754850440714686,0.5014791058043253,0.7916710368733503,3.2365705511834175,4.569251489443973,6.773299303713717,12.71850606463148,8.736335550884698,12.516884398950863,172.53295230587307,135.3460911838129,106.07180396794114,24.03509394297727,95.47405071606885,72.38313205043131,0.9820714401659768,0.01676064085549322,0.19352635669322882
121331.0,1355.224517583847,0.8301549104771202,1.0918918918918918,0.8116871822317366,0.9793603900297042,0.37251919277406415,0.7946830817624702,3.777623071592535,4.801293585183083,6.944942079387337,13.040415276723207,-9.212724336815672,-12.914685472057611,155.60290691951838,145.10521998753242,102.34822336690837,27.837847370320553,94.96041536795828,322.01589105160883,0.941985117967852,0.011056618787813735,0.11355393981858289
69270.0,1048.6315908432007,0.7916061828142863,1.0468227424749164,0.7401669035229252,0.9676675816692161,0.5689757050270062,0.7874698047961938,3.0315113360852988,4.369774556561405,6.128873772873549,11.461739581673633,7.675525991735243,-11.626056871759046,157.1874587648088,112.8831358825048,103.20472734574453,52.32553569891856,122.30485356128625,302.3092090102547,0.9547391908568168,0.012556989951837296,0.13398230125714206
87710.0,1126.1707011461258,0.869061530870348,1.0547112462006079,0.7682874486479858,0.9861649080002923,0.35195774003855135,0.7969503228061356,4.123727412537651,5.299274023732941,8.747504793380813,15.771328292956758,11.057282949942561,-17.120697968712914,148.5024492572854,124.4266923687493,87.32673772536569,21.991087424878106,114.24683070642931,267.69557947778287,0.9478175025345398,0.010986458220815792,0.10321483602714725
53528.0,922.2640610933304,0.7908248547424076,0.9962962962962963,0.7369957317912709,0.9629676270317433,0.41922769380032365,0.7936458158156413,3.6132599413211626,5.073486921036291,6.800671464862988,12.92151676964674,10.179163286371733,-12.859436542213489,155.03753152351283,130.887349799733,96.30815160955348,19.99864634327251,107.50971665924936,538.4633900582178,0.8957603740783918,0.00926877747205429,0.07650053043802871
51568.0,954.3229360580444,0.7115401790732818,0.6288343558282209,0.77162950770612,0.9592172691846244,0.7859771539600913,0.7418181074500045,2.1780913575701373,3.672952517731866,5.106854743781207,-9.534071107316796,-6.224294555357822,-9.897596289583596,116.2120833253188,122.8717805689665,103.17547942834061,43.6231510511839,60.193194714266475,393.3384535126362,0.9375261191292704,0.009527846235333858,0.08251207552983589
51581.0,860.6072082519531,0.8751644400006403,0.9256505576208178,0.7700840536868664,0.9870544897861551,0.40193983304227904,0.7956682083218793,3.6838387832241644,4.760279079806917,7.439822124703385,13.629651999900492,9.368454165888203,13.775007045799695,203.22829204442647,132.25862832284267,65.08908394448615,15.807106696694962,169.96773883082136,126.58260886515147,0.9238616028694832,0.023876460972091645,0.1949685345146082
104799.5,1250.7422040700912,0.8418475754952083,1.1366459627329193,0.8892466822794691,0.9901878342372304,0.6249260264645965,0.7811958845874385,2.869124144776322,4.646544330315843,5.963050073652799,11.452122637887191,7.705367687012432,-11.389151321382586,180.05954470834953,127.64582522797795,79.04800584534507,29.711907992750255,144.94217283622595,173.5066219470244,0.965987509785538,0.017174513739491925,0.22151890778267985
35384.0,765.9066343307495,0.7579928822823602,1.1925133689839573,0.8485168221385578,0.96726487432172,0.6991791844583192,0.7725217764933703,3.067214120343367,3.2974506681564626,5.063356983599274,-9.361117968274206,-6.84562481013587,-9.43342542120921,228.29365523415208,182.2223745314161,135.59307335086444,9.805488726011301,115.95202260392772,94.62177755262861,0.9877441818329806,0.3888759732098085,0.4991928343905738
77083.5,1055.0752440690994,0.8701706356072243,1.062295081967213,0.7800394656952034,0.9868645939354368,0.35553020955728104,0.7966908508363775,3.9494480185908856,5.185230641723794,7.962018606609311,-14.878740319061897,-10.121442368337428,-14.585725015680701,171.51237409886383,118.46304535665003,69.00193446047896,15.967410789130911,157.80180807572768,156.49923382593565,0.9599005085151707,0.015957100702826837,0.19393738838837488
61625.5,1045.8204091787338,0.7080372299436705,0.7485207100591716,0.720648081015974,0.9580930022854123,0.7409815946476305,0.7561819387735919,2.356865634719906,3.572529053515179,5.075562002113902,-9.425085248901155,-6.2735819618563005,9.87751873668648,144.61119433035356,142.97157123298706,113.31617943142467,28.48787952001289,59.8057179673029,85.35480632206244,0.9673231229157846,0.017352641387298848,0.16014852048406047
140586.5,1418.1534554958344,0.8784297343928046,0.9951923076923077,0.8163002833519137,0.9913338104791084,0.3331800539584249,0.7967572741858439,4.224850114386907,5.211098335307386,8.473503871982343,15.417999611984172,10.827697755504543,15.528565118745536,190.3042194272117,100.58466474037563,60.845323078666326,8.953492818900315,179.39620690631995,149.885311942959,0.9597123190437499,0.014855246655915193,0.1641406306067365
29021.5,668.0559111833572,0.8171543506691654,1.1955307262569832,0.7576228267112202,0.9681901584653878,0.5218776372522299,0.784579421403987,3.049273554007189,3.9037385949720957,6.135129793587158,-11.322851388725338,-8.56953244171219,11.288651761694629,179.34368176855895,117.3542576419214,87.88868040393012,16.421567958515283,135.04421397379912,430.0674234606123,0.9197653724513665,0.01349109667274386,0.144507568554826
76852.5,1056.0458054542542,0.8659690127585045,1.0095238095238095,0.7672207247678946,0.9862747362747363,0.22822621505042145,0.796536409743179,4.436549642965692,4.96238145050098,7.414312983185704,13.618189717045905,10.022594928798293,14.183176868432858,166.07770217829977,126.48463289698348,105.49508459667821,30.421586381745744,85.9334868318932,433.9508479858713,0.8854523487662692,0.014083214905294631,0.1626114451915048
36040.0,962.7493433952332,0.4886165625893151,1.0260869565217392,0.6639646278555638,0.870741725054361,0.6613072813395013,0.7567221003006384,2.685358738853561,3.519918964520814,4.268293548408085,8.198073813858791,5.627133404423796,-8.572193867545058,138.36706985929402,101.344798266546,59.39883156422283,16.497901752653668,138.53372281192574,213.09507101086047,0.9529781918869455,0.013478556923059092,0.14151516832015595
57106.5,901.1341177225113,0.8837237809627304,0.956989247311828,0.7666022310821151,0.9908044381598466,0.3897697311394894,0.7960369842137682,3.759205421373228,4.7793054022741,7.4779571486368015,13.611712927033754,9.366978467807058,14.422696921101366,203.45702010714535,133.53790092534615,67.28276977666458,15.829645863772352,167.91564043693037,123.50859674413701,0.934675677744944,0.024038922463965284,0.20756408912230284
63742.0,980.9848426580429,0.832359529120232,1.2323651452282158,0.890537463151571,0.9901669902912621,0.5466061830259191,0.7792097937466499,2.9088637173961804,4.047447707070679,5.447109551602058,-10.346907377477045,-6.9453732873141645,-10.342917309126365,166.6068234927559,106.02695123851068,70.83939866022745,11.83872877395233,146.90864620657425,218.64331200200763,0.9388578055845525,0.012479896364044275,0.11458984505451296
77987.0,1060.9158635139465,0.8707033023605848,0.9096385542168675,0.7778165642703263,0.987133481428038,0.3348185826905242,0.796111988618652,3.862568259598037,5.31513006589054,7.468226096789836,-13.87500064946034,-9.418300559495064,14.446348119497808,175.9812598003595,141.9227827284201,118.6441401817927,31.47759462525975,82.89276016368991,167.5126472094214,0.952679029946065,0.014962651973667853,0.16481275098440673
41443.5,842.7665877342224,0.7332493234671045,0.8171206225680934,0.767898832684825,0.9482878945622204,0.6044389343803008,0.7668419472161018,2.763437853892486,3.3140506399400267,4.811010258852908,-8.879021132192596,-6.192785558628836,9.675245237366411,146.28858434383295,115.99916289971539,86.86766640357801,16.2958790748846,118.94743010212623,1209.2568579155798,0.8355447205505001,0.007435144544631606,0.051895960086517576
128321.0,1434.5382264852524,0.783580010567542,1.0736040609137056,0.7699475585316389,0.9751206352824955,0.5946226129148008,0.7843510189985876,2.888482789476671,4.3103656222128235,6.217919191250405,-11.491382440944406,-7.665522900674468,12.17035491166309,186.33264732378615,153.64379795595042,122.97501630890622,14.64707526948526,88.5334099593054,138.68033582147942,0.9710532669102192,0.015305539811733682,0.16711888265359345
47473.5,869.5117547512054,0.7890603129512652,1.0808510638297872,0.7953342268386664,0.9732863161563458,0.4312957192958199,0.7951327741085683,3.673031544557436,5.1602226023729285,7.6419593745575725,-14.062308646336152,-9.501488657448524,-14.578676715933877,147.52796640270782,144.06644240613443,132.56716324355946,60.57857127932972,51.61822778462631,341.33298101720715,0.9313259920431434,0.010477594903384515,0.09136307410982147
25324.5,611.2863581180573,0.8516503628221285,1.011111111111111,0.7730311355311356,0.9853315954321732,0.3126771040684014,0.7959113361585408,4.506405755298967,5.294592491135212,7.025969600039813,-13.281361893593145,-9.316384583129349,13.41133445991571,153.752813379181,130.7981791184745,110.29989840575179,31.344287277274145,87.08490934667083,282.503980574795,0.9532185451569805,0.012693915092154825,0.12522898647862227
118354.5,1297.442773103714,0.8835237259206723,1.1428571428571428,0.812561789421651,0.9912935323383084,0.4490981735120993,0.7943432231498904,3.419517556530908,5.3732860269539575,7.7041830391845725,-14.250233647671637,-9.508773810869432,-14.982803410519885,178.15542120045072,117.85487966902676,61.84185432468341,21.368872033770035,160.1343317468593,131.3287765272222,0.9671622061662886,0.017456874951511735,0.1991804314155591
102923.5,1217.7859200239182,0.8721325857032278,1.0935672514619883,0.8046681990180442,0.991837757358787,0.4918672091188262,0.7928239023494852,3.2699686779037296,5.083178804972806,7.455368536152567,13.770927798863472,9.242090178805729,-14.083028324287838,172.15878861694313,135.65299849205428,99.06538297954607,18.292386807408267,114.25002899895604,137.2758956386293,0.9719308635788275,0.013863352206583407,0.16939754783139774
36836.5,827.7960250377655,0.6755251926004114,0.8127340823970037,0.6357807349108545,0.9509261051952242,0.8254301669807016,0.7288729081612317,2.094448550521583,3.424406280696157,4.484909609366065,8.688866342058567,6.260185936698674,-8.522436884442728,128.77770907820104,131.09594343933978,120.55829457781124,39.557057985429715,25.99731175569236,335.46067844677134,0.9170285120161602,0.011352879569498516,0.09373968885208642
101084.5,1270.9574950933456,0.7863798524997943,1.0584795321637428,0.8164881587024652,0.9662339772694686,0.405548805816429,0.7891853646214378,3.6769843189179383,4.246528997811767,6.177608168009976,11.390249593494481,-8.279835277073087,12.679322623437786,205.41030106257378,156.16267217630855,123.66241637150728,12.678768201495474,102.89649744195198,111.41191992540126,0.9757921731181921,0.019641854580660683,0.2053927122067618
125285.5,1829.7758129835129,0.4702349551385759,1.2641509433962264,0.5512773690509716,0.8188327178850364,0.7541398036121877,0.6881740788823638,2.026031874884518,3.130496655630287,4.095944536305877,-8.08173488322407,-6.393755299897684,-7.752213011947638,145.5427667319634,130.3883385808662,96.63641338398457,32.04002664742131,99.56279988262445,176.41899419113548,0.9740884879110364,0.01233933736186631,0.1649137498310112
27167.5,630.8843369483948,0.8577486619566324,1.054054054054054,0.7530838530838531,0.9826385749163578,0.35163551018180683,0.7965182235692296,3.9462675183720526,5.691142260777959,7.747769891097334,14.864039437493181,10.425556130457167,14.505301566924096,143.03804803382047,150.5842414082146,139.70465395969242,63.88756878895004,38.61740588213856,481.2113451589061,0.9174908764399872,0.014567105316461345,0.1275333334142843
60133.5,935.5361404418945,0.8633864084739583,1.0950570342205324,0.7939044676806084,0.9871868535968743,0.46871677603431294,0.7941931735904244,3.4830401371237047,4.774459968275043,7.0975597888715125,-13.042921661157653,-8.846350854166102,-13.72115393731851,153.88730137755607,130.44433616332464,99.21175382379174,20.051683129067424,102.40011892570446,483.0102538576406,0.9094666548742492,0.009515025297150172,0.08534344962863341
60860.5,926.4478287696838,0.8910528104469152,0.9753521126760564,0.7736373112320131,0.9916171079429735,0.23151254797356752,0.7976804207780459,4.805254598171856,5.260195264421685,8.858428156021521,16.10387946904378,11.261101598651045,-16.037659354104292,161.56574758803075,139.62495714775454,116.45536020373181,21.901839789738315,77.22797394583476,59.70766268391429,0.9835696151669195,0.019253859113113614,0.21574554010229346
109946.5,1381.9524372816086,0.7234442687378093,1.1546961325966851,0.7266019455972931,0.9564266172562427,0.593727419241564,0.7829228994577597,2.893822263028567,4.287838572473656,6.22686608475338,11.528895571667347,7.901817853733954,-11.849508508431885,198.2806871534154,135.93873877133785,77.30303139954589,31.492080005065905,160.04285210280165,103.49079095839554,0.9729939848018687,0.016141601351427264,0.18361067039861964
67291.0,1019.4356346130371,0.8136679797973593,0.8986928104575164,0.7996553773024361,0.9797971708758928,0.45017737492893345,0.7943578644008272,3.4684558694192065,6.4477258865839016,7.788654644912214,15.395905315683406,9.543352821936354,-14.930973897399136,165.96610569825805,117.60060525538825,96.87441688810156,10.068881015648065,115.72267493356954,401.61559251559254,0.9247063308557807,0.009825240497914296,0.08612484447342819
74946.5,1070.3889509439468,0.8220116738139369,0.9841772151898734,0.7626124384386829,0.9838662037006649,0.5432540441812901,0.789451325926881,3.2160777878751508,4.011288373074676,5.8470356955969605,10.928232205295057,7.739905045320355,10.92520380886577,198.45970030499936,138.3334836228617,93.6281527648853,14.048667285505902,141.81497148919243,109.83941605839416,0.9812993717348254,0.018479276934637256,0.2552077795179821
43988.0,867.8376557826996,0.7339510559057458,0.861003861003861,0.7616046539813356,0.9433209667388647,0.5883661126637596,0.7784201104621427,2.993838817204815,3.778812049795381,5.326827460389716,-9.880103996287618,-6.827064865553853,11.21839880072511,142.5335947889197,109.90556043906507,86.83000879031712,15.260666711745216,107.54051434624833,1257.5612440191387,0.8019013282489947,0.008161098011496316,0.06376687296149346
72080.0,1046.205185174942,0.8275436408004581,0.9836601307189542,0.7825765965300849,0.9859858148267207,0.5918981901619351,0.7845970569448282,3.002265164136258,4.455789516066898,6.861596093657208,-12.526731614034244,-8.363474862845143,-13.287344971884272,216.9527827177854,149.29870273102003,45.45608448102348,18.23026869046142,204.07532707445856,71.46903956056151,0.9524914404042533,0.022170781913806243,0.19590639452833467
71175.0,1027.778778910637,0.8467165471854579,1.1312056737588652,0.7912025611952245,0.9896619089663995,0.4509245543296895,0.7940910048801018,3.4068038493874817,5.286700025761072,7.349425468242555,-13.88479865015239,-9.714037905726922,-13.766993338904872,182.6731491435033,146.31181504697818,106.35696435801141,16.022267517346325,110.42964441776375,109.22633831770437,0.9595389000748294,0.018217138449060845,0.19291500707811426
28595.5,671.4284944534302,0.7970912146437659,1.1021505376344085,0.7499475478625754,0.9728014968532064,0.6537035672732021,0.7773162504437712,4.5852861996942185,3.181859679557944,5.845972753499992,-10.3745834396922,8.985683736824676,-10.951994973346846,203.82863175383338,140.61631649994808,80.42580734484788,16.312727146862347,159.26471911667994,120.71766694843618,0.9699111665450292,0.019241490642621057,0.22150667745599317
15601.0,479.44573950767517,0.8528710510770003,0.9657534246575342,0.7578451374720684,0.9715406650890522,0.47457749822321194,0.79251735921843,3.358172483615771,5.17606794967946,7.406650092561675,-13.738769987680614,-9.101333931444314,14.081326255969165,202.12657347080776,125.1333417673477,46.51584540451641,14.702511227781642,201.01322031754063,346.7007741935484,0.912615722791638,0.014804378237007835,0.12582335352927873
108800.0,1276.253956913948,0.8393914790111381,1.016304347826087,0.7905138339920948,0.9791040478033153,0.3865158782173036,0.7945866731729464,3.627177721883382,5.414973209201311,7.344157876465056,13.75886446579006,9.262113465528822,-14.1365268529068,129.90975600834034,125.72170501518089,111.28915938105864,45.8771902549658,49.91861762446501,417.3714838353136,0.9202730618353872,0.009440581208468045,0.08788538142746156
119002.5,1944.8296394348145,0.3953691872901712,1.8704318936877076,0.7022329358030956,0.8592889713660602,0.8484389492494313,0.6510252187818093,1.7396824834372642,2.7868112124172515,3.70823307435409,7.149710694384765,5.0465407330056244,7.070088121781136,182.59811774128954,108.11804164997997,54.91107662528367,11.493183486850887,185.50475570684821,204.16585406718607,0.9639385123281953,0.012369683884802475,0.14859473986803431
40800.0,765.4945152997971,0.8749552882587984,1.0675675675675675,0.7754590033071046,0.9858882659965204,0.353269742168856,0.7947765396683979,3.962509946876217,4.645165109616882,7.05719336695231,-12.924558140536032,-9.45833626632241,-13.480228731751914,151.90998614049164,117.67828920174095,65.5468670216646,20.94555887859557,145.03710457850073,145.61955076104627,0.9644402862216216,0.01606353436033266,0.1712882619600043
39295.5,810.5411931276321,0.7516272215268797,1.1666666666666667,0.7637609329446065,0.9490176663084299,0.5606183739245156,0.7805640549769807,3.01708276434509,3.8606710361648537,5.665255808875833,10.428460838231617,7.1827087190445935,-11.905162572930182,155.56001613879363,106.52352733508171,88.50408513213638,10.303207585233004,125.82976094411943,461.4760164458658,0.9318303966846715,0.009453417508858693,0.08021258350565168
73844.5,1142.0214240550995,0.711507554749459,1.0734265734265733,0.8410343727933305,0.9461239341699819,0.45782238541364234,0.7838574461560701,3.4023114428146393,3.908558775671373,5.609324436999636,-10.858059284892287,7.671684110721058,10.392309064280475,196.56967251697935,139.74429426400377,99.33256674063614,14.073633245914868,134.0813260708762,145.45361677881485,0.9764807196191697,0.016542263925527913,0.22534775120250317
47961.0,892.4650754928589,0.7566858863966823,1.0276679841897234,0.7291121921556705,0.9550939939461526,0.4435842574236853,0.7917625916410171,3.464131306377607,4.404544412366402,6.773120722862386,-12.77209277319497,8.736542040777417,-12.39756568247899,154.31016153384766,141.62630044054686,118.9677759622743,22.21377898198515,74.74102876998491,424.3748062502618,0.9381920972121519,0.009543894230319816,0.08931834051518073
139830.0,1465.1858533620834,0.8185115046214584,1.1483516483516483,0.9190151953309849,0.9947321806495673,0.4936927780719446,0.7801412443887253,3.2051631489068098,3.8227093701844934,5.391661124487183,-10.004129894120595,-7.140053862694395,-10.808398162022716,189.62053187022764,146.6608242067135,78.63028116393757,33.9441372586694,163.42025860535284,89.58137517741682,0.9831125147996472,0.052033799156683894,0.2832986931799507
46949.0,834.4650750160217,0.8472661986808193,1.2079646017699115,0.7609484910369866,0.9855160687671866,0.62882990323415,0.7837336965842248,2.813508871837266,4.378619156326096,6.216072173822397,-11.615578731971329,-7.707100473721726,11.726234139576109,193.83317832079143,150.2207660437981,93.13543163946902,18.672613511456838,132.19417434683353,251.12898958866703,0.904957813161762,0.015300370758470482,0.14362296174186664
22741.5,587.9726492166519,0.8266367748512036,1.0591715976331362,0.7517602723876896,0.9725655390668434,0.327846188838238,0.7950232433194824,3.949231101417573,4.883883692548758,6.8952357334572705,-13.855053663259298,10.108978827653203,12.786372381716463,190.27783816687682,129.40253924083655,110.82638375581547,12.87469020392191,108.51663115787643,409.89139072847684,0.9122326987566338,0.01129587282297905,0.09182739975865216
66066.5,961.2173798084259,0.8985617642056656,1.013745704467354,0.7696021899935931,0.9934289172750307,0.21864437380579932,0.7975025602397771,4.83726723781688,4.835087102590833,8.873570468780576,-15.727902753101944,-11.360066998097611,18.1243288022795,150.11801429108687,107.09745016923655,63.804497931553215,16.421301241068072,161.52182023317036,442.20867278696494,0.9139380529881319,0.0130786362963389,0.1314829007073443
179151.5,1654.6042428016663,0.8223222579448407,1.0736607142857142,0.831375761063261,0.9817031571506462,0.1808342654831778,0.7951682550606329,4.533397864271109,4.647267455806854,6.945947567355386,12.875111461701872,9.750468404730118,-12.912648916869877,184.1743491096298,138.70326737792504,76.51550294936871,21.271341921064774,159.32362441554687,145.89608144877113,0.9681834774397337,0.016725186511600862,0.21010546210313352
49713.0,865.0924866199493,0.8347467862998627,0.9765625,0.776765625,0.9799044005322032,0.3373745222103937,0.7961780915700367,4.047078937111583,5.371301673521114,7.325267721278892,-13.754855649846021,11.292483280002095,-13.926260385720122,141.08777254212924,141.14431754652185,135.77252216276656,76.01555386949924,56.857639166200784,280.066395992405,0.9374211452395539,0.011317196536929456,0.09839273948569073
15801.5,478.7178158760071,0.8664609582887263,0.9586206896551724,0.7839990076903994,0.9818865345181135,0.482939729033037,0.793002564296994,3.3642896950289223,4.907995383671518,7.252634075487163,13.352649221543006,8.937767569902187,-13.863864001832027,183.32052963587535,104.02517019549062,46.53032290300419,12.732871151083632,197.02079820123666,339.8546666666666,0.8983874023760844,0.013147150590796944,0.0918144575372748
78066.0,1054.2884480953217,0.8825775890292041,1.0256410256410255,0.7819110576923077,0.9883773928896992,0.20396032408679732,0.7972075519609262,4.857373603959837,4.971305627000206,8.513435032286507,16.314440095558886,10.948915632168825,-15.257469340636641,152.99188741721855,133.20701732042792,108.63669128884361,21.254024452368824,88.75508150789608,395.7842037890425,0.9471392483549886,0.009229603729627866,0.09318031873744408
36088.0,762.1564153432846,0.7807005025454672,1.1019417475728155,0.7717377357683589,0.9646747483927879,0.3292226782233741,0.7907390069875246,4.119767037730192,3.9107217085139947,6.100656003127919,11.136488466101996,8.161267067203589,-11.550021886554328,212.06075164026683,128.83701649875093,71.30233068877482,16.247563620391468,173.799516841903,124.99805068226121,0.963113365239342,0.026947122625680435,0.3121928620161684
116533.0,1322.170696735382,0.8376907804703583,1.0506666666666666,0.7887174280879865,0.9795117276972023,0.31295492259744245,0.7957005706802337,4.248886406937612,4.839180012327705,8.464886723644723,15.737059642448076,-10.590584362036344,-15.129781030645114,154.6567956895595,144.4471398929221,101.6118383414026,27.76962881368958,95.45316836163981,495.6166589494263,0.9132438706216919,0.00996655942794574,0.09523660602352083
32605.0,703.5290005207062,0.8278088398385696,0.9516908212560387,0.799553691851198,0.9773095138181164,0.20673206687512954,0.7943668650744177,4.513674188815014,4.655955726235014,6.936720665156441,-12.744461091594271,-9.19396867617393,-13.378617275162833,186.8075520991555,138.40685946898353,92.80302570022481,18.050580229661584,130.96214836867367,173.40187231430326,0.9476200845871757,0.015119853013577388,0.15348816703254375
122561.5,1312.638731956482,0.8938682303075697,1.0,0.7855247556481333,0.9936317867479549,0.2907386225728641,0.7976244876903689,4.321394175060102,6.059746067690599,8.892260296413102,-16.686072179118785,-11.396387362588275,16.425416185361296,166.63357563451777,122.90621725888325,69.3747573604061,21.746883248730963,148.67010761421318,107.83528448628738,0.9562001264796209,0.020357688724613784,0.1962648700420716
132886.5,1379.2661496400833,0.8777979687142853,1.0343980343980343,0.7755402779155748,0.9905519030368084,0.20029892930826834,0.7975170524945655,4.886437450380785,5.267057560284246,8.826171045457182,-15.992325130808622,-11.721116965855202,-16.059441109288695,166.83524872640095,123.11148486664669,74.52726251123764,17.951348516631704,149.33889721306562,122.8235736865874,0.9768108709288855,0.015336870538516496,0.20851673863881548
90540.5,1154.2123256921768,0.8540461455444609,1.0682492581602374,0.7462949225189581,0.985281795131294,0.31356980633324105,0.7952258618046344,4.47631771930058,4.310427249892053,6.806379268822286,12.368555782034036,9.091082840677728,-13.246685568834842,144.41869253331282,121.21627797124056,84.87883248563676,22.176665092111477,113.53203853632279,240.64921373200445,0.9516494769716621,0.011590018956847945,0.11660082801935139
53027.0,860.8914791345596,0.8991043586316909,0.9811320754716981,0.7696226415094339,0.9926524958114546,0.20352478900072746,0.7977027118390148,5.158989767749765,5.082880883012749,8.42166941003113,15.22058953593569,11.0986989058501,-15.530824423505974,179.43009383252488,140.3238626786283,78.31459180042329,29.071001816717548,138.62219766636076,163.45443252399775,0.9306986180319418,0.015563494159854509,0.13898667350213045
138421.0,1472.1118196249008,0.802657461179947,1.016990291262136,0.8018455870426582,0.968947968947969,0.19838879765036663,0.7954628358904684,5.274739461481092,4.632442532616355,6.778781382490448,-12.734321471035674,-9.565374211588463,-12.566970855043815,207.95275726437956,144.69339680302585,77.7887811086583,14.379775507122364,167.15285937196643,83.205496623482,0.9777014037980426,0.02086357636084887,0.23546207045279216
77462.5,1056.246815443039,0.8725102709052363,1.026143790849673,0.8061956204987303,0.9878404917363803,0.11342918226471262,0.7971373946138322,5.155330319336123,6.49223411503689,8.318464101634195,-15.886027752714517,12.882353423740428,15.863226919777869,151.91146160855226,132.98196891723669,108.54270350739853,21.401291051192874,87.88469090489086,430.3812176065599,0.943207010790011,0.009176900515215516,0.09159996301754428
52428.5,903.6782734394073,0.8067697663698973,0.9776119402985075,0.7466745471117694,0.9688975541243543,0.4547749863244978,0.7929817166586405,3.5236909290522185,4.364538215185257,6.465971727008456,-12.20175667412024,-8.40224332905371,11.937566707139728,167.99888297771633,124.45074689032356,87.8805354133929,18.083738806111437,133.9562846702891,557.5691411935953,0.8975707133455297,0.008873038258666555,0.07084655420775546
61725.0,977.2346211671829,0.8122192408448892,1.0035087719298246,0.757269046742731,0.9721773780742304,0.2482325662012323,0.7958981247889516,5.281936214270571,5.13739412485899,7.547866048980319,13.901081423514544,10.282785563128403,-14.55179310648568,169.05084473049075,127.60030571198713,109.47095736122286,10.165599356395818,108.72781979082865,1663.9435969685192,0.7940854633446736,0.007290478389341799,0.05893747158493316
113781.0,1298.2295727729797,0.8483530288550728,1.0555555555555556,0.8317324561403509,0.9839370105976816,0.37247028295090995,0.7952918904924855,3.785773774870911,5.449611220525939,7.507618454268231,14.307016316537744,-10.186390882028972,14.042498398164438,165.9645568070519,120.07036169021967,92.29598957604588,26.579561354414437,114.18779732755002,396.8213263568205,0.936052628521129,0.009784849344484231,0.10188660593780477
23978.0,600.7005709409714,0.8350389442543871,0.9943181818181818,0.7785064935064935,0.9732121113726764,0.37338334591000205,0.794745591341645,4.18487985076463,4.67946507984328,6.5421368880325845,12.186719027236808,8.648231045586387,-12.573649433297698,192.48869636963695,181.98634488448846,173.17578382838283,23.17904290429043,30.068110561056105,177.1356095517386,0.9540331233230454,0.016892158487734357,0.1525531350613645
109472.0,1250.6559773683548,0.8795027268665468,1.075,0.7857594028136664,0.9901860578706007,0.38475771654883645,0.7965834659325933,3.8087198490459824,5.4693129014123425,8.424122502041772,-16.512218126221207,-11.641309726151874,-15.371975563104545,168.78885222655504,105.26987719633135,59.101915228200305,14.569096379518784,173.2335360366502,181.52871006133844,0.9630277666946985,0.014610181624343965,0.15881853021584957
167432.0,1899.9250946044922,0.5828749227823118,1.6259946949602122,0.7244970813626942,0.9044902545485977,0.8873364753854911,0.6592991499676059,1.7424916881998624,3.646465692533937,4.707475803943361,8.90672296438735,5.593786010219913,9.389944082399431,191.10360772659735,95.67143536404161,60.60394056463596,8.04304309063893,182.79817533432393,173.9878346949729,0.9650519686839901,0.013508625162948911,0.16527976181139425
15259.0,475.1614680290222,0.8492851026702883,0.9507042253521126,0.7959833072509129,0.9814439620517769,0.4496286703862588,0.7933246996855716,3.6903339133269175,4.373654953849692,8.983330444879902,-17.13133099170065,10.918400681971,15.662073172231914,184.48884866507206,104.8150494537462,47.28870644514836,12.647682461697588,195.8644385545284,366.0233412011539,0.8854186911328437,0.013360582998111279,0.09192844857746924
78256.5,1063.5016510486603,0.8694686898601147,1.0550161812297734,0.7768628268509142,0.986039098085416,0.32729255277391056,0.7960300561232776,4.018748462358995,4.526476821865853,7.418231015978481,-13.536383307581042,-9.70651224815982,-13.545921286040661,194.56474235186502,118.14946895009655,71.56221414777924,12.762831588576073,162.896521496087,172.79454685099847,0.9552557725351127,0.015527042861156172,0.16077520765365805
148460.5,1993.481444120407,0.4694576148458762,1.8134556574923548,0.7656115434400318,0.906272033305965,0.856861418668791,0.6894399544279958,1.9032096398639373,3.310245002686032,4.476791282646098,-8.402400475644791,-5.4353364749389845,-8.80134257141505,180.82845911212607,114.03517207663924,66.12156198308365,11.573059742973287,168.2896539715918,233.95266132830898,0.9575666195689441,0.011869301958892398,0.14346597908575826
74428.5,1037.9036707878113,0.8682304931541386,1.0570469798657718,0.7928891019495047,0.9903135457345672,0.31587259104391235,0.7950580548402545,4.179114861599615,4.1799188803336325,6.810687886804808,12.429205112616135,8.945547967002968,-12.487740288339577,183.39021328311765,104.87723867142113,49.095596778717095,11.867502704435275,185.31671941984857,169.72534205990087,0.9455046785152129,0.014672939664916233,0.14141665458410185
112366.0,1283.5432809591293,0.8570847146607223,1.0216216216216216,0.8034177034177035,0.9864237901898387,0.29201213286570266,0.7962984823012588,4.507424356052849,4.891483972928138,6.964538696770842,12.894331332284846,9.264186984723368,-13.936448615964636,186.51415946443754,139.0933869368093,71.9925350665911,18.007270119013885,160.44239692547464,153.9004264392324,0.9489790046569596,0.02038492717058079,0.22199204797449915
125624.0,1338.347321510315,0.881342703737258,1.1534090909090908,0.8790304523063144,0.9939708512018737,0.37738597819360753,0.7894386598505231,3.25747609697571,4.657107995721604,6.425504413990648,-12.117765278471522,-8.056446500091964,-12.116886843278442,184.76213903743317,89.8365458506635,60.83393147157853,7.136755793226382,178.46448009506835,186.34848412508953,0.9568582939056881,0.01304946218636671,0.13516789320127365
113134.5,1274.3544632196426,0.8754360711890082,0.9736842105263158,0.8046550497866287,0.9909562307847276,0.3645705961287416,0.7968529163150464,4.080481923821991,5.805361108349169,8.322784197662706,-16.536397616010497,-10.773288655520197,15.387950216990474,205.44836958912063,136.09669871484743,56.71303537028404,16.158950766605386,187.22971772384614,101.74310265649287,0.9486814254435897,0.019348784149085845,0.18035650652884644
53064.5,912.0802947282791,0.8015817013143604,1.0952380952380953,0.7629471474580171,0.9716637369076393,0.4351710964206465,0.7927126443694738,3.5173758988041905,4.367232428694177,6.392038435970663,-12.464235553383366,-8.418693861498607,-11.780809413334927,170.84907883662208,127.36248012718602,91.0153932479192,18.126942859814832,131.81378471897503,706.0720685111991,0.876294820606471,0.008574958267514352,0.07122976941946925
110373.5,1263.8691824674606,0.868301257064669,1.027027027027027,0.7850177809388336,0.9867331202646225,0.1599100712782762,0.7962552974844531,5.256206694728286,4.355558993119419,8.161759186731773,14.61527231744358,-10.949462138467027,-14.534130618989947,152.56861825853332,117.60001081880307,92.00102778629257,15.75609910023621,112.32286013090751,363.21134990412105,0.937351044758306,0.010384057101397755,0.1211294613883187
85894.0,1131.4600213766098,0.8431294616478822,1.0595611285266457,0.7966277754076162,0.9830163198974571,0.3658291485973793,0.7962865334071737,3.9547882671299375,5.655564578210061,7.663245001906044,-14.3264244513904,-9.642327327723414,-15.2044726590899,178.95108060240545,152.378274508896,116.77291722134117,43.36474238021925,102.90635165013254,313.56026462200197,0.9185905868317006,0.012428483354027513,0.1269687988021354
8227.0,345.5634889602661,0.865756300846635,1.0909090909090908,0.769453797231575,0.9771364095255063,0.48518225270417575,0.7917592731138174,3.3472601096221006,4.594582821366696,6.851551762348079,12.77052665728026,9.545121507524101,12.687609289834048,139.87359751730722,89.56111243733588,60.3160658868465,10.770947720219622,154.52769157316783,241.79255189255187,0.9386769264762157,0.013931725592178517,0.09985803391854206
30394.5,706.0071401596069,0.766278571473635,1.1306818181818181,0.8678192096847875,0.9760597302504816,0.6474728989116502,0.7850830307822569,3.526467101482022,4.037708790981095,6.083994874419026,-11.185140495660953,7.8487858981241265,11.530440259339294,179.6070033845353,105.07813720385317,86.42921765165322,33.37135511585525,155.35241473574592,295.8226272577997,0.9477904438591779,0.012190301899835538,0.13596062114639157
138384.0,1437.5087920427322,0.8415399243611332,1.121212121212121,0.7870597870597871,0.9851218018992839,0.4725634874870571,0.7942267150731877,3.4038206158993645,5.531548505234015,8.163864504963255,-15.211496218126767,-10.110974352798314,15.12186090877214,188.27236953800553,137.63191516912937,88.63040444297368,36.7324360099564,131.06647195085102,110.92010839637133,0.9680726857240801,0.016383992115660214,0.18769754131840993
38697.5,755.938162446022,0.8509817212018587,1.0833333333333333,0.7656200538144983,0.9769012306721363,0.3009752332625661,0.795329416660475,3.9635193612428647,4.911381068822335,7.285696377539534,13.39002413736639,9.29586863725635,-14.17419719698639,176.5687817128799,139.00502280764698,112.57431705191944,14.210368510071243,98.26497872994722,247.06060292137158,0.9416564101209507,0.012527429472669221,0.11280002785444271
79240.5,1064.732100725174,0.8783677371038658,1.0924092409240924,0.7900900361939517,0.9899617710259357,0.3866865267180734,0.7951679645228518,3.663812092626125,4.536434762400478,7.011914274122176,-13.371552793491967,-9.264060264232803,-12.80125598590197,152.14258111465207,117.26144889714185,80.92288775689443,21.811347268575442,119.35393089257484,261.0001261957043,0.9453056949405831,0.013290534722898147,0.1497579534370307
152130.0,1465.9940700531006,0.8895293908058421,1.0738095238095238,0.8031358885017421,0.9930999366786999,0.4232342480702127,0.7961017419433052,3.6843654523409666,5.744619859855481,8.720159166837622,16.033041048869343,10.63688460693329,-16.20705288071069,197.55891729126435,104.98373973095931,62.434091578568385,9.182312702516937,179.82408274146565,397.63862632654406,0.8954590078988052,0.014396314698317713,0.15830588312250013
67352.0,1076.9158633947372,0.7297881578448445,1.070967741935484,0.6544111931597357,0.9636857919587923,0.7179942093020508,0.7631338007664945,2.4655204678206855,3.6040918626221976,5.061008743159427,-9.681289389985173,-6.447559700964045,-9.460649020556554,189.25873713392514,113.56557642964579,76.06547320612263,39.367696935735985,158.5493260978559,150.02190377190377,0.9554102783085976,0.016260264471700238,0.1616658738356454
117408.0,1309.9940699338913,0.8597434873842004,1.0359897172236503,0.7489331300592599,0.985996279671301,0.3535855950646224,0.7963990662218011,3.9134212452067407,5.379041505180591,7.982948159008981,14.835889378731286,-11.166594769121737,14.79495306411189,153.82565167634468,142.82997499258255,98.87896409952106,26.386402746577375,97.39471877251728,418.10031882427154,0.9225984932203585,0.00994677505970645,0.0925397587117056
80335.5,1248.815358877182,0.647322797483249,1.205128205128205,0.684802066284779,0.9334173773615597,0.6523402472460267,0.7710228450852039,2.7412941226532785,3.439052774151158,5.109982885231282,-9.433916071369294,-6.538204338212168,9.73018623425158,156.1015182611706,130.66741673054574,107.63923988031948,44.86414777082664,104.8057787888529,140.04298760762458,0.9787023675078732,0.014834884212097237,0.20785884898171755
173770.0,1644.773731827736,0.8071836238803033,1.0691244239631337,0.8629131574765613,0.9811942936355347,0.34778720863823753,0.7853667352562068,3.4149870047971844,3.810843538623048,5.518030712909961,-10.509689095367268,-8.046145805607788,10.236864678606107,194.21369715444825,142.5197687344572,80.41486838033899,27.17016582816672,157.7085286331496,154.17562488470762,0.9645618771860595,0.020009866364800108,0.23691702885321114
51897.0,920.8670910596848,0.7690564370893996,1.2415254237288136,0.7505206224330422,0.9780076888285844,0.5664137541255009,0.78317910015266,3.0416540192924266,3.69440129989054,5.27568102798696,9.847619789555546,6.993078938150719,-10.001597253639726,150.61697734442214,143.34964152566675,129.84425963101043,56.45456457317656,58.59535417264124,260.00894582270655,0.9479613037376707,0.011105126074941725,0.10837539276828467
26182.5,641.6295040845871,0.7991942017737709,1.1067415730337078,0.7466634346660583,0.9620436883393655,0.5213381914920132,0.7896528819790687,3.132251621217448,4.7460350579073,6.669764520290628,-12.403146237873115,-8.236313703014133,12.855541704947713,197.63439885135645,100.06291090455679,82.96731655709212,11.516927378523388,149.91967052066803,345.24683689901076,0.92977559725023,0.012196565821000916,0.12277213836126752
109203.5,1252.9574962854385,0.8741254086248014,1.0963172804532577,0.799375599329483,0.9900005892671783,0.3474345073681088,0.796560214957025,3.8102408647497317,5.432087284404057,8.28645407177713,-16.053785843039467,12.905331974330013,-15.149066466036194,167.3304965831435,104.33663781321185,58.23319362186788,14.555562642369022,173.45604555808657,436.31815435319965,0.9123540049571668,0.013555450382285505,0.1461413460338083
48518.5,834.3645665645599,0.8758011779873796,1.096234309623431,0.7748331150787313,0.9895474291774592,0.502051770678746,0.7928971711774041,3.295319840517952,4.82184073403995,7.0688866074249725,-13.338810420272546,-9.10260891022549,-13.069410675866823,188.1533677060316,111.77909403388165,60.57263278500695,11.501616335215648,178.0901055732875,280.490250925545,0.9377711270355874,0.011174661970864008,0.09601177095067889
115771.0,1321.3422700166702,0.8332570405412179,1.0621621621621622,0.7961694518946427,0.9842003919084923,0.2846629041432547,0.7955301241347261,4.663305695696865,4.317898730406014,6.955076959693571,-13.104046494177046,9.860793785675245,-12.61309996645778,151.54126808137585,142.62109687234096,129.4502316306973,66.69924967124771,70.18101573713568,262.0280748663102,0.9504455898079011,0.011366139345733791,0.12731049251257326
41611.5,855.7960239648819,0.7139745092231887,1.205607476635514,0.7536676809389263,0.9459093905571594,0.529979250136312,0.7908215671560435,3.1399384174305673,4.8576611731627874,7.01443399077428,12.982612004956325,8.666475644461748,13.381267606678863,172.5949795179575,154.91676193198057,120.39287415452034,38.39635133847766,87.47825569210251,53.492538394668216,0.9831511326424277,0.021209537818271423,0.2481864317345673
170246.0,1584.5626112222672,0.8520556729212261,1.0613636363636363,0.8285283239244695,0.9850973403193468,0.21990102325283942,0.7962702126659034,4.359274831714893,5.038306177212962,7.481416170918269,-13.916225010907826,-9.854465662337603,13.869832828249432,196.90547118152247,142.61414480612174,72.85815997004657,20.877892963283646,168.3711300400159,134.4665600977926,0.9653859100180969,0.01991464619755794,0.23346054393904353
61295.0,924.0041753053665,0.9021672261826197,0.9754385964912281,0.7736337245992679,0.9923744454878088,0.23998232083626408,0.7976972665839723,4.735367359265705,5.30769745099285,8.913255046657314,16.58205435675189,11.318365442744627,-16.041000111893787,158.3288483983919,136.66867137855013,114.07200752172221,21.65252561276099,78.15043444430034,296.25778699229465,0.9247343163220065,0.01916660276105651,0.21971922328578575
77651.0,1108.63159263134,0.7939303714704965,0.9846153846153847,0.7466442307692308,0.9726496690027494,0.1659615892736566,0.7963867074267439,5.168443619895225,4.494368597660745,8.451914413634231,15.036660179490342,-11.299818453272216,-15.123010070267787,174.6054420027389,91.43146941753164,58.44178516119949,8.324549166165385,179.63116736846146,440.37741419767417,0.9099328060433062,0.00969100646195013,0.08183862865477524
120909.5,1337.2661509513855,0.8496392865558922,1.0775401069518717,0.802202067382333,0.9829720984683425,0.386310585794812,0.7952985181657777,3.6980480928115624,5.548454570579392,8.28554860500338,15.39404023124852,-10.391047752234046,-15.31860830223294,154.63690917172914,144.0389358094203,101.06925305806621,27.330962611744948,95.61347360102731,353.5120408095664,0.9356458704902907,0.01052377191073097,0.10182680852893923
15167.0,468.27416586875916,0.8691788559500776,0.9115646258503401,0.7699766473753681,0.9832739059967585,0.5523180595056587,0.7904626989592998,3.100876486847194,4.852710338962732,6.960311482294004,12.950155880917407,8.623234658235008,13.11512562686544,183.98041512134816,102.9050035786323,43.65911900579087,12.67824842214848,199.0354609929078,283.4386911901906,0.8918071381276147,0.013427507401246928,0.09139289321852606
158002.5,1499.5260350704193,0.8830103655424776,1.0115740740740742,0.8369485761505212,0.9932984846151186,0.31569015304820985,0.7953106540577146,4.256314060038527,4.439656974245577,6.637867576656902,12.193200571783382,8.791576887011079,-12.743568998421454,178.8019462511975,125.83242575505471,69.34265491857006,15.988088035093028,165.92569202843745,211.8242914826019,0.9641719445052357,0.014491301885539366,0.18470271446009462
70028.0,1015.8031663894653,0.8528299871846016,1.0442176870748299,0.7758647432914534,0.9841820852101443,0.320042364940682,0.7959718962072384,4.266633647907387,4.4565708452790105,7.475418398224823,-14.037185828677115,9.79311442662689,13.455853071130472,151.10042007266122,134.96801203451406,71.67918369663941,38.834993755676656,134.77763113079018,209.4111778158948,0.9483577886199592,0.015514423967089923,0.17547849331730703
64474.0,994.6904695034027,0.8188767965898913,1.0309278350515463,0.7385337915234822,0.974450044963689,0.34090330576894384,0.7952416277334632,4.025412488778746,6.387840117105294,7.469062282219123,15.174772090004774,9.596368666519794,-14.403656268151007,168.8744453346481,126.91280968815482,108.63928263281154,10.114353506717615,109.56463392086775,1584.0491892564814,0.8017677784446189,0.007284149383030548,0.05617871759048451
65227.0,1090.7493411302567,0.6889494372883432,1.3046875,0.7628531998502994,0.9459426143326396,0.6057988450873015,0.7795657277225133,2.8410861994503636,3.9516084193589314,5.691952502519455,-10.529040827430702,-7.189698844577547,11.097261794078031,199.35154466595648,134.38592299497793,85.47691371176381,17.899147770506772,145.8756810226754,152.41721813725493,0.9639524352605446,0.014574472548572179,0.1567060905197613
70113.0,1158.666083931923,0.6562840127897565,1.4,0.7701763058164443,0.9266239344478954,0.7478869768661213,0.7571629781387601,2.458204516431018,3.9857509554209463,5.4367289701031885,-11.561314921874779,-7.086096577422876,-10.14829281439279,196.76965329784673,163.10855500658295,104.46389286068208,21.22290017979246,119.99588034599431,193.72425671812462,0.9476277124413852,0.023669085007342466,0.21896531929521945
72989.5,1065.4427794218063,0.8079974527560209,1.173913043478261,0.816218241188048,0.9690458172355652,0.4667570537066126,0.7923927828106525,3.369658290146338,6.17431762404419,9.56984150149354,18.551176590087277,12.00418075440572,-17.443237984642924,198.164063670157,129.48000435723915,78.29350090548876,15.708187524679676,156.23879032148255,137.04661746617467,0.9673977340914452,0.015159238958645438,0.1767232384975177
54129.0,884.063047170639,0.8703088343608144,0.9280575539568345,0.7546846243935085,0.9855433971196038,0.2347349115486545,0.7945702775318283,3.9590878006459844,4.321362890928973,6.361034140686973,11.717611655844347,8.351228144526813,12.284789893875466,178.58106298273617,139.92940356284515,78.71932045425359,28.79940191168107,137.99864237620858,142.991508805683,0.9413798312311342,0.01597845641080919,0.14379565721371823
89556.0,1153.4011483192444,0.8459482430604737,1.1261829652996846,0.7913474538080216,0.9800822973209595,0.4944400065785411,0.7914452079859896,3.230220241155243,4.841216767390826,7.182408629777089,13.54213769633819,9.505293814501098,-13.243070270383635,174.757359391483,148.68142801621232,92.09513075342846,20.97738048970074,119.06704791516296,139.97462653288738,0.9672234558313723,0.016085465380905127,0.1863205985736235
129897.0,1387.3422688245773,0.8480896212051633,1.0473684210526315,0.8588799259455171,0.9890772586926975,0.33839212724927364,0.7931454355399417,4.114904856526626,4.456566725483896,7.068714385103154,14.660153981711074,-9.243178313382323,-12.831402715760994,184.81816440371472,90.12108836239925,60.91560670610231,7.292909246942716,177.5496368038741,163.3179593721145,0.9605125222703634,0.013594134066757024,0.1444373615925016
78270.5,1061.6437853574753,0.87267056694306,1.0157232704402517,0.7620236773954865,0.9889381649104187,0.40286001028501695,0.7954542999793821,3.71379353777321,4.5767703540565305,7.183095243946147,-13.341843356229681,-9.211825953135842,13.133437750306898,150.51273452485296,115.7111517599685,79.30907104658105,21.771972612832336,119.94220240590424,220.38681515617,0.950836452405077,0.013345355963847914,0.14239430573209916
22418.0,586.0142819881439,0.8203332744847897,0.943502824858757,0.7584153726445414,0.9693222354340071,0.29298628612156585,0.7930687391445954,4.34130755653727,4.064686085622058,6.323046108951656,-13.167818588898111,-8.674439495777257,-11.517020611397564,179.33800891006132,129.73710908208724,98.5100348462794,14.40417273168365,123.14811874200521,219.38076062639823,0.9445450540157448,0.014590040787198449,0.1431046535470631
32866.0,700.3574262857437,0.8420099794743533,0.9655172413793104,0.8260279481250629,0.9784896616401447,0.24012038614335032,0.7945816042080274,5.213530187416135,4.60465446728668,6.841650747325193,13.453348525627405,-10.205282190743908,-12.568461975927935,184.16556650691743,136.1901015763933,91.00274286403231,17.76761009132833,131.89290773728789,142.88640641126827,0.9566408845762879,0.016039492876200424,0.1614189571227083
45594.5,807.3940017223358,0.8789239205088402,0.9402390438247012,0.7697092983996219,0.9879203501473393,0.37148754457144084,0.7950847126130733,3.8183596723384956,4.359126435592166,6.734161294341393,12.368700260415388,8.74544998345156,-12.519667156914362,157.5403016912997,117.08687229272327,83.51731568751224,17.618902505387343,132.5293093315339,566.5194374972577,0.9152537200968373,0.011056756772046924,0.1027287786205501
87164.0,1200.9747377634048,0.7594151757912245,0.9970059880239521,0.7836938735142328,0.9720097241117827,0.48033809773622127,0.7893327582534977,3.3473470711112516,4.014830742216689,6.822080110932663,-13.698205290178585,-8.634060644815158,-12.240799583043001,149.98679484109337,122.77810087464222,100.50993807943622,43.01546303581814,105.00720696064681,169.81521988089787,0.9735334298326825,0.011985793559301372,0.13557915970066875
15499.0,472.96045899391174,0.8706906376165509,1.2380952380952381,0.7885124135124135,0.9850328895103118,0.5568561896693666,0.7882627184955204,2.9906761830811455,4.694045713555539,6.686383195417258,-13.258249309848074,-9.274296012645433,12.380375312637344,182.42776185928048,101.70678127984719,43.14103788602356,12.581279847182426,199.86774912448266,243.03251612903227,0.9116585010400662,0.013425789400246493,0.09545240785114958
100764.5,1308.4924218654633,0.7395626921994709,0.9109792284866469,0.9739558665751651,0.9835624728522135,0.8200258368401834,0.7758754462174733,3.6018240568738933,5.504822298974324,7.829547407468142,15.100078314615809,9.745624764035906,14.510661155196033,202.59349296830314,179.0989960354248,161.6503185467169,22.157646107418294,56.708524822974816,143.74269388726862,0.9774718291156134,0.28062237331412915,0.40881862513138073
34407.0,734.5828242301941,0.8012630803224434,0.9594594594594594,0.7276360867910163,0.9672223315435864,0.6437208002177681,0.7746912002981645,2.65633661558616,3.933051637375435,5.21977396390524,9.919010534027166,6.652455875041003,-9.978447603187682,138.49775384438175,129.7253642803663,119.64939814548178,66.27881126533434,111.38020503369233,269.46532984597496,0.9418459712966284,0.013099145920531453,0.14191671220000307
114530.5,1291.7270439863205,0.8625604009026523,1.072972972972973,0.7797024984682416,0.9876426634242671,0.30872144343910773,0.7972222600536538,4.185858228413987,6.2055421597161144,8.646846415453586,16.18840424652632,-11.321828078362966,-16.265517608411717,152.04540754707145,143.94364459427757,131.573294175913,67.95395817222894,67.86362096080494,239.60798380199333,0.9521702206228219,0.012264251200075977,0.1383136752331438
36760.0,876.4061992168427,0.6014153175347678,1.1306306306306306,0.6597035282294247,0.882444727176705,0.45550883083735744,0.7917323159720289,6.177711907040381,4.52722606067325,6.268417523010458,-12.175962575909097,9.693497506067986,11.68806409058993,129.4081594183385,96.87790494142992,71.25547327319241,12.465329204254747,108.9196176114178,214.21703206806285,0.9535425312313592,0.012973182857158505,0.12651262856565096
54341.5,922.3645656108856,0.802668584387003,0.9555555555555556,0.7800961814527706,0.9749190430484665,0.2519932527915266,0.7944705885859359,5.044297482210235,5.276446760569528,6.885509159274899,13.334285468783815,-9.40767311364151,13.010595331796505,159.2969694755494,126.67740167692673,113.86772738066968,17.278336956323184,78.39921085800925,128.0512801539145,0.9785900141686608,0.020210926693213414,0.21320190144729734
50807.5,903.1929942369461,0.7826661827671485,0.9923664122137404,0.7458529066353494,0.9663997413170008,0.45442501606168234,0.7932904543688263,3.4685787507006456,4.855846258343096,6.8003484467123565,14.712466836597953,-9.008615281405307,-12.628460547031569,154.68222035586632,130.8038633567062,96.58241371901795,20.050079103107482,106.5018262075431,572.6379351032449,0.8877271808754534,0.009209536323159158,0.07426340280961197
69425.0,1003.175748705864,0.8669053894941596,1.0202702702702702,0.776635493109003,0.9867252234966387,0.40813682717948135,0.7956023323553394,3.661149251189277,5.0130876240949656,7.427756435363524,-13.870425945467007,-9.455492936321,13.744864513380977,158.73328752612443,95.49911248532737,73.21749835380342,8.662901886684416,142.64679778980215,379.82829243000344,0.9084988081827593,0.01048973202438448,0.08396477252810869
34297.5,732.5411936044693,0.8031713813605035,1.2880434782608696,0.7864955971381398,0.9753028493431155,0.621889724694236,0.7834896678450256,2.8103672258449017,4.625114769740632,6.541079588021087,12.137569403350168,7.9582921737289745,12.735782787647828,169.0631156301453,136.6225483116208,111.29076518674715,23.340131141858517,101.37820272104913,210.04969485614646,0.9667662630877868,0.013257075062347318,0.1451691054583883
104095.0,1262.111823797226,0.8211907766379427,1.1720116618075802,0.7549352363546697,0.9788838683286236,0.4764038946555799,0.7921349186366162,3.386947711055387,4.333972991843941,6.34578690576284,11.775223102258272,8.153901114002302,-11.921237411248738,152.52036545040997,137.6346642711061,123.2512567136222,43.2553183355951,64.0349395057245,346.8050304790108,0.9478456257954272,0.010261249014993246,0.11009921556310742
59635.0,921.033613204956,0.8834055581745904,0.8817567567567568,0.7719141555348452,0.99113323416738,0.45330008941719097,0.7933761770458233,3.4619433663837804,4.210650022630021,6.709814629051677,12.222773568897084,8.502483872735354,12.50323928960487,177.10098452414664,118.05319095770376,79.01014509653668,21.788302320545068,149.35875993269917,199.09508196721316,0.9447041398768129,0.015911113904810318,0.1680177166413622
119631.0,1297.768674492836,0.8926043996235122,1.0641711229946524,0.803690914465375,0.9941248815835397,0.3706550902245115,0.7964125720887093,3.838240144006333,6.584114770012591,8.529077881835374,-16.607582640500603,-10.449317391528973,16.106249712608914,201.08097944105631,129.4208800991755,41.9421254503249,16.406369861304093,205.35717316604405,66.23319091899137,0.9648138480905896,0.02674882796958581,0.25882895443598747
75997.0,1045.5188941955566,0.8736601795797917,1.0299003322259137,0.8144571857250027,0.9902340823360023,0.33275625263796815,0.7960925515683248,4.191334453751677,4.709722973994819,7.302288000932059,13.56635584169299,9.426355363830712,13.38720799581036,162.0288285460158,129.4610343745095,89.77240621566473,17.41607806205201,128.61875425103332,394.2821870882741,0.9348299655737968,0.009632810136318452,0.09052547912764024
28206.5,644.3990553617477,0.8535899122305362,0.9689119170984456,0.7815383336565903,0.9824625566004876,0.21153614644918026,0.7970311489819782,4.7265319458061175,5.434532159091758,8.281756993361295,-15.42624326078154,-10.730912209891324,-15.207496446120759,200.9124131152145,102.39826581478621,71.36224812188443,9.637506143368674,170.30776521800183,239.85111919019107,0.9426409523432054,0.012090781146216884,0.10276143651538151
144873.0,1936.4103730916977,0.4855148486958947,1.529100529100529,0.6630828802109079,0.8450583455585337,0.8067712814431337,0.6921729375917155,1.9521406378413586,3.7089812364120425,4.734441218306513,9.579425049716306,6.015338402990673,8.968823674105211,158.24448169301658,133.67593742239882,97.86001434759817,22.45678475843611,111.1970725381453,178.73382863491184,0.9735977591032113,0.012212434672910576,0.16483524990763107
43805.5,825.3940063714981,0.8080084154208625,0.983402489626556,0.7669432918395575,0.9738342688823431,0.4364146223590359,0.7938679201447878,3.7136489022954384,4.761023233816354,7.7831699401527,14.13528115318767,9.709118571004918,-14.310839200606969,190.21163470030118,129.08224451439054,110.58316161318811,20.443626729467177,112.18122325128508,206.61651856915017,0.9632573670164556,0.017308138474486628,0.14810383155217333
67107.5,997.4772708415985,0.8475686944567947,1.0174216027874565,0.800767266478927,0.9738073644113913,0.4207041779762624,0.7919529037715619,3.4566150688753274,5.20076404698992,7.4945020476830955,14.386619007149593,-9.223716787263346,-13.860589950636406,164.15880489177104,153.49848982855113,117.17830387018448,25.10058926297711,78.22146220129697,148.25699619885668,0.9483215574396758,0.015701404005445257,0.1493297215324961
145374.0,1584.8224974870682,0.7273364442290289,1.3580901856763925,0.7531395059681698,0.9661199425806795,0.69390464990718,0.7723714807865785,2.5315140502272615,4.469911867999834,6.185386142479378,-12.349799134398982,-7.894096498710977,11.517689642233762,179.74729578004764,110.48432921652929,48.02934934414108,13.685509488731276,197.1084426431525,355.57720795371785,0.9410193936856092,0.009516529194740561,0.0920186298771781
78775.5,1055.7615375518799,0.8881153166391285,0.9778481012658228,0.8067623202654541,0.992003576353253,0.2773816178393359,0.7971238346712561,4.328452736242763,5.50858626321439,8.014290269330592,-15.60684550420857,10.319671287701775,14.780507019196403,176.29724238026125,141.34118760648704,117.78200290275761,30.56519214993374,83.48046948949327,202.76194712760548,0.9394457621021475,0.014391938451085528,0.14428605103310033
