area,perimeter,circularity,aspect_ratio,extent,solidity,eccentricity,hu_moment_0,hu_moment_1,hu_moment_2,hu_moment_3,hu_moment_4,hu_moment_5,hu_moment_6,mean_R,mean_G,mean_B,mean_H,mean_S,glcm_contrast,glcm_correlation,glcm_energy,glcm_homogeneity
42465.0,823.8376562595367,0.7862446703112457,1.2264150943396226,0.7704100145137881,0.9831567980552179,0.5914505939807541,0.7871125236093613,2.9052254585533173,5.054500487962604,7.106994154362893,-13.271755813311477,-8.633999920083017,13.434596401183594,193.60638096141085,101.49611263866502,48.12370816345881,11.476083246420783,193.19353844695175,298.46513629842184,0.8734273853912411,0.02578983054799706,0.27200889106887083
50043.5,1382.3889511823654,0.3290766232530246,0.9792387543252595,0.6118759705087605,0.7667151830856442,0.32882299536743587,0.7613210676168259,3.3087889587751125,3.8298510853121943,4.440726365363296,8.597894107582855,6.148022570354908,9.085226010734818,156.63368875964295,104.25826972010178,45.76442909649017,24.917625913809122,190.26856900521022,137.98860625331213,0.9521883217476548,0.018164783227417793,0.20637610559517017
77733.0,1049.460019826889,0.8869180557884784,1.022508038585209,0.7859916277376691,0.992923473884553,0.19338561761963377,0.7978124708489659,4.816706598737575,6.370150089924681,9.194872912384206,16.9821920458449,-12.267139202035718,-17.807195330055272,210.73510337492542,126.30318555604555,46.17189810371216,14.659602064904407,201.06458014475083,69.7096217234343,0.9475935780677138,0.024235691710193435,0.20998158816417545
45250.5,1575.761534690857,0.2290088451126577,0.9846153846153847,0.6798452524038462,0.7975834809507443,0.4491546303007603,0.6879180991370687,3.8778009500143775,4.065416879417816,3.74152433174234,8.170276080368819,6.060784881491803,-7.665238079353124,234.33699106142697,181.23423176279636,124.58772832224585,14.555426011018907,121.60839448597491,110.87083640044168,0.9703104288761414,0.18307387514502002,0.4213001061762966
42158.5,1195.7615327835083,0.37051505386861633,1.0869565217391304,0.6059432267337406,0.8344417394058151,0.6927191602378108,0.7424319692526561,2.530361611770346,3.2447948769006905,3.709372844565724,7.208091349577529,5.017554142365127,-7.6979865013529984,207.25303614802115,131.78527884935943,51.86300423870077,15.237629185121683,185.9062246987665,262.3964551337777,0.906798109305431,0.03823411173062801,0.2328290469341858
35123.5,1042.0802943706512,0.4064482735232038,0.9906103286384976,0.7815121375965112,0.9097584666191803,0.32029962619200647,0.7703278504592036,4.7660521233606445,3.477157163533369,4.79305106512498,-9.046002910415883,7.222286893412081,-9.117137225292401,207.8121097009986,149.17704106592996,58.97312152867708,17.34176523065412,183.27528849751073,269.55265911072365,0.8632333788042176,0.02843945228823275,0.269492001107289
66678.5,2165.2316623926163,0.17872567543090415,1.3185185185185184,0.6937005826050769,0.8648145626219983,0.6980339779734558,0.749482475307344,2.565303029770842,4.815083779806034,4.985136744266074,-10.018527099257646,6.3014525071691505,-10.054483690635857,205.79103263470188,168.99893131719145,96.6803043353431,21.626056719941303,144.0188534788018,133.5363855421687,0.9691013293185078,0.14734435646233723,0.33378665530519297
41001.0,801.622364282608,0.80179743615623,1.0380952380952382,0.8956094364351245,0.9880592339112937,0.29958854891935344,0.7889383323584416,4.351710953703068,7.898677647068855,10.946281488982429,20.48176730807224,-13.406609729026524,-20.564645199758413,227.4202005557569,167.6318231243204,102.2466835810076,14.605533405823365,145.77854295034433,313.964029654197,0.9287095860960802,0.1653334329055347,0.3232322180917734
38527.5,1387.418387889862,0.25151610625316706,1.0,0.7158052170035671,0.8397266842483817,0.5334280903798111,0.7610709770173786,3.010931108742292,4.457620013110806,5.071974519624568,-9.847627292715554,6.747366731192578,10.492729035538797,186.01460531869986,131.0191642043056,52.717883776558324,19.90786548473336,182.51355002110594,348.8485607008761,0.7990881942009452,0.020419007031512438,0.18058239276667767
58999.0,1201.8031650781631,0.5133195770987696,1.1213235294117647,0.7111740597878495,0.9407553277152811,0.5669671500815455,0.7610805378396706,2.595643191908128,3.3742966021078855,4.421526640318236,8.334589627101712,5.733886801619665,8.905121166260315,173.77090070157521,82.49437416085172,32.36667233978177,12.927913617367295,198.41653902157674,172.81747490998237,0.9398454234658226,0.044535921805061246,0.2033581469069059
65780.0,1231.0193333625793,0.5454739134360741,1.1382113821138211,0.9549941927990708,0.9715176085720404,0.6899396999084916,0.7708813049238583,3.1502738612295813,4.95589524721073,6.5451811074231685,-12.750266831679888,8.21434610013126,12.324289691197334,220.02293946701295,173.57322389167132,116.79855314412912,15.018997712236445,127.39453100847092,94.95840465593974,0.980483471894658,0.246617810542021,0.3995916552579289
119561.0,2151.675310730934,0.32452333440111675,1.0049019607843137,0.7147357723577236,0.8586715694899795,0.42401085295080754,0.7272117528730591,2.525146922398072,3.3895438179865613,4.93677379688057,-10.106022591099913,6.737970536535624,9.102054355068127,179.20136541022848,88.93087261449048,39.42387325714605,10.523475555803925,178.47957938658993,190.724123374796,0.9602560328403704,0.10136764600794647,0.3012340641869751
67656.0,1244.592926979065,0.5488599282245772,1.1544715447154472,0.9683957402954311,0.9757842359558665,0.6836874258702327,0.7637754627422316,3.123806075965727,5.333643164666955,5.629232498154525,-11.316781571428757,-7.834900481473585,11.216961102546609,215.4678928151121,176.33187483026043,112.60606837864752,16.002881800899242,135.0039681342225,80.2214402966926,0.9852571392642705,0.2469676232469547,0.4127908282302886
81095.5,1100.589962720871,0.8413089795684474,1.1059602649006623,0.803976484117857,0.9837568008540114,0.36912215755734207,0.7954476713555968,3.7326165343394013,5.87032215126633,7.8799612323295705,15.077072722870314,-9.767017668812771,14.811018249737193,219.61480564374762,162.21444769971927,48.10290890814813,19.703690991333342,200.05515034875026,65.81851989127749,0.9380980414355691,0.025748897451702578,0.22424217681254927
168991.5,4957.136538386345,0.08641974141675703,1.491916859122402,0.604149536318721,0.7352443396390596,0.7867329923771009,0.6077231019438692,1.9921750576542512,2.5596385548294665,3.0468754806633664,5.861914133967802,4.04457947564664,6.488771047818878,166.75508688455463,100.2459012266425,46.96996016086702,12.756414855653947,186.90055321639636,78.13230510233788,0.9730968521982886,0.020743994687449863,0.2738143752730781
122022.0,2429.9250882864,0.25969418969883606,0.968609865470852,0.633314648729447,0.8387083470801716,0.45019507245553536,0.7400749020187138,2.661671724379991,3.1435984518500653,4.38764477489862,8.156449045246658,6.063066620078136,-9.071838014475563,180.56333683546964,99.66791342719058,38.564790922462706,12.518520697625553,180.9332128598445,129.94185198996541,0.9705417433207743,0.07916367693931109,0.3485851239314308
12186.5,649.0609630346298,0.36351126774959247,0.8920863309352518,0.7070375957298677,0.7774977670026796,0.6393056064945325,0.7370931350115478,2.6107748651688003,3.319556997381439,4.104747845008384,-7.938709551540844,-5.460176444333822,-8.000502246750607,199.0771086274825,111.64525207043498,62.02042293157513,11.54096647101391,174.4756774141674,119.43259623259624,0.9470230863544417,0.02186310375964799,0.19388749069148953
151262.5,1426.2367248535156,0.9344539577131354,1.0478468899521531,0.8261918026698127,0.9936281674412494,0.30072847308302875,0.7963828475113472,4.041297497337312,7.183778148204667,10.12006865950512,19.251785820410298,12.653712535586857,18.797236562660398,217.67964580543284,153.12670651022407,97.17824328556104,12.33497904548695,148.13028443502768,149.72545554350592,0.9670955362961174,0.14399856820753604,0.30007523679761594
50883.0,922.1421353816986,0.7519463222692077,1.0267857142857142,0.9876358695652174,0.9963968903597235,0.9755989534757653,0.7773349452770179,4.5668464096975,7.071753096967424,7.871957827386032,-15.348879483974946,-10.160109808597085,16.162377693918337,233.20328893080278,180.34313725490196,109.13143934928681,17.987858069079337,140.98149239655783,75.67250000000001,0.9811489024550777,0.1921837876955895,0.3953405513680783
60785.0,1250.63159263134,0.48836833176311867,1.2537313432835822,0.6750288734896944,0.8776666786990579,0.5310344030811162,0.7697855685865044,2.9637179357788144,3.776232400469852,6.311547885845584,11.357433271456973,7.857167129858333,-12.374814205711733,185.885615606887,136.4463385025732,50.95409236240532,20.817788568399816,189.98580881221469,314.8030947441217,0.8797033604131593,0.02372028408800232,0.25498500221186204
39191.0,762.7594473361969,0.8464884141551243,1.0186915887850467,0.8400711652233559,0.9858751021948305,0.17907388434224444,0.7950845732642378,4.897980563873533,6.241858788903444,9.742376597352656,19.190451862574694,12.213238780884339,-17.734760427495566,224.84687651578975,174.2346123407623,121.12210563937607,11.899798320185852,125.48622705573001,236.27563969750335,0.9551524962293915,0.25121699853460766,0.42348820327064485
45825.0,845.5533837080002,0.8054345848599128,1.0253164556962024,0.7956972443610981,0.9808328249911709,0.4013714000755585,0.7947891414769758,3.7063162950164608,4.874702610407879,6.784637664287452,12.614823613866909,8.642361037789817,13.926696996200677,138.1959406713505,130.68323854131816,47.73239656518345,28.574305787888925,175.03323296531727,149.49539607312119,0.9394226854967479,0.017665448621128618,0.16976752501894327
121731.5,1500.7564803361893,0.6791917200993952,1.0282776349614395,0.7823361182519281,0.9772489172363135,0.12905664148058213,0.7974887577336605,5.812781271440232,6.016053546469011,8.948117907364642,-16.692378100227007,11.949674188007357,16.507340334466722,203.4946442928651,111.28452248186667,43.130335174762905,12.796379386363046,203.9241555791858,139.4110966510498,0.9054125989260695,0.019265971420946718,0.15732203280107454
65608.0,1707.7930594682693,0.28268071064502065,0.8865030674846626,0.6963720890738107,0.8184171297768963,0.4520078105724755,0.7247640855435507,3.5425937801198497,2.904549726493273,3.7923645923956637,-7.485815857712328,-5.74626118707411,7.190414146136161,170.8575759980951,83.02136677514089,38.324628938804665,11.253464560679419,169.60628621319154,183.0023935742972,0.96095595226693,0.13433690012591387,0.34551995749886366
83762.0,1140.430582523346,0.8093179863798053,1.091503267973856,0.8195569645023678,0.9856208227431046,0.5469324156697896,0.792970798166684,3.450283416078095,6.085048496709487,7.304604512794473,-14.086189147632611,-9.509136131275719,-14.240589773958341,222.90155911863073,179.1044658666142,135.9765763328743,15.860835136730277,108.71664125516426,180.48644675067956,0.9684311307899165,0.29024395268075875,0.45116309639114194
94110.5,1238.3847759962082,0.7711462233806508,0.9870967741935484,0.9920988825637782,0.998572868587193,0.4726480276830794,0.7779152850419377,5.298581363473495,8.47255609635716,8.949737401044837,17.980266443327345,-11.599753572880479,-17.717565297552724,220.64978628306105,164.3932283191217,104.61719716201263,13.898522424005728,143.02214194276291,187.99344305291459,0.963977138434186,0.20871308033913372,0.31051134008346165
74424.5,2048.060086250305,0.22296690317803208,1.035928143712575,0.6440111107265238,0.8277390366242924,0.49925967462320303,0.706591818156301,2.633909294454091,3.7160891027850598,4.175635183210708,-8.166787373115596,5.783816574715571,8.484124678508417,224.46308306495897,172.5106187204108,111.83376619521825,15.118994968908149,133.5478250545406,132.50408548082967,0.9709169201011777,0.2010896843853611,0.3489822577170693
40904.0,801.622364282608,0.7999005470240831,1.0380952380952382,0.8934906072520752,0.9879954590468829,0.47116841893941375,0.7883190923351566,4.123649399933076,6.452132497074401,8.636453941711359,16.24898721680597,10.700133783580979,-16.465331856325754,227.78514338306528,167.80316314667698,102.31130110443712,14.378899438093391,145.73386940515402,335.60478954299373,0.9235338485566672,0.16980938683804794,0.3358814796488295
44475.5,875.2274844646454,0.7296066921453641,1.2064220183486238,0.7757264450413367,0.9645626172480726,0.5650357025527875,0.7744412152605545,2.68609279259031,3.8600477532774278,5.287561236423352,9.894396069296448,6.759610319856005,-10.28659224539397,178.96636370317745,88.3215659374311,38.683456233616695,9.140179818221906,172.69737132217838,217.98248854736227,0.955499309016016,0.14065453016293777,0.30583401231075447
51675.0,1107.563488960266,0.5293623966803284,1.3106796116504855,0.9290722761596548,0.9746414055206103,0.8982269175524898,0.7554237379486249,2.5152209375011294,3.95038062044295,6.058251525285863,-12.165572785670811,7.662039625474184,-11.06392309568799,224.44158864330348,173.7946452043437,132.587005318396,17.684617095710905,110.70724555620716,127.4635563164975,0.9755980973969242,0.24783342819336232,0.39468563344299484
121007.0,1333.9209156036377,0.8545946970193518,0.9739583333333334,0.8425732508912656,0.9923609032422082,0.23789385536902977,0.7949682860793107,4.50763572584174,7.165626504572635,10.01812283236158,18.78158823819941,12.280291509183382,18.74130255966273,223.7110566835801,164.2670004764731,111.78817845171322,30.132108435245637,134.102065552667,142.7651162790698,0.9689496225086854,0.06752500089703321,0.3679326262252091
40939.5,1045.9381598234177,0.4702625367581564,0.9133858267716536,0.6947376459408091,0.8693422519509476,0.539942167387805,0.787604032753753,4.654159118987929,4.495932074077904,6.489242205454234,11.985629279670096,-8.897009082571568,-12.862215647114414,189.83982313855773,135.67554230994722,70.27926519444988,19.147254250537422,162.77887434043384,53.63036303630363,0.9726689902177923,0.024336375315513685,0.2697298717685195
104382.5,1517.3494112491608,0.5697264169339672,1.1452513966480447,0.7111493391470227,0.9525428214230309,0.45609277723411834,0.7854068067454489,3.388867079925349,4.204169738811606,5.258455924580793,10.06182864174846,6.9646076237876855,10.264333613684247,197.081485732697,115.28829617994724,50.428280875571396,14.913943091886667,187.27803620693126,43.3591042361743,0.9666522413054529,0.024630168282387135,0.23155462321091352
15553.0,887.8132700920105,0.2479595113353547,1.2318840579710144,0.6629582267689684,0.7890718145151061,0.6653797442472398,0.6662641178609441,2.73160564498544,5.779137643274828,3.510964548558719,-8.388465795660183,5.57612651592515,-8.24718222592516,235.97899515272755,193.25036546895439,167.5101946603062,11.16780795568208,76.01138724320997,180.53244837758115,0.9559253973275341,0.2536359426553455,0.3989254336983523
78148.5,3220.1534489393234,0.09470597413533542,1.0564971751412429,0.5902633010060727,0.6238828371047768,0.4092331371064832,0.5797562894954603,3.4408255082182193,5.1377270268578545,2.7828829442749643,7.339249659598409,-4.679634621832278,-6.757608128964401,145.4733295684986,70.78744513181199,31.410260030289805,7.472803347280335,147.7025053263855,196.48964699208375,0.9658258990682581,0.26620108163159867,0.41082602436334587
63588.0,998.3919162750244,0.801646531101132,0.9071428571428571,0.8940944881889764,0.9902359261854707,0.4741721720778877,0.7869098959747672,3.5263981074572013,8.277367276169786,10.290860972311112,-19.62673787254669,-12.121322668325677,19.91171098003769,226.81411233956032,166.35730397763376,113.6137851061126,28.754034820180458,132.70633180836194,194.00901204819277,0.9555203208081356,0.06878512552618718,0.342974311214409
73774.0,1135.4945093393326,0.7190235555932165,1.0758620689655172,0.8153625110521662,0.9740299177460028,0.46728291110135717,0.7898941400378664,3.2703896326558217,4.807034869188757,7.065411047376343,-13.271371803761634,-8.851533808550371,-13.075623355341127,230.12814252967817,198.05516315995453,146.28811569354627,27.328761251607375,97.17516166905831,86.46252587991718,0.9734932567541008,0.18333172201334114,0.44070861984861104
20676.5,542.3157943487167,0.8834508315084261,0.9696969696969697,0.7832007575757576,0.989850874883309,0.24441116263999202,0.7972540904720453,4.512266255318988,5.311952050027444,8.208736274422225,14.96908431290096,10.899947553811518,17.343253424481684,214.91867739052725,125.21983914209115,50.61324595372852,13.376824545725349,194.82866646807665,44.67765957446808,0.9490257730701597,0.030250627431208585,0.254490787120593
144157.5,1807.2316781282425,0.5546505462896488,1.1407035175879396,0.7978078719589136,0.969800836212087,0.5076474470955685,0.7899861963057014,3.253730468839713,4.963055274354067,6.617690349328788,12.89307258932367,8.24502074321406,-12.432673247749092,223.1497116658906,169.31170887209427,102.08549733156632,15.64626956552885,144.19896844442852,178.3042102683848,0.9591227408056466,0.1743497732937495,0.36273862046041266
164730.0,1495.5920715332031,0.9254570199362764,1.1483253588516746,0.8210227272727273,0.9938461538461538,0.49174148249875776,0.7904180067307113,3.10577341101226,7.539823265521211,9.523005940852368,18.103813633197532,11.136208442451753,18.400193223340768,230.29813429879258,177.92820006460775,110.73263971426309,12.510986365326362,139.0114282579678,127.57980075785358,0.9726312185118857,0.2647945486563327,0.4411054375346462
111274.0,1429.0235258340836,0.6847385942339842,1.1676300578034682,0.7960424655182281,0.9706808566319187,0.5006190461762766,0.7888200310737842,3.143053223053831,4.934973745377315,6.747585098546059,12.64534230834534,8.454370936797307,-12.908930024012824,210.533140941227,149.0270376285338,93.08882724869947,17.67091610396645,150.21990604540827,229.01718541866006,0.9555038774348971,0.11428366015469955,0.2679182241166694
70522.0,1428.8569885492325,0.4340671879011628,1.150943396226415,0.6059215726707221,0.8410545083751245,0.42423044074889077,0.7691973083514712,4.249868377315777,3.3979532960052206,5.148847172536794,-9.423544262097966,7.371746076854772,-10.534826910578287,169.74720381264427,123.63438826420433,46.20294884205823,22.79651500484027,183.59669372254075,111.9765047439466,0.965388990628719,0.0169168844792126,0.19363208589018244
25665.5,751.4041084051132,0.5712319137961094,1.3836477987421383,0.7337192681532304,0.9398872084081005,0.42819972921865024,0.7558399339535371,2.887427365755544,2.9985647502051225,4.444511589037174,-8.303162559937629,-6.00495137051665,8.330848857438866,208.02193288382546,112.399209486166,65.40599085483996,9.743121754630705,178.02708672401766,91.18254716981131,0.9532100986776241,0.025959828986643625,0.24891792314206762
46878.5,832.8010774850845,0.8493780118702826,0.9666666666666667,0.8419270833333333,0.9882473227084915,0.2775145914582474,0.7947290000795049,4.269492470680146,6.764160784439685,9.797090209702963,18.210076112160593,11.931859018724824,18.248042734758382,225.21987811587456,167.91521012315374,106.34464006094206,13.63843158830251,142.34307418849718,290.5252816180236,0.9455332641445224,0.2006988291772845,0.35827258810076396
108459.5,1271.7270444631577,0.8427323157964505,1.0134408602150538,0.7733628533127977,0.9885431999744797,0.21799341124076144,0.7976576753643202,5.00249827529397,5.128452305315845,9.093422301922763,-16.574233537564332,11.87890556965541,-16.248003066481985,199.02283499719786,119.31170151125127,30.60866096108362,15.675456177512658,217.886119475289,80.3169265756985,0.9470121852754197,0.023374513510588845,0.22491786712333828
127859.0,1467.5432790517807,0.7460352217841032,1.1128608923884515,0.791480958748081,0.975051570763476,0.349209403436916,0.7942189053203886,3.638276497069831,5.155682970928963,7.339955865542589,-14.05617400426413,-9.20015336467317,13.614466915930794,202.13454920582421,115.23870159937631,49.63019049194012,13.87913723452007,194.56486884484238,108.838455451812,0.9450243629764603,0.022752649730931433,0.23492673750815632
30819.5,771.4873688220978,0.6506955141477846,1.264367816091954,0.80510710553814,0.9615618613793426,0.6683578379284335,0.7735418518514229,2.613197499399337,5.308496010809547,6.283678764294676,12.455454348569171,7.7488371895000485,-12.122136231210044,222.1157426930937,151.32484510331852,116.73481039348623,24.45450416842378,127.56677587828851,228.8940886699508,0.959007929883617,0.07163633224027936,0.3485833235873517
50083.5,893.7817449569702,0.7878464362736666,1.0176991150442478,0.9635148133897653,0.993749813982559,0.41983298294393706,0.7806877686027468,4.16578048609574,4.621355446759576,6.153734041318841,11.574084498395354,-8.237157673214739,11.96787759178314,229.29068513245318,168.88083527482956,103.43189662611097,14.420894814047804,145.71516092846664,123.17183221038907,0.974385593910927,0.19648947007612605,0.37535838544623845
46664.5,1095.050859451294,0.48902143990810076,1.1239669421487604,0.7089283543996111,0.8984481795952944,0.4601707218164998,0.7801117107515291,3.266003292287893,4.311758006673584,6.34341828856241,-11.910751743158642,7.980436222893694,-11.758462140816308,183.30308876124417,125.96850547306818,60.87280806329251,19.359596835374447,175.42083017232036,359.03565003729545,0.8740950945366247,0.027810401873785105,0.27049349436655196
91263.5,1503.4427733421326,0.5073798087595783,1.032258064516129,0.7603264129565449,0.9409917875168193,0.5992608563566516,0.778972221721263,2.85501963386062,4.059311813854075,5.865886726566235,11.052373802614992,7.769707268794786,10.924257399351701,186.27713238560642,114.2371612616615,44.27820968458463,17.987905375388717,198.16789204797868,354.835652173913,0.8589462485014618,0.017507476524928758,0.16915826175296733
65721.0,1102.8914769887924,0.6789666860687522,0.9766666666666667,0.7476791808873721,0.971464047360369,0.48126759713129663,0.7912455740702834,3.3188084035008303,4.317568358606523,6.52064104563101,-12.587855285831063,-8.469471109546522,-11.95101128940577,196.40502713510423,117.27880922910914,50.44639626773303,13.414262591640483,192.3469167539433,106.97819920318724,0.9533198805417162,0.017589171732594305,0.15494187873785903
141915.0,1970.2051850557327,0.45942566242643557,1.2666666666666666,0.8644919590643275,0.9668518638374989,0.5141760868523839,0.773927029088084,2.8479390565722458,5.0180877563618305,6.114262172844202,12.456171803649498,7.556800779399986,-11.686623807644365,215.8737376147081,177.43270194188656,108.12662817882533,18.21339281454268,135.23887112934779,137.45300971495334,0.968611721852739,0.1871684558392345,0.37967155021205823
21468.5,1652.4234408140182,0.09880271328465487,0.9183673469387755,0.6085175736961451,0.6150551496920212,0.4413381568924236,0.5546173630350073,2.3665095496943644,2.4803223977201467,2.88977534555739,-6.05494289815548,-4.383341969997975,-5.600028692703323,222.12125502374863,210.94423639020826,136.94820971867009,31.83312020460358,104.72999634636463,53.06141086571616,0.9495803274000217,0.10403661586143016,0.49422633841351615
104200.5,1673.0752438306808,0.46778761647856,1.0,0.8315019630374414,0.9387094158769054,0.35347643221445824,0.7777073249542837,3.3180057860569536,3.860375602107061,5.163373223371089,10.5828710893057,6.97077410688363,9.67859614623478,197.97216827837667,125.1273680247305,65.71771956246037,15.330849714648066,172.4468829264426,111.28341253044763,0.9544936110305099,0.02001277359388588,0.20098413599052606
114011.5,2153.020555615425,0.3090737853512313,1.318918918918919,0.6314327647319451,0.7879517739221181,0.7774173032999978,0.7201425019148087,3.3086089656402966,3.6101328557947756,3.7087375331997183,-7.3683448504564915,5.379433302489901,8.918716791103774,234.5548624786816,162.47589254586399,106.5978007896051,11.041374176709477,143.22193745347641,67.2906742640076,0.986178728552437,0.22852093401530885,0.44972188266790203
58977.5,960.1492756605148,0.8039308712624899,1.0236220472440944,0.893057238037553,0.9908021839563209,0.3799264894151653,0.7889339292794781,4.518212021536736,6.574664167250776,8.967315871994154,17.471717189931343,11.25652707458544,-16.74584727954639,232.87703401407597,184.68038527382453,121.09457192757958,16.65147244462121,126.16564353525047,147.6255578800558,0.9607674243162454,0.1651393759102372,0.37750821847769866
129944.5,3210.3973071575165,0.158434661940636,1.1683673469387754,0.7237796319401123,0.880642330226049,0.634639270070287,0.7385850353514846,2.9996321297115345,4.681015163932945,4.169818000976454,8.786736471372118,5.761108132957746,-8.711284321134237,218.98669010051543,179.6955113647584,131.89652244317622,15.158978257864494,111.4116195027548,147.13340475765332,0.9707296728229227,0.23586668034897743,0.3592526112666
82070.5,1189.5016597509384,0.7288981342914601,1.149501661129568,0.7880331457761219,0.9568337355578096,0.7761214032756328,0.779027940817679,2.7992196402122316,3.9909902666139914,5.5431399612573236,-10.454970319199228,-7.07308660599342,10.46662622278341,222.4252351475199,157.05406383149773,106.16617091406061,14.871157917303107,138.0746308652893,153.84517076061195,0.9650883037195815,0.15214004295438976,0.3603958825111224
38398.0,1205.9209153652191,0.33180338562886624,1.1063829787234043,0.6284451718494272,0.809563466545788,0.40919595082047183,0.7805303454491723,3.7471441879872347,4.657025377508774,5.0562608644990314,-9.96087276808288,7.003791096243219,-10.264344844309957,220.29101688361902,148.27959788632558,54.20592859904627,16.535223611290114,192.588297461013,325.0082940868654,0.8242366142830635,0.023555772269139366,0.20412728914319228
101398.0,3885.7139768600464,0.0843912838662228,1.5816993464052287,0.684640522875817,0.6883167133925723,0.6126009434145292,0.5376287077857275,1.6628240826699063,2.818615087072887,2.943849550488183,5.838972891284685,3.780642971448981,-6.429000413879672,245.37651964942043,217.07655970219585,184.02135755348223,8.997490811422109,67.05754641409858,60.30136272070149,0.9811090067004277,0.5011534719679804,0.6007075286537085
45020.0,1312.4894555807114,0.32841554736699213,0.8736462093862816,0.6715994868275801,0.8826672156378359,0.6342638567617175,0.7392098586592661,2.718837736211093,3.3176711227679982,3.975953482990225,7.665025398057754,5.359088119193155,-7.998967426844402,123.98291103283718,117.7575957277582,39.330485172139525,27.081649812521302,171.0681513464379,262.7117914979757,0.919989806312652,0.042593218748748364,0.22047946263337173
44937.5,815.1442233324051,0.849864838198798,0.9913793103448276,0.8421570464767616,0.98844114994611,0.14342132416979927,0.795204218085598,5.440742325548465,6.8096666771299885,10.077825687610389,-18.657562604062438,13.082833675496332,18.687652694504067,229.3980073065427,162.89536145245214,100.47446031218864,14.153835934905347,148.37256725340418,262.50887507824376,0.9422562773936862,0.1521115680409317,0.30435181032652897
78264.5,1429.3595161437988,0.48138408090819157,1.0745341614906831,0.7024781890640146,0.8949474851774983,0.6108373338797459,0.7767140347522071,2.8709327863345986,4.9029128614509,5.766590700376181,11.669242810223743,7.221296274920231,11.117837162701885,175.85733807051108,126.2780879501295,45.984929527974074,22.08904332435352,191.16090787230445,331.40210851253073,0.8731586965032512,0.019833617462227237,0.2152501026971043
60407.0,1116.4305877685547,0.6090229778611739,1.0909090909090908,0.7944944234006734,0.9650759669611618,0.5735148584736823,0.7900794729707639,3.2178625680479187,4.7210422270728865,6.529513484800404,-12.188951932228994,-8.161389352983683,12.57326223346774,224.9294444630479,156.83005726149415,97.27457053879381,14.53258212503767,148.08952549978233,166.83277676583685,0.949616516390029,0.09259960970983865,0.35212771658814584
45229.0,888.6416971683502,0.7197364123534687,0.9539748953974896,0.8300117448432798,0.9814575715820196,0.32589099403729443,0.7888096934640036,3.642301863957701,4.0426421932401855,5.479212889713349,10.34120624152304,7.336240227575841,-10.454791947994295,204.9126503879832,116.60826748297383,43.634536437198925,19.820103936783656,202.60385372914737,100.49581539933047,0.9640347717127046,0.02063982724574707,0.22279780224105117
25053.0,900.7594478130341,0.38801806932636596,1.3664596273291925,0.7073122529644269,0.8906308324001493,0.26767694106566897,0.7551350580314593,2.969539985679593,3.0454247723893504,4.354477813764777,-9.352037001944977,-6.253404220501263,8.054981299465654,191.92588273144054,102.36563982948606,57.84191265181372,9.41184750261401,166.96199630016892,197.6498856769557,0.9466309359845454,0.0648128039111029,0.29186724647892254
136830.5,1922.0559097528458,0.4654368288767529,1.0418848167539267,0.8999875029598253,0.9520001113202231,0.7263144840536265,0.7694725908173786,3.032881126292921,3.6462231122471573,6.794493503963166,15.242113296200944,-9.185588603631892,12.01485188831685,224.22326313537306,173.0059602041752,107.61775988018462,14.649616407372315,139.90811351896568,130.431540473992,0.9726082130429792,0.23027347032861903,0.3941973442621165
83336.0,1577.8275490999222,0.42065247246149834,1.116923076923077,0.7063869463869464,0.8891354679014585,0.5760719272564518,0.7638736112501845,2.7193458470402465,3.524750892376681,4.67150309764353,8.802989141952082,6.103037850416607,9.192866453109293,180.74932699156176,111.23458116542125,45.47132320098507,18.561295073457515,191.71985948308125,83.87270047026144,0.9733476629387641,0.0194425756058526,0.23520123964570228
115487.5,1444.8153587579727,0.6952166182786386,1.0161290322580645,0.8212970074529214,0.9784505765434505,0.3681281947107706,0.7918506742005245,4.052484583331298,4.9985418739180085,6.50105085637395,-12.276588685884802,-8.552196043987507,-12.726651356345652,227.07695065780402,168.28913037482417,109.11499388623807,12.488383852313577,138.96626858261854,154.85022981688786,0.9707286605849561,0.23645344249794722,0.38588149645423697
71669.0,1258.2884464263916,0.5688277707363607,0.9130434782608695,0.7570562386445261,0.9051401869158878,0.6018121775521373,0.7568754037987637,2.804919310753035,3.883923988755633,4.623129839467675,-9.70547626215286,-6.463966082997727,8.88148663229149,226.71025325236053,170.29263458897807,103.96218909698334,14.583244857802127,142.98217748899364,163.07004002287022,0.9601801114373707,0.15117768415164756,0.3568541636391336
75283.0,2076.2682354450226,0.21945216092949313,0.9393939393939394,0.7359042033235582,0.8727097787592667,0.28382427102232316,0.7794715111216812,3.5850125778686612,4.58046259866144,6.054938860013156,11.560205690753884,-7.886188316817372,-11.491513492081234,211.15119247518805,144.26861066743118,77.07938458178046,15.805122114373866,159.53868206577386,93.91123502684843,0.9579828017821957,0.02118507940646788,0.23061152824866968
94694.5,1249.7615350484848,0.7618690153355867,1.0324483775811208,0.7980994521702486,0.9829300698574824,0.5105840908454987,0.7909806174715726,3.2590245602212993,4.370602426022959,6.03843013376444,11.24298556952902,7.668479549215004,-13.114944705259173,196.45411050135863,127.28380840748041,52.047024348660024,17.729106505407852,189.91181203047577,413.86595949855354,0.8442195230642326,0.016694976566613437,0.14860571198112102
98591.0,1457.543277978897,0.5831821436408996,1.177177177177177,0.7552782374210946,0.9220273360236045,0.48013746421355863,0.7888409272386447,3.1210477186631684,5.392215031974122,6.6211669398612765,-12.839493454711704,-8.18993395737829,12.730731259502251,204.4373457886988,111.66198913540133,49.206285221099655,13.792821241813474,195.78366248667308,332.74141885803226,0.8429780176336624,0.023366678550075404,0.23349467208706817
55040.5,1107.1929939985275,0.564216232219277,0.9742647058823529,0.7636029411764705,0.9235990502319884,0.4605964694419327,0.7803380569646613,3.0666737087231484,3.7298376562870925,5.20415098075901,9.673103397512246,6.73760279919864,10.694583533070828,204.18252758420442,147.42927918118468,64.28408101045297,19.191256533101047,177.30676538908247,103.87482117310444,0.9360428503408589,0.022498644676725618,0.19578118557304464
61248.0,1605.3666542768478,0.29864366049593905,1.0547945205479452,0.6810176125244618,0.8628605642235763,0.5105857245613227,0.7377423827504797,2.584728623041328,3.2318378003494517,3.936650326100917,7.650266459479118,5.359179930626793,-7.694835208898208,174.1945098566911,96.13922155688621,37.21578752607145,12.517409002220278,183.6326111821301,161.30284324728768,0.9541056525015394,0.09512683859034099,0.40306515723556824
54660.5,892.0802953243256,0.8631287263501699,1.3157894736842106,0.7991301169590643,0.9899753685659434,0.6531423665223263,0.7718121223226247,2.5144984590194377,6.278237264581791,7.647858804074128,14.689302222251934,8.985644372802215,14.870158445020758,214.92442665553807,165.6989585902081,94.99931710833317,20.377354553559574,145.75620767494357,181.82950279629208,0.943483123186467,0.05872252014327472,0.25688294601359146
93097.0,1185.4011429548264,0.8325587069177829,1.0114942528735633,0.7600003265412748,0.9804586503778205,0.437133691349162,0.793638795886235,3.533772104368601,4.574799097831696,6.570730322414276,12.172964961888148,8.57757210123587,12.591750988116797,189.97151188380283,117.65633802816902,41.087158890845075,15.071720950704226,197.92742077464789,61.50884828349945,0.9567884985982188,0.02364389583014239,0.2186606745389013
159200.0,1629.8275501728058,0.7531294284912676,1.0138248847926268,0.8336824465856724,0.9904316340877701,0.3474655171737806,0.7942999146853926,4.507949166912926,5.661419048490413,7.600010559421147,-14.238650510883147,-9.855003941434797,-14.953549366239393,212.72008566363436,148.0223799479807,78.21207572561757,32.215233116370555,167.16659118259813,135.65451524121096,0.9421724423701381,0.028172998175315368,0.2611883770607328
31163.5,754.9676026105881,0.6870675870455834,1.1758241758241759,0.8001309438225326,0.9686829753504709,0.5726833328010179,0.7853597890688349,2.8793656622309713,5.673909876771436,7.255441613752152,-14.942017277717518,-9.16666602343028,-13.72090031472931,230.08689263009933,164.59936747276618,111.92138133725201,10.566335495000478,137.62977989330096,234.37009740259748,0.9593794229911463,0.252804536063355,0.4264750692670793
22646.5,769.0020867586136,0.48123357412517037,1.0963855421686748,0.7495862571163776,0.9307673338539312,0.5650678114772979,0.7784876492914925,2.859324473295729,4.213748680065098,6.212882063563941,-11.90351426454272,-7.760750638184297,-11.451749262177115,213.6732598787557,157.31709367671135,107.14544891366874,37.64940926589672,139.31067746360458,123.81932885906042,0.9430706128310675,0.026920217062140723,0.23470173657102805
63931.5,1171.2030982971191,0.5856799180319658,1.28,0.79914375,0.9832136320994109,0.7579620685565811,0.7632609267595526,2.7350160306996445,6.362204584525795,7.447793936655963,-14.705226216898591,8.845397871913304,14.40051741074322,224.0477237202032,148.9638205028006,90.30192457991403,12.273625765272893,156.23972580435066,222.95093973206937,0.9456195048642339,0.09712119412099557,0.2791443012718981
50985.0,2526.067225217819,0.10040665049156662,2.7045454545454546,0.6085871848739496,0.6973833590939555,0.9529336136103742,0.4351022153549416,1.0394077901403134,2.728651548132578,2.8825358996636288,5.688531899527859,3.4034446616317386,7.05444584504433,200.62033600702344,159.6682229937348,122.22095853785068,49.26449578993576,128.87802785426393,166.884882640488,0.9101878858291995,0.022197119074459162,0.23940640804476743
56447.5,1178.045803785324,0.5111286477244328,1.007168458781362,0.7200028061582419,0.9092556498767739,0.30121956865338184,0.7897825185075724,4.6405009264792,4.076250730417469,5.810397373746174,-10.879778257844027,8.163988837681012,10.931803253806953,212.3619308331052,99.6974358974359,47.02407153937403,10.307509809289169,200.5857103750342,104.07903231722972,0.9397467080192502,0.02363125812030222,0.22902525547466346
22538.5,595.4873682260513,0.7987111850747565,1.0236686390532543,0.7708896261586347,0.971801228845532,0.37637521097188154,0.7937351006016782,3.922613672007691,4.404936523081669,6.3782149165358915,11.798997152236952,8.870053326716047,12.219867521333434,223.83366494230006,134.68121324667285,57.924216297475354,13.482822655524606,188.0968740328072,42.78447427293066,0.956619642665861,0.03456031925434065,0.3117103232996096
111832.5,1384.7909725904465,0.7328404794484524,1.038888888888889,0.8306038324420677,0.981598188345373,0.3094482582795325,0.7936641455416682,4.246016834025051,5.435863327697027,7.428480663842138,-13.944652244995002,9.892826008778817,14.107538816559003,213.31060029376764,171.95882964694277,96.70809790824586,31.55891970709009,148.46787318673543,147.1321289905091,0.9523669956714794,0.04261944386109861,0.2731124824686127
59387.5,996.7422035932541,0.7511716913707395,1.2436974789915967,0.8429976720417897,0.9766476174813962,0.601692760700066,0.7791795090705287,2.815813508352013,4.003920366631633,5.61272917832444,10.798392134814067,-7.754636684264266,-10.463070161991658,209.7819338110338,120.72054520927135,56.35566495558787,12.393297009408013,188.39871055904973,52.33540758075381,0.9773134755505009,0.022151379071933725,0.23740343457942328
68961.5,1304.4478269815445,0.5092876397671195,1.1631205673758864,0.745561970247362,0.9251609873893212,0.37814368961444317,0.773185400513271,3.510730287192603,3.211575867689081,4.931814494806644,9.536538855662721,-7.6297203656944825,9.02301040087302,179.16006113708934,120.67011697764865,34.985154583011756,21.664442124059867,211.0945808931463,75.86332684824902,0.96342293242949,0.026510751660245583,0.2683518636384147
115063.0,2290.753516793251,0.27554265143706164,0.9182692307692307,0.7240674083769634,0.8638428216428051,0.46960111321306264,0.7199110235558863,2.6196624916961966,3.058031896993217,5.331890733615924,-9.550632009996882,7.41338679544457,10.01890512166763,173.79607585840597,83.39090407306735,34.12074442049135,10.38711323564637,182.2850938857125,136.73224267641743,0.9697786956821248,0.11753127332209307,0.31237927272791743
133041.5,2734.7320960760117,0.2235462666496374,1.0931372549019607,0.7311258023388728,0.7657505467940601,0.5313734193269394,0.7111256582134667,2.880452153982045,5.4564364978261395,4.4202416487707366,9.398141992300385,5.884347669597682,-9.747803170769801,153.23049975148706,96.42902150037678,34.37085344150326,14.253242692918182,162.54996713216076,325.60004345866605,0.9502333674988077,0.19623819410607202,0.368935413933644
154899.5,1635.8406196832657,0.7274077166917343,1.146341463414634,0.9923920634005394,0.9974660802483049,0.9955710967333248,0.773559316254653,3.261736440112022,6.977390264115687,8.119636619917856,-15.806645604433198,-10.225399775215832,15.831388996192103,215.8720235020661,145.93319989669422,91.93050103305785,12.677937758264463,153.87093879132232,337.3295230305863,0.9382152665522326,0.12495101565386595,0.34165394447725445
143086.0,1768.8771971464157,0.574660888823422,1.0105263157894737,0.980578399122807,0.985732689432821,0.5257519633844012,0.7753661730620607,4.795648298899256,5.97253136512401,6.607170366556596,-12.909464999657537,-9.021324204835988,13.524114622337523,215.24910512195652,182.07736085098384,126.75107566148662,22.74602095641673,114.37776508276266,61.083266554964666,0.9882095709614989,0.24876910962852844,0.46574779365733526
101266.0,1693.6265404224396,0.4436476834565261,1.069767441860465,0.7999399646107179,0.943474979735962,0.4226014230210412,0.7847102578332538,3.4957089274594813,4.323357183023942,5.643443897881774,-10.91471127991737,-8.435109372026876,-10.693885020621128,220.0051265392307,161.88829220258458,107.25390073801861,13.345549047275828,138.28400012181874,193.55240845416563,0.964372861741564,0.19519453267486694,0.34646653341227923
91634.5,1494.070191860199,0.5158540873673546,1.2207792207792207,0.7912622616744958,0.9574132409714713,0.6526981320425674,0.767693712282137,2.580369362327176,4.814505135346512,5.892863790363149,-11.30676430955807,-7.270696626298993,11.554481970468755,218.69045871766792,171.65981732582165,109.04422340893953,15.227157260113128,134.79323270071015,220.68628856128856,0.9553257800821483,0.19196070702956178,0.34052606741061936
113921.0,1710.9402467012405,0.4890395326818488,1.1272264631043256,0.654346090442794,0.9088776751700341,0.5919933121208666,0.7418411533741239,2.306523128648348,3.282338542654153,4.348102281995212,8.214871782554024,5.606773048338442,-8.500854251499348,176.2661779218948,106.94687720287607,37.62219089242915,15.632698905023732,186.90527750364208,113.26514393581878,0.9692085378160752,0.07701783756119286,0.2754886398976494
155080.0,1512.1463112831116,0.8522716211402241,1.1182266009852218,0.8413445888761094,0.993529374079057,0.49770938720380453,0.791536843998272,3.345025333356893,8.004824960953146,10.335162253358478,-19.553960376862733,-12.127153922336602,19.853248421830717,214.58983539477356,156.47577420254814,108.99447330313136,15.793266995257138,130.2606647978637,131.99337938975245,0.9751708274772121,0.1654744636364442,0.3814533244362488
89152.0,1268.2884458303452,0.6964739581700146,1.103448275862069,0.7939583927044742,0.9770564027815071,0.5697298626264453,0.7842153483427554,3.0190035489988376,3.9543695608872667,5.438743137677956,10.143405504282406,6.950765848546971,10.853313281762746,180.49794552169897,114.20280470914126,42.305263157894736,15.067116805170821,194.4755655586334,75.87980311578556,0.9676994952033663,0.019048124411606703,0.20874687787547708
58878.5,1400.1635563373566,0.3774062275596451,1.111969111969112,0.7893406799656799,0.9009785843809057,0.5560274936483057,0.765774040820406,3.2633630098547513,3.9038902348857842,4.88769391511515,-9.32241284697902,-6.717484700837416,9.675911226140222,204.79315918452474,130.6640944088152,64.41116151346091,15.377843822236127,176.40707718511567,84.2878590766851,0.9595806163160078,0.030292999081876444,0.28912063057553367
68248.5,1032.1046804189682,0.8051104797372461,1.034013605442177,0.7636110365198711,0.9856660071345013,0.20222098503599084,0.7979538768776038,5.0406548484178595,6.224925739633602,9.463239001769152,-17.70686812689163,11.983575184876743,-17.344877025996222,189.13749856925617,99.28173389800023,38.85901859149402,12.143875598868487,206.39820462089378,146.67873012738224,0.9323499006644894,0.01726398931198465,0.15372187491530642
88469.0,1324.0285614728928,0.6341708491892045,1.2345679012345678,0.6826311728395061,0.9262169363408417,0.5477361548824357,0.7484893418238352,2.8507913174437025,2.8622338905464484,5.160217755194287,-9.298857887781942,-6.689388117582963,-9.347812585044021,200.72368678667266,100.87633164035059,54.0719229750429,11.68815718250815,187.78099482891662,267.63853869192724,0.8891221263031895,0.022026874969006665,0.2466113180635104
113295.5,1446.2468160390854,0.6806716972235832,1.1676300578034682,0.8105040634121216,0.9745472218279723,0.5323729107037267,0.7880567939602501,3.137600073377936,4.682857545093143,6.660367868504991,12.483927330167743,8.638686423400918,12.481073194569563,212.32795225424428,152.8014934602556,98.22122699846345,17.49123037139752,145.45682644380318,201.7349976403964,0.9620592621167834,0.13728324164744132,0.2878082114145407
86994.0,1631.7442905902863,0.41057732482521575,0.9879518072289156,0.7988723185424625,0.9480756551164198,0.491877332235625,0.7817755122063466,4.216027931337442,4.854829985755749,5.334716845571758,-10.44200199892462,-7.443396354086833,11.055434435446251,220.8515798064591,174.3619563950099,96.4641366445144,17.261559986009093,149.81347790602774,136.28642376312197,0.9663790297862829,0.14515106061101185,0.41835576284306425
43620.5,1103.6193985939026,0.450051125610285,0.9547325102880658,0.7737423726408401,0.9178046163233531,0.4999559778904391,0.7837502102388961,3.1454524658211063,4.022207777158432,5.254525056733995,9.892915530109882,6.852626050189534,11.87066507355173,134.78500449533905,125.84129087209577,45.75566649316235,28.273174655751667,174.89350778403445,74.28617886178861,0.97066282254858,0.02030291066561914,0.21521933360321405
104243.5,1686.5310875177383,0.4605429587687424,1.002824858757062,0.8295018699769237,0.9385091853592441,0.31487451314588755,0.7776745628239354,3.322058282400566,3.856520311761153,5.162743579934723,10.662101849046532,6.976612758304514,9.674664223076984,197.4935490254279,125.13856732957355,66.10282972197487,15.23093895320075,171.31300089047193,324.33102064449145,0.8755207540749619,0.019808492231865697,0.1986872359758346
177015.5,1885.9179500341415,0.6254254819948052,1.1799544419134396,0.7784254316144976,0.9746529823421558,0.5121575911395689,0.7920476406741463,3.1980513858568056,5.261363534734471,7.320216966628097,-13.629768448246821,-8.94000049335448,-14.152066790741527,209.30264252604888,124.50328547091749,41.324443790431665,14.59455421168507,205.9869090538636,227.61524036822368,0.8211959885607468,0.039045338230387194,0.3563980713201647
31277.5,654.7422072887421,0.9168561879674754,0.9306930693069307,0.82361228144091,0.9865474388089831,0.3666696205103295,0.7952800547135044,3.67302804422602,6.536201843719515,9.205499789428849,17.136909797977893,11.120049308265697,-17.38321406802419,225.03225295440862,170.72990526882742,122.94046826980957,15.322846370750561,121.04837943161296,224.92055084745766,0.9563306481647669,0.11071529594857184,0.39195017015646627
49780.0,2772.4204745292664,0.08138541105552452,1.0758620689655172,0.5501768346595933,0.5538557393829482,0.7363372439509628,0.3952673630842464,2.126505337386763,3.1278828097278097,2.9173450568106056,-6.592690940193897,4.361651191341949,5.9509811303616456,239.8676385881979,226.63056388662682,201.52884978250938,33.59085943551751,42.34991161340298,28.81752482383088,0.9813284361870391,0.3111856800822198,0.6614881501295954
13006.0,440.53405249118805,0.8421600684685189,1.098360655737705,0.7955713237093223,0.9782625047010154,0.4905231005340323,0.792386229334779,3.3905107099163296,6.352883443529705,7.09163080854829,-14.07158224031108,8.871313570093688,13.892963929105285,199.78607233747204,119.65149996144058,68.25549471735945,11.887792087607002,165.34101951106655,296.31866308470296,0.848252862554931,0.022768553285450768,0.18798215159288348
113982.5,1707.4915438890457,0.49128207544361946,1.2134831460674158,0.7411471337910944,0.9018958545983969,0.7160567451072829,0.7554897376907035,2.38310657306504,3.826673036334708,4.959761930496948,9.359962228120665,6.153440033166976,10.10282337935444,180.06407277133275,136.7714141039668,46.413923123525,24.021267168808155,192.8353783693362,347.9492046736797,0.8774084922008761,0.02033627414521807,0.22376541358916224
109106.0,1787.675320982933,0.4290236256354543,1.2969696969696969,0.7724865477201925,0.9500200268185222,0.6563374434929048,0.7656796950763324,2.5691653891450588,5.080277818033247,5.29366992601866,11.23154997629355,6.626397265221558,-10.487591987009859,212.60622295866702,152.22180797201509,86.3207217159164,15.102586762404492,159.98353125287673,168.5070798428349,0.9687902294000337,0.15495253075710663,0.3090109099415328
81723.0,1292.7148628234863,0.6145379124193857,1.14,0.7965204678362573,0.9667413896101592,0.4406036732731539,0.7901435388103947,3.292933091366137,4.801200008740794,6.548625069348863,12.490545806148843,8.204822898992854,-12.298644984774365,218.7980053942169,143.20116665621276,96.68876622969329,12.249576616696983,148.21987078968826,185.14316902652632,0.9644834029517182,0.12575150267565266,0.3226946403550842
121293.5,1344.1635562181473,0.8436127975982206,1.1340782122905029,0.8345040867435396,0.99289058790786,0.5074630273378021,0.7883182879178117,3.13779891792258,7.137374694168232,8.97674725518502,17.100765391520454,10.712785136139464,17.32190587376816,217.7131963870446,141.10616426814062,88.83226045633785,17.679661959489064,158.17422736004855,281.57510678690085,0.9452466142544476,0.09787111421082458,0.2933391381263172
168625.5,1579.3595143556595,0.8495151188170276,1.1483253588516746,0.8404380980861244,0.9933316642858194,0.5437534859981433,0.7895702720747335,3.159635169946618,7.920252272674311,10.057993064063414,-19.152153702362032,-11.847933394474623,19.25522579774583,230.94908698657895,179.87375741972394,114.27024482109228,12.15211328041193,135.6424765787027,120.5811400354763,0.9748400407634584,0.28445542528664336,0.44992764747850356
55067.0,899.7787808179855,0.8547316521711174,0.9887640449438202,0.7812251730791057,0.9864130191399988,0.13567433431345105,0.797729313078727,5.6811589686192585,5.481040802184811,8.66135729112652,16.298667358852594,-11.503448534158847,-15.749192861619093,208.7163553530752,141.07526195899774,66.25097038724374,16.992637813211847,173.4141958997722,81.73216316349365,0.9686640046079101,0.021078965836376338,0.2088959012914386
71641.5,1570.8986195325851,0.36481964656629406,1.0453074433656957,0.7178003546845412,0.8936086614860735,0.3994906929631482,0.7662278668177868,3.3238808408024654,3.5774205085187885,4.358226614574274,8.326563467241533,6.058100218162875,-9.639502053148473,191.6938023930644,111.19630293042917,49.03934943039335,13.362169520670632,189.03638317690047,112.39169259131238,0.9484958382828957,0.01997473903095658,0.2280075735865613
21246.0,551.587874174118,0.8775212064543298,0.9580838323353293,0.7951347305389221,0.9903740822747932,0.33266573973081937,0.7967192708518845,4.244693200585553,5.3248795312005965,7.858683163424841,14.767593001595921,10.229929603274979,14.507822436122105,214.21926326782494,126.63998860723441,53.49226241336751,13.33357068261654,191.1229469287003,53.19798850574712,0.948945004907901,0.02915797547750782,0.2513995323875231
59018.5,2738.025594353676,0.09892886452862489,1.1282051282051282,0.5373916448135199,0.602527781606203,0.7433194460622188,0.5362826678095618,3.04917094397374,3.0036489870874403,2.750694874762502,6.004801612311529,4.651215560579572,-5.6699692267982655,237.03923240225333,217.73008709024958,198.45303645754979,10.820386807749529,43.427143406382164,57.47785535991365,0.9803393425905388,0.37406312883202725,0.6318829284637708
148159.5,1569.7026596069336,0.755621974850321,1.1407035175879396,0.8199560578221504,0.9860176160734192,0.5185620777023151,0.7888425854498675,3.1936058127533467,5.52963024917583,8.020122015813042,15.033098654557964,10.499749793715399,-14.883274204519912,221.97229725887172,169.1654984645132,102.2767786055505,15.830883189262966,143.57622696769792,164.65406773618537,0.9630847979798253,0.18003025480345333,0.36279811866915057
93191.0,1263.3036036491394,0.7337842166583594,1.2317880794701987,0.8295147048351492,0.9913725239888513,0.8722340791963126,0.7671422537642376,2.767164000949607,7.1862899283653885,8.072254754537939,15.706410685993205,9.46487617699263,16.527971874501205,223.1244063046417,182.17000458835057,146.93567628566822,19.156946390704253,88.95422810302708,102.23257649800767,0.9702463499702277,0.086715117840738,0.47223032702873485
122803.5,1323.325050354004,0.8812264851376321,1.3630952380952381,0.7980056924516532,0.9927405892410359,0.6775325063758255,0.7643227384420582,2.3955872780300167,7.024887980182428,8.24782589505975,15.920055781016366,9.514055626637845,16.292866057769622,228.72306580485903,190.67638365596986,114.30769293231128,14.64097213199948,135.2121199818111,146.26801473598036,0.9661456144792321,0.2755067855033224,0.4300479560353908
83244.5,1508.9331072568893,0.4594364401775181,0.8291316526610645,0.7877630782042547,0.9516811286026226,0.5987306085516799,0.7753421677784325,2.905140979234904,4.4269550554857515,5.527189414556207,-10.504270752709262,-6.99242013852169,12.693047937023444,186.7385721119056,115.63744741393054,57.97534740534507,17.500177842100744,177.67429139121583,92.1274030145787,0.9695548083802712,0.019653077834762545,0.21269682663492445
98325.5,1777.9726486206055,0.3908641835369929,1.2123287671232876,0.9512179784846374,0.9571906973121891,0.7377463304324307,0.75731471302916,2.9411058257974676,4.940011347084077,5.3046090696640915,-10.551519705289422,7.33821246688726,10.606865994451583,218.25144164759726,163.7576303076532,111.0583066361556,13.536699720315282,134.34173404525808,147.4316990251495,0.9731099831283833,0.20864099850129825,0.32629683443815943
19326.5,529.5462447404861,0.866074576029338,1.0129870129870129,0.804466366966367,0.9859201632444842,0.24125457789988033,0.7962101032062806,5.11532814146058,4.631206650745788,7.369340963663076,-13.393689934271606,11.005651719785735,13.859133682593727,215.45744239153,129.71175005189954,54.52475607224414,13.64152999792402,189.70884367863817,220.23347085581293,0.7797169679222417,0.038586386434532924,0.2977544472846428
78339.5,1421.3595173358917,0.48728470027198323,1.0745341614906831,0.7031513661005996,0.8962919317193722,0.6026411628293299,0.7767332024448246,2.87260834736549,4.905238434956206,5.751424805024548,11.642329232871258,7.207999147161936,11.096677173813859,175.94803438365608,126.11908136858395,45.36691938567174,22.22593859318309,192.53751121630233,119.77312562130487,0.9511718432993039,0.020002186306589956,0.21753291436774821
154133.0,1512.1463112831116,0.8470672026128847,1.1182266009852218,0.8362068965517241,0.9936467926133892,0.4796332908506795,0.7897598949005489,3.2396918048324332,7.258188652601674,9.195809192615606,17.489298661077495,10.985099191491091,17.71220294931501,213.25152400724647,154.37987781495048,106.6002605027571,17.700983827671475,131.77620565171972,158.87011508031648,0.9691058731211267,0.13805590738358342,0.3544414516916699
53620.5,965.8792861700058,0.7222624195827279,1.1024590163934427,0.8169373514534707,0.9705594873929806,0.3927147538733411,0.7858510179787042,3.1162646281165016,4.065203450467691,6.895128071404954,-12.566477058462317,-8.461222494943474,12.491568978301581,222.5945996585752,169.06478744222844,118.20289794728734,10.9958154640463,126.83492942499063,216.65992208118638,0.9597512715100218,0.2459006488161991,0.3856546788227837
58757.0,1362.9991240501404,0.3974461772293571,1.0033112582781456,0.642110899831705,0.868877913166923,0.34750650008334516,0.7857920499376877,4.011164910474936,4.254435854990972,5.631510039179746,-10.627188325489538,-7.639640233377615,-10.907752748474781,200.9733563187001,102.84010377551718,50.95628797706015,12.975609339796547,189.34281764183794,322.3192620280511,0.8578188938428043,0.022879742997176187,0.24575039698240014
22498.5,887.8305147886276,0.3586768052760857,1.0963855421686748,0.7446875413742884,0.8754620802365851,0.5478726833570456,0.748437350656328,2.8247501671105337,3.5561616312611317,6.114477910766556,-10.983244866107514,-7.690529500270326,-11.372504031189251,221.15392752023547,164.75271339220015,113.17025386313466,37.34552060338484,136.64266004415012,188.00512533780636,0.8738149263190785,0.027047855589276627,0.25915278242898215
67943.5,1340.12908411026,0.47540584174855793,1.1376811594202898,0.783987584233361,0.9489580714545099,0.783661667137422,0.7757951670665824,2.9131273422067006,4.957484618398411,5.408784551743876,-10.77066839200322,-6.999426639908081,10.717452172131575,220.60789266955223,181.5726652392908,121.66808890805748,14.864050153263197,125.94662743950339,137.7103887211727,0.9741600308826919,0.2733836393270697,0.43278978010370645
51103.0,1895.1067682504654,0.1788088025527088,0.9834437086092715,0.5697482551787187,0.7713252884753258,0.624418358271027,0.7102571725658182,2.8441420926955,2.917739691502152,3.3108230820732585,6.445687864845976,4.754780788259156,-6.94693352032554,185.37826306743506,117.4731169750278,54.351066626225865,18.112769184106764,171.8272975432211,81.35508132566956,0.9778147608872443,0.057486761313783455,0.30517590444472326
140540.5,1394.4377311468124,0.9082661047829037,1.2352941176470589,0.8133695627011135,0.9928156402875157,0.6137470304835346,0.7814471793861366,2.7312171377766368,7.1648354255554265,8.839005368121127,17.332242898621804,10.916423137474576,16.864791059057016,215.77055754641316,154.64142488171362,91.3745796510644,13.800844744994444,153.37276212481328,168.56820874303992,0.9619493607916464,0.12444543474923829,0.28151564170234
91184.5,1493.5849089622498,0.5136544456686588,1.029325513196481,0.7618325521551328,0.9434261917694835,0.5983769224851524,0.7788406930837513,2.85292320764602,4.048645450496424,5.802689185974621,10.909127828811837,7.6266332563376755,-10.852319998639853,186.78728040916167,114.17748498999332,43.79461863464532,18.114276184122748,199.3677118078719,119.05153644138178,0.9492895186122354,0.017622340879321557,0.17022888707596062
86421.5,1955.7758147716522,0.28391838854264184,1.1510416666666667,0.5091764470211161,0.736699656462846,0.5473771127645891,0.6281235799470954,2.3345761456733514,2.4463217184328028,3.3675621104093736,-6.350983536507864,-4.82138911349855,6.5382272026839,227.96400380885558,155.94963289648433,99.02356729395845,13.602237702658682,148.30508432104642,179.20885389061357,0.9592449455625198,0.12985880161718474,0.3215868048314012
97762.5,1491.893581867218,0.551958558387603,1.1925465838509317,0.7906516886645962,0.9594294210301629,0.7243432454444227,0.7758213924964024,2.7385778138805903,4.886150887587118,5.7493023637891145,-11.204164143073628,-7.372786623213663,11.231802699152098,217.82216156309005,160.31819021426813,107.54966751498235,13.21052253509564,136.848914292751,250.73837496908237,0.9513623222809621,0.16384469552614822,0.3046813911208873
77092.0,1202.4061965942383,0.6700647401968737,0.9810126582278481,0.7869742752143732,0.963312840505823,0.6133208259399698,0.7874125324819851,3.3299694155026596,4.188826324807563,5.9161048421941995,11.202803115118616,-8.813267503320738,-11.05881280734696,181.38751481627816,119.51668642170421,54.57747925721059,19.599934149874883,182.8165152113789,334.64593231585934,0.8807652216667426,0.02339959363243021,0.23779794308320867
52323.5,1613.099629998207,0.2526877962124306,0.9781021897810219,0.712543577731779,0.838557943490873,0.42583839891335673,0.704554858045006,3.936998256742241,5.7004131828071065,3.862193282078782,9.441011642856454,-5.872385460334038,-8.649085083846257,223.50347275475997,183.4187901229158,145.29596196402358,22.865975767402116,93.13538266032734,155.32578173443176,0.9678152323140218,0.2024668564178588,0.39178952298839465
85050.5,1129.9036713838577,0.8371511835056622,1.053627760252366,0.8032877462740134,0.9832996126943754,0.25893609109089577,0.795636624454197,5.667943579066387,6.1019719587794645,7.078926974047913,13.861264818024722,-10.464223966482983,-13.7851535476615,196.90365456404402,108.20693344746415,51.4587583517607,11.546781748579308,187.77651758327983,55.60126476554111,0.9727610386035942,0.021557140017960667,0.22980805461056142
48859.0,894.1421353816986,0.7679648029432117,1.2128712871287128,0.9872499494847444,0.9964412085614937,0.8958551024517035,0.7698848991212419,2.9852758403332746,8.02796074938755,9.010049602922257,-18.9459425786061,11.068730253302352,17.52937341689224,203.11247925587494,159.7537749185601,95.13294679259972,39.58622385215842,142.76473601180112,202.28899958489004,0.9467398388152526,0.050566279314672856,0.2767674901885906
17746.5,559.3553384542465,0.7127660455814315,1.2295081967213115,0.9697540983606557,0.986574382921948,0.660788435182863,0.7686435213870806,2.902657648074023,5.828928240494474,7.435935872605603,-14.643867760970634,-9.135832313825373,14.084274027406815,209.81324665221982,165.52208701450243,95.0227815747069,33.340723453908986,154.1307995777074,120.06974525866906,0.9496348509841892,0.025312519247841125,0.24304554734918113
93616.0,1746.2783411741257,0.3857740493257867,1.3587301587301588,0.6943776887702121,0.8934444221757761,0.6448038750743413,0.7582006978807865,2.6579845317042987,3.3866394878650907,4.7002033663742075,-9.699972157737333,-6.641086336172913,-8.746296127437173,191.15862480423596,123.4479294290615,41.49918498236792,18.53308545433238,201.84236600151286,286.1357441337191,0.8686002407826439,0.020259519829740134,0.19680125627419154
18539.5,514.173660993576,0.8812278821090228,1.019736842105263,0.7869057724957556,0.9877197655833777,0.2670868206743993,0.7965115825248632,4.6954673397992925,4.637488085222988,9.37003761503015,-16.486780407851207,12.70245452281497,16.56972314816061,214.2864711130939,125.66478920365827,48.14147892036583,13.743754182467098,197.3806602721392,34.80673274094327,0.9443888309265471,0.03961165265064103,0.30768306570401716
76049.0,1291.9696855545044,0.5725306279271746,0.9755351681957186,0.7290462358478809,0.9473146608369614,0.41648654240585575,0.7886189221102531,3.5540860527980107,4.148226054612544,5.584918530666451,10.620623688126896,7.504052321624688,-10.584858931453232,198.84945049166535,133.0593022032918,52.76662985749593,18.914418678024926,192.30602881632225,226.20772395487725,0.8891615671627453,0.0165918485025527,0.12826194753249787
79745.0,2407.7484652996063,0.1728586420694986,1.2317880794701987,0.7098287402976572,0.8627376734373732,0.6573778184006033,0.7038246409591669,2.5199110638941637,5.032910717290044,4.4834929328353565,9.445487336808734,5.822662851544241,-9.34946257551185,221.18675033458751,180.95591020428776,145.85669553799147,20.492575945051893,89.19755814247115,91.00879511947127,0.9743230357320364,0.09019137421716411,0.482498073570222
86004.0,1827.293500304222,0.3236770413498588,1.0061349693251533,0.8043169235373335,0.8506193902529486,0.16093852029560285,0.7511396993927275,3.593824624588481,4.855530806686244,5.075344660571929,-10.041972166476393,-8.300940471658132,11.172022244248696,150.8066971905394,75.06372084202542,35.90310476551706,9.590135731895641,146.3116957004687,345.979827798278,0.948232818180351,0.23457441187590122,0.4318845005848133
144531.0,1556.170696258545,0.7499916108802618,1.004750593824228,0.8115934704604033,0.9749403019305749,0.49815285730791364,0.7911882468857916,3.5248596388460625,4.371399669692699,5.892129649970238,11.0923722711688,7.717732659506108,-11.307836001995913,197.807660424839,124.72926504329806,49.398023832432834,24.618858707719635,191.55992154540743,284.33305787585056,0.8747173771433079,0.022768516003714424,0.20297123300405906
141644.5,1490.874232172966,0.8008064501463356,1.0097560975609756,0.834479203487687,0.9889027744809193,0.2730300028431781,0.7944794860817236,6.047315961876863,5.655624286280713,7.623624641862829,-14.273969459426008,-10.653783879318935,14.921859835730704,208.47160052313853,174.45821172332768,114.67721317895328,26.015878880128863,123.34722211959775,133.27950000744482,0.971362347736123,0.16069676858733234,0.40122510296833197
59442.5,1006.6000664234161,0.7372130612517702,1.2436974789915967,0.8437783897342721,0.9748747427203175,0.5665593277529899,0.7790306554886249,2.8153780823186434,4.004217234470315,5.6068296089130225,10.755845745281096,-7.802467284629385,-10.462332307790746,209.5335819594995,121.18502317800007,57.10755986197763,12.346711512320937,186.839008748388,265.9662107520832,0.8928114676458877,0.021973713945936873,0.23756475439951916
43553.5,1123.8792839050293,0.43330489267823435,0.9422382671480144,0.6024247202511861,0.84722073627389,0.6760989303477523,0.7313774699943999,2.4084568772358437,3.100080333949993,3.570991207693028,6.926755502224945,4.808204643007668,7.431957792593997,207.46613727637825,133.68216046002192,54.997604052573934,15.338992332968237,179.4623950346842,105.6230907250644,0.9652049322279402,0.042314929377308096,0.2194676361944616
33836.0,734.8284270763397,0.7874391127338455,1.0441988950276244,0.9890964366102488,0.9999704465525904,0.20864597432753895,0.7777889566804286,4.27941942758169,8.784237449440013,9.77523741721846,19.05691780924268,-13.161907966651345,-20.080090979287636,223.53265699918137,160.30098818851596,88.58577944100105,14.633288504268506,158.37191556543092,620.940336184367,0.8632394211679684,0.14453835284504626,0.29496322677048975
76854.0,1196.9503527879715,0.6740995945227938,1.2183098591549295,0.7821175608564683,0.961540386347713,0.6753712299781379,0.7742245787748716,2.8041180374710506,4.466251542829358,5.658339593515527,11.204192931232232,7.071389748413833,-10.745420109335235,231.08380668713838,164.24013864543932,109.49648773673181,11.444390263189108,139.23188845104576,173.56362309223624,0.9666372611178274,0.23120734251621375,0.46770423967835334
138686.0,1366.5382385253906,0.933251956555552,1.0603015075376885,0.8257281669008549,0.9933531021244287,0.33273958629487016,0.7959598716440337,3.855414361737899,7.514160043631915,10.269244027899553,19.287558682721354,12.32198317893006,19.338323687875587,216.7800784267126,153.56770245380548,106.68542421721823,12.022971005882003,135.72556592002852,160.70564413504005,0.9682387462875084,0.15200619481480793,0.3393128627051862
149887.5,1501.903670668602,0.8350089348299244,1.1785714285714286,0.8276321892393321,0.993260638350745,0.5705109873709715,0.7834888650548821,2.9044141427457886,7.30241453046838,8.976081629769915,17.158287914155526,10.601967016472159,17.48830892526715,212.98232260383827,157.49247137879541,97.75988606824843,12.904153531331232,146.89061030916432,166.7098458547424,0.9710634433443756,0.19751158771709829,0.3900630749212368
46967.0,1731.0579985380173,0.19696063994635488,1.015625,0.7056340144230769,0.790410797529493,0.2558979166533962,0.6927280432147152,4.618327676159892,6.578886411966256,3.773119254539572,9.246498912289692,6.12006064964832,-9.012822966223297,234.075145683697,183.5249356281339,124.57132854496997,15.099019740705607,121.9526584451371,106.00749601275918,0.9716567052499534,0.18915253203158675,0.4060315359662554
63779.5,1670.8986204862595,0.2870719592595031,0.9079754601226994,0.6609548582324656,0.8144125853141541,0.3871975669669476,0.7440026989915854,3.677339478686867,3.3162197487018017,4.088801395640842,-7.861720172737942,-5.932523997863242,8.070131204036786,182.60036054764262,91.06035112792944,43.36844071265002,11.957757458626345,177.23204976207103,217.90462975055507,0.9442080971923713,0.07461805082082476,0.2991745522491186
69681.0,990.9747380018234,0.8916595626662001,0.9672131147540983,0.7744484579049736,0.994725233938373,0.23953026296358185,0.7979733370850564,4.6497828624802775,8.273209771629555,11.373461433345765,21.199930197767664,13.921311742165077,22.118747470210764,194.34182000029418,107.96390592595861,46.83304652223154,12.574019326655783,198.22899292532617,200.96063261063262,0.9258655238637533,0.015518052358693638,0.14685737303903904
88917.5,2972.4276146888733,0.12646621852348885,1.197674418604651,0.6273813219688418,0.7160141403079302,0.5871225248799864,0.681386156906482,3.7994280392502313,3.1272656884055725,3.7529796891949587,-7.209240201201014,5.661711998186779,7.765576001318608,149.07917472450765,77.64557324148349,31.143473434871666,14.966574740527985,177.8258018743778,160.97073676928397,0.9608795052725072,0.1055785673412504,0.3303619516818724
226871.5,1800.9129028320312,0.8790313967138289,1.3832599118942732,0.7957276438732849,0.9943853343706512,0.6882287777610949,0.761401507874138,2.3558315307001685,7.674589154463367,9.004205282859944,17.612656637887273,10.676234490026495,17.417870018683875,223.20857288607627,158.07882146944064,113.98412632759324,11.724044431576383,132.9194781082112,170.65559555124833,0.9719206661412058,0.17424905686972347,0.40171482592657975
79273.5,1473.3940035104752,0.45888102647612616,1.112540192926045,0.7367014850473022,0.9122854463119494,0.41429684087010565,0.7666566747979437,4.47887855260848,3.2759868449248506,4.835509247262256,-8.986407902158216,7.119059059724284,-9.116269510039475,169.53189928786708,109.79318806177153,48.99807964153309,17.821926759661803,172.15390872962953,159.90152984270634,0.9622409959257889,0.06213339689129902,0.29374417299890354
58448.5,1114.080297589302,0.5917663233806929,0.9965156794425087,0.7120745108549986,0.9072050537817996,0.5517194859635359,0.776004058385332,2.9156882143230627,4.479899191493454,5.416323315529649,10.89678126835928,6.892612007142912,-10.383999530097588,189.01993585854206,145.54364219467797,50.889572679206026,23.342290023402963,188.91417179509403,82.04738493723849,0.9602012306665149,0.02262641066836775,0.21237212356524382
12211.5,650.7178170681,0.36240441639272586,0.8794326241134752,0.6984385724090597,0.7752594990953242,0.6301631787196367,0.7371568825201325,2.6101648356606257,3.3089442011179537,4.103150232682925,-7.954724262010333,-5.466792423592703,7.9648179181269505,198.54493614970684,111.8497309453056,62.74749016143282,11.441089069151072,172.7922255240543,373.9306306306306,0.8486545026772718,0.021820800987915986,0.1892034287206545
80930.0,1343.4802287817001,0.5634518968878488,1.1014492753623188,0.9645547292143402,0.9712571257125713,0.970133268287955,0.7680447123368556,3.294317538882404,5.727535249621467,6.770202785980152,-13.019456304199187,-8.447553043907392,-14.39519277517865,225.2939191676278,181.89586758607152,138.7824347868764,12.026649652769258,107.39190449314127,45.893068939955526,0.9919334626716114,0.33074856299010774,0.5046927330896013
167618.0,1694.8427076339722,0.7332831749017111,1.2475247524752475,0.8232064277856357,0.9930799947862975,0.9490470438812683,0.7656874450135799,2.741268977376403,7.89498173342872,8.634668805295394,16.90038291137787,10.007817117426356,-18.093904505109517,225.5087518917221,178.19787413266326,130.78305159761285,11.917535193169813,114.08090859769852,146.94141302633653,0.9728480850032862,0.28695250900200636,0.4337511481519739
116999.5,2674.344356417656,0.20556975329834076,1.0688775510204083,0.7123343967658663,0.8122455213493053,0.5650091428432125,0.730010868989035,3.163061915813503,3.658855062526678,3.894377559401236,7.694549707269133,5.80579498210039,8.164993216685065,158.54704797929145,95.97747657391753,34.61688206245045,15.495075985519291,180.5341910957007,245.15523142895606,0.9452414265920708,0.11034561853854566,0.24899441048726514
19106.5,1056.2813054323196,0.21519482125673803,1.131578947368421,0.7308177784577723,0.8440944534028406,0.5413596840589692,0.7545713321401402,3.111086188706775,3.9275017360251057,4.465291545536994,-8.731933800525898,6.21712794701523,8.940932536590948,230.26709511568123,173.1701285347044,93.6161439588689,25.808071979434448,157.85197943444732,90.45704306120321,0.9276393239643118,0.02744385662406849,0.27177354263326664
99749.0,1248.5138429403305,0.8041400463068522,1.2484472049689441,0.770595778869627,0.9864077093850588,0.5862212984131007,0.7879537701189646,2.9308704985416507,5.288761675790303,7.23161099854431,-14.372943973525711,-9.461227438390745,13.495583871566392,211.55564102820264,118.40479734657383,39.92477297021889,13.823920796827078,209.87065546419973,194.1293550331525,0.8913631699033729,0.020252574034369704,0.1822889930799501
122298.5,1330.7219935655594,0.8678732947108547,1.0379746835443038,0.7551620870639086,0.9934567520145567,0.303644053392452,0.797456868830624,4.231829966056295,6.236476513932631,9.228381785845006,16.96087116380293,11.391081488208304,-18.739318736858188,207.9061786948302,129.53349305691376,61.122058152421936,14.223898233261622,183.0977084555708,75.14363487515351,0.9550418402706428,0.019764042655364987,0.1762181272740938
114603.5,1302.5554711818695,0.8488193872718136,0.9640102827763496,0.7856281062553556,0.9874802359195737,0.33348366976596955,0.7970147036715263,4.144070003322839,5.2427046304590545,7.906142242446501,14.516268323044597,10.020496259063854,-14.890199435210606,216.7111640151877,142.55562892617274,47.51288957625572,16.622957086877566,199.96577550328863,276.3997224694978,0.8149116342763371,0.025203461719725154,0.22865187073368562
98951.5,1831.8103040456772,0.37057084756219855,0.9834254143646409,0.7678277670867217,0.9318476106169689,0.3057245793515305,0.7716331635952351,3.111492830213837,3.8915833597603253,4.596347826573256,8.864786284431286,6.21737771550443,-9.326469695319433,198.79547544981963,113.29474685048727,36.529882907369704,13.69564183917074,201.99819142009693,151.33210247899595,0.935431051060869,0.04582548049302769,0.31802336996012837
98787.5,1814.943211197853,0.37686497554352283,1.0764331210191083,0.9307984396788904,0.9466439238947636,0.9087728294073165,0.7670514134796955,3.1675595509750583,4.117091848240392,6.339229728104324,-11.583505130127882,-7.954114211647352,12.140165203652254,217.47953092330536,161.16587376140117,104.54114521782168,14.854519560013333,141.56460915325798,115.794357054191,0.9794557644604035,0.2008678008259406,0.3568606975407977
66042.0,1136.3473199605942,0.642699403521404,1.151291512915129,0.7810814646608004,0.9380632790028763,0.49428184470377434,0.7822967975749351,3.14714842494835,4.254399874039989,6.075174965358466,-11.266129566664077,-7.747611151238054,-11.712413289541717,214.2660171109808,105.88738027576045,44.2998782083089,11.002901950170658,203.88569624250079,33.18234739785992,0.9797712920060169,0.03236680111381869,0.3105369740258035
223064.0,1901.0823838710785,0.775599418316096,1.3832599118942732,0.7823732427958136,0.9940795703956238,0.772890527158705,0.7536679308201867,2.336325899558327,7.488752852100116,8.369160420238993,16.30069499485815,9.553741331911654,17.26214563624764,224.9222846886544,161.53736431752785,118.99594970608065,11.753639566575815,128.0027967445703,174.9117129943719,0.971573313246362,0.19034624090585242,0.41113535302472165
119711.0,2294.385986328125,0.28576626586116244,1.066326530612245,0.7305866126354849,0.8587620472096384,0.6081728109586674,0.7513076505211264,2.9581735203858486,3.409608496858906,4.762313586902235,9.53964778141859,6.330231469844723,8.857461389035551,163.83258333333333,101.42356481481481,38.053481481481484,16.441240740740742,183.98357407407408,212.86218020437087,0.9481265505735268,0.07213998278277658,0.22785445722721925
60354.5,1092.5655767917633,0.6353667653291034,1.108303249097473,0.7097273015910347,0.9437542512685394,0.43207060285273796,0.757956828779571,2.569778570206852,3.2592639494935405,4.293966990658489,8.075963870693885,5.581234039394787,8.87619672766316,198.4988587873375,115.18160166716284,41.82555985577718,14.495898250140584,191.07039132016803,68.62939110070258,0.9776778268242562,0.06146570569063428,0.35003433064389117
95145.5,1262.1046804189682,0.7505979296373516,0.9608938547486033,0.7725859100948421,0.9790243249917682,0.5336734915489961,0.7827818232638593,2.9420131546813906,3.859312391641314,5.278729872668063,9.84791368610898,6.750270953350974,11.410540699472861,207.93188556181443,135.13949006818856,48.07514505950616,16.063063826182713,197.55698615052307,308.9744310319133,0.8453841757821519,0.0202863316805943,0.20450037027440204
43777.0,1346.087436079979,0.30360527923933595,0.8791208791208791,0.6681471306471306,0.8667854667854668,0.5984285391719453,0.7050120144370314,2.4528951887754187,3.0466456663136277,3.696938058700209,7.197567348102566,5.028513892400497,-7.243328996186302,110.7541594118785,106.73012188044109,32.50529599535693,26.282356355194427,168.6573321725672,215.98790420914014,0.9381588048937484,0.07905146028905356,0.2566124589355617
120601.0,1337.9209156036377,0.8466421515246837,1.1714285714285715,0.8404250871080139,0.992625332312732,0.5725830559117092,0.7878595514289601,3.0437755556336237,7.72936308086893,9.858889691227542,-19.55876608947328,13.470426054945497,18.65639382853114,226.60843109172043,136.01668170641852,77.5061055873368,10.67362634633375,172.08717536902586,176.39282204194498,0.959432793748753,0.1253699812649683,0.35686432610038954
58141.0,1869.8864263296127,0.20895939544793238,1.15625,0.7672745988175675,0.8103839988849397,0.5306043888692786,0.6943609015868372,3.281714344460814,3.2875252203252097,5.085807223635926,9.425525436828888,-6.7518681971506265,-9.420480748515299,228.30526468088186,158.80391731322229,115.07245040059321,12.912068435425823,131.53370227696092,134.974231678487,0.9768419708941448,0.2194393126880128,0.3575086112604552
37568.0,767.9655101299286,0.8004689810610244,1.0297029702970297,0.8941355674028941,0.9870471085888443,0.2933672641921187,0.7890805021878327,4.553822388864428,8.256413803432203,10.266138397989542,19.704698284918642,12.85572354164635,19.65410142255142,230.8932054314033,181.99250657667474,123.78819121515691,13.50867589615497,123.362527568889,203.35432858376507,0.9548649549581234,0.22411044518328255,0.4422956792974901
141573.5,1442.104681134224,0.8554571484117658,1.0603015075376885,0.8429201695682202,0.9935296202336215,0.3697734893867932,0.7942437567303358,3.9082815291214454,7.9208051591040185,10.646515124443514,-19.9371603649159,-12.678180417852651,20.67994933771903,217.646548893413,156.0055602985924,110.16304371620586,11.949541384820822,132.5180125945871,155.74232769354722,0.9702218067286362,0.16282236574500633,0.35875377733413705
83366.0,1484.5483305454254,0.47534633107062596,0.8291316526610645,0.7889128624422742,0.9531736821344249,0.591352026009941,0.776056006814309,2.910912333516562,4.428770663054741,5.559983692977832,-10.557154649174644,-7.0360000891641095,11.501037459638559,186.5461560130807,115.85139686700062,58.53318554264088,17.384496674709418,176.43461486643722,303.57836669137635,0.9042893181210969,0.019467677372148204,0.21005397626590055
75813.5,2290.687502026558,0.18156189966592592,1.1282051282051282,0.6903181453962703,0.8247500625523536,0.3114326941899747,0.7353730114575334,4.754638114527351,3.7735004392015896,4.01026080725832,-7.902150179505629,-6.389114015870661,10.099543323829828,227.4907293133739,196.72669986787275,165.8401405485459,12.624206873520828,73.02436368388193,105.57949460384312,0.975678686227891,0.2672476319036578,0.49877130387930085
57555.0,924.4995616674423,0.8462126301531655,1.046875,0.8388963386194029,0.98839955006397,0.3322999550338425,0.7945743178460725,4.106905615557883,7.3050798882420285,10.626323797847359,19.592028106663342,12.706269083190884,22.06442763581192,219.48231956865376,195.47112448842597,150.21712392542386,17.42753513349646,88.140295792642,167.49157562195606,0.9621388781065338,0.27103721067186193,0.4002417322631794
34141.5,745.899494767189,0.7711375226375591,0.9893048128342246,0.9868911692441105,0.9976768650828439,0.5996076958317669,0.7780272361168857,5.44907017424629,7.128997807622651,9.194187630719618,17.381004188421173,12.083121714729256,-17.83574176843417,219.14624299282582,146.36501205379187,101.96096314153766,38.192337854715504,141.72839757181447,480.26045828437134,0.9111416105443166,0.05502808146705745,0.3600361965711867
127818.5,1371.4772645235062,0.8539380306637097,1.085561497326203,0.8417751112984379,0.9931468797712518,0.4321918296935297,0.793251914410045,3.6141331604519062,7.837327698385899,10.435180895105491,-19.814530496301085,-12.245030186663294,-19.65724850698961,211.6084381014272,159.13297841319036,102.17055329217592,13.55993234855491,139.65147008589736,151.4942531624361,0.9728859528599552,0.17897623743000698,0.3680842401236473
22381.5,828.2569205760956,0.4099858865627268,1.0963855421686748,0.7408149079835827,0.8990540079133945,0.5311863411141001,0.7808836719686406,2.988384368126926,4.844021743863843,6.188494185936087,-11.725810183053479,-7.775969751976496,12.221864350200873,212.31938521677327,155.89694385216774,105.69371890547264,36.97907782515991,141.1220682302772,135.28259507829978,0.9379027617307334,0.023445681126064762,0.23082863770692516
67081.0,1684.8813712596893,0.2969413885448693,1.1023102310231023,0.6628426315685461,0.808326555204097,0.6254317505878503,0.7167773700551622,2.218136502576157,3.251229160172742,3.9651204391646084,7.677517222286489,5.145937511652761,7.782723442100826,172.2725475285171,97.84555133079847,33.48828897338403,19.60319391634981,207.42853231939162,81.63457414215688,0.9458311399896,0.02357480526059079,0.22551987988798045
67759.0,1942.4692467451096,0.22566725617758418,1.2516339869281046,0.5781583303469342,0.7531288207180171,0.43512860061925884,0.7167378745814281,4.183658360572864,3.943051528284494,3.8455464127198895,7.874068316404799,-5.939119720624472,7.907974676717776,153.72802365276763,89.24407156791027,26.939008778346746,20.799134357473786,214.5124817117776,73.01386335784316,0.9550380112473809,0.02261156544495573,0.2066480705988382
31308.5,742.683327794075,0.713287766426864,1.0148514851485149,0.7560613378411012,0.9702345904738293,0.16862359039712413,0.7965662262312603,5.147725014007409,5.7138670693190665,7.54158011772174,-14.272204661713952,-10.138048392313356,-14.380893675974352,194.30140204340367,106.24408979043926,34.59862778730703,13.345178611380415,211.09236333805651,38.61493599939408,0.9636004204736965,0.028294309823482817,0.25063149084909997
115571.0,1496.2295713424683,0.6487274388694905,1.054945054945055,0.8268300709706959,0.979025303480817,0.4103156958200183,0.7924290943714122,3.8088277800046755,5.91709770026715,7.143852195730949,-14.731998917951717,-9.547668913250911,13.675998546423893,222.14950390656682,157.69782908432236,89.11300656952066,16.054881180891616,157.14724197283877,129.95115597525236,0.9631203962028922,0.09610779266044679,0.38343397200573287
40793.5,1290.2468174695969,0.3079322955215474,1.0265151515151516,0.5701875768757687,0.7740848972466271,0.635103067912125,0.7265208188349029,2.93168403269267,3.0354784870763556,3.3780764999022974,6.5849031113396705,4.8446098393525645,8.407635602017356,173.33829731840666,121.46352512366572,58.24553501692268,16.970710752408227,161.0600104139547,86.75318530266986,0.9762883913677896,0.057437744553362924,0.2795058367217841
63232.0,1779.4255290031433,0.2509499702868224,1.0625,0.7175018155410312,0.8556427604871448,0.5365580668366718,0.7660747696596424,2.9622537395777084,3.8635407505104666,5.144489270689077,9.696558796503174,6.876035031020718,-9.99959867612269,212.5545142492217,126.00274606849207,62.11111998084139,14.366025385168038,181.5294962880179,142.49755823293174,0.9375417689931828,0.018574984465739214,0.16611786861956707
20615.0,645.6467490196228,0.6214458125297474,1.131578947368421,0.7885174418604651,0.9425939050318922,0.49247539235217114,0.7848145248526767,3.19968611525746,4.4647002286977555,6.102908780200003,-11.415688266536463,7.720042921428972,11.838405276200323,224.65996290149369,167.3362784340525,89.7574929219955,25.930586742165378,160.3554134530899,105.32975475228997,0.9409127759669209,0.026666483408289518,0.26112347580828693
196454.5,2281.7413252592087,0.4741754107321966,1.0588235294117647,0.8188879718554088,0.9671463313772597,0.4830754017982592,0.7890576342102776,3.42950877973513,4.951137745153856,6.349597998251339,-12.030995262983627,-8.102058797327864,12.437786366992574,226.7202845294794,170.76675665133848,109.29654910494334,13.207854327475777,137.8096362292659,133.76949598021028,0.9708381033704319,0.22747480496956832,0.4282963529721418
33314.0,688.5828229188919,0.8829259388891704,1.024390243902439,0.7738443670150987,0.9909572252959724,0.23508331317982942,0.7977914694733088,4.688375141924244,5.8824481312898325,9.469953097286721,17.742355622065936,-12.214961915599416,-17.16056428891691,219.50140140441817,134.6250866459721,49.30210059974081,15.059190500587686,198.98719146499502,55.255084694311215,0.9293390496408533,0.025883735294350747,0.200865442639032
218251.5,1805.3838995695114,0.8414493340210812,1.2347826086956522,0.8353165186772811,0.994665530347914,0.638657106917305,0.7821132503948488,2.788555625505707,8.118121183527943,9.976493327570724,-22.681689180061998,12.868453763010628,19.02380059361493,231.2448674719365,207.9916038121254,158.95216550916751,22.326774510222375,90.1855453863649,55.480928924157936,0.9876047582194178,0.3412905789051666,0.5814067062681368
28170.5,677.7127665281296,0.7707492055897266,0.9183673469387755,0.798483560090703,0.9614012934491408,0.5468265571312034,0.7900111730036053,3.337761957839921,5.049265052087844,6.277761075400901,-12.14488239107071,-8.52775072244994,12.049160490575035,214.26221982176614,180.60692102928127,99.14177693761815,26.14625207360827,143.0022761467536,167.02014751552798,0.941289225770212,0.050981656756556096,0.3270217034997087
41951.0,1356.2051854133606,0.2866166268967536,1.1591836734693877,0.602917505030181,0.7608088501994922,0.5447373858155702,0.7037089864479827,2.5215279569499174,2.862674572883762,3.2423884169772688,6.296034268715289,4.503501885331891,7.440341874613279,163.43065125583462,113.86930428984219,54.02064347632807,15.319959991109135,152.08390753500777,279.05347292581337,0.9436742936836885,0.10743232643575046,0.313740387947067
71781.0,1690.9646317958832,0.3154643737901335,1.1644295302013423,0.6941666827843646,0.9122055674518201,0.5253986623694858,0.7732482666774187,3.077937842409831,4.413334338476625,4.812013292680559,9.844224391264456,6.623517363050353,-9.458666545532292,199.54730935158457,100.13657595121477,42.480472931330894,11.026241525836065,203.14181452528464,148.23516063732535,0.9137099506549922,0.018346510383171012,0.16192352697568277
100832.5,2961.099630355835,0.14451214884859603,1.2228915662650603,0.7480599738856906,0.7746365260145581,0.6330028240930976,0.6907068617850132,2.9953045968532965,5.070269324973482,3.66473312959048,-8.23017152727582,5.492462088971673,8.143850026964278,164.3336459601301,87.42710474328018,34.923253447209305,9.556202981262347,161.23459980444196,337.3769841269841,0.9469025562498812,0.20440646854518055,0.38993977031415394
74745.0,2584.7535182237625,0.14058977632404748,1.035928143712575,0.6467844657505798,0.776615806617521,0.09098349799535321,0.6876840910978887,2.8461704813653967,4.302425286159408,3.957695434684909,-8.418769781326896,5.488779294941695,8.141084938837842,225.62874996465632,173.6701162100263,115.28905476856957,14.598227160912716,130.124423897984,144.79388221841052,0.9690162334011555,0.20968363639682633,0.35016108828247194
104123.0,1316.1320307254791,0.7553663242413854,1.2,0.8473551432291667,0.9917704096697686,0.860580983006116,0.7708394210339347,2.844876000864283,7.308526218635,8.249501263559276,16.035102730735375,9.688971585752768,16.79080993191063,221.59733445674237,157.58481099919575,96.33675462448777,13.202816820497109,150.96613496227644,210.12934830682843,0.9580896233977586,0.15397323203145422,0.3535140783468817
120037.5,1464.2711998224258,0.7035318524234901,1.0574412532637076,0.773861328691616,0.9723887367755942,0.5677102609915817,0.7817808000828579,2.934760733213785,3.809962087222268,5.273289110398049,9.826468549667197,6.761903427605199,10.457679990134631,196.614315589512,136.43232547095138,53.4195779142331,20.800421585862708,186.61569865775724,148.29590349334006,0.9434617397387524,0.0233793513179653,0.22240700538902897
63812.0,1612.999123454094,0.30820803583044687,0.9447852760736196,0.6355270496374791,0.7782995279854614,0.3967543176693308,0.7376280416342473,3.6430471073198385,3.1050830306199617,3.904152382338441,-7.710918547862303,7.234437324652852,7.470867912538672,182.3127568022259,90.88351289268498,43.05807370021677,11.840871590798796,177.98291759681646,214.66595925297116,0.9433347248719686,0.07173806720739517,0.31842128975071576
73277.0,1139.3422836065292,0.7093639505434269,1.0758620689655172,0.80986958443855,0.9782331542235424,0.5519812950950568,0.7929306488026332,3.446099415008701,5.471488517341756,7.091140177613235,-13.374711041928448,-8.81458380488263,-14.36523967504301,226.11730331855833,188.23571891030429,131.97918223019073,26.276042963627006,111.67760678652654,91.69678822348612,0.9768701393367821,0.15798273913912228,0.3978226539438853
134186.0,1995.6164329051971,0.4234117716903224,2.0,0.7454777777777778,0.8783070860987838,0.9149218694253275,0.6121784552333438,1.5449807530633126,3.976372827948421,4.5982167397077935,8.893717076286842,5.372727915797901,-9.60092461736732,202.69227576597544,111.14041771044869,44.42054904169693,13.52637001022783,200.13938751611997,342.95476541445186,0.8246698805131659,0.020471760482021584,0.1901483859641245
106363.0,1252.4650719165802,0.8520580729530176,1.069767441860465,0.84020317239636,0.9922754708884142,0.37987375596927975,0.7932507006234572,3.6777935273700995,7.098884775254747,9.453839612022593,17.739071774811798,11.380875824705468,18.42903779699554,218.49859707076337,164.04717225185067,117.61255273421953,13.78351110403566,126.20167356523123,223.21656750389332,0.9623509045920761,0.2189602422178469,0.3745038307722915
66171.0,1772.4549664258957,0.2646836668346346,1.0972222222222223,0.7270899261603375,0.8818978442674841,0.5090721713452511,0.7579611606115715,3.6694945010271134,3.0122722958411403,5.753144425030603,-10.442818606158696,7.765345725410935,10.196379063428852,191.65910246060932,91.24981313720214,35.65509612222322,9.496158100876013,184.39022931802552,159.81386299882362,0.9622633037019599,0.10127246519742582,0.3524078657413262
42955.5,1129.9036709070206,0.42281053836754695,1.0151515151515151,0.6071277137042063,0.8429010135101989,0.6078530157032299,0.7682737097388797,2.85560831173635,3.785602132679457,5.142840479287762,9.638205404837667,6.577376732439755,-10.044140130702438,180.74007826942932,107.95992893327892,52.136491320736596,17.632757916976786,182.75808503997504,395.31102096010835,0.8855573207737141,0.017924466745811506,0.19809865820010186
119478.0,2022.4204771518707,0.36707507853152926,1.0625,0.6497889836407936,0.8764460354604207,0.3661397496232714,0.7209501730193948,3.74709359728094,2.5230286130137287,5.499868921402302,-9.561429301889646,-7.819803654799303,9.854299825193555,193.86251043451517,99.33228768507534,46.04607881903255,11.58901629981108,186.59830411669083,108.32631234986576,0.971108998305133,0.04434694040680494,0.277864554356096
134102.5,1977.7169382572174,0.4308424353462637,2.0,0.7450138888888889,0.8784361377042522,0.9177628882750578,0.6116567224865489,1.5432086871515602,3.949508799456726,4.576696890597916,8.84591698763507,5.3491407437405725,9.617950152964104,202.66410503671835,110.59948075068615,43.42722349974038,13.526771011052592,201.8787627030636,142.69034112059083,0.92065929864433,0.02050903435633827,0.1923421530524813
71575.5,1302.7320952415466,0.5299855498912004,1.2571428571428571,0.7262124594155844,0.9085664235800377,0.5723736423743102,0.7689997080449975,2.788636716634497,3.624800081673158,4.963373042532836,-10.099073535650403,-7.288587810086305,-9.262010209339122,189.6854493278107,129.20889466913584,58.413449440902475,19.821710796024824,175.36737867371608,129.0339908519154,0.9536537355888157,0.02269567836783173,0.2281688544674889
149239.0,1669.1900273561478,0.6731016135855079,1.0890410958904109,0.7143151163569876,0.9510787653227374,0.4111535948106097,0.7825476550008721,3.45688930219806,3.4672522973866737,5.504213091446862,10.110726350379954,7.285097135793471,10.174922714399017,187.89649338560528,112.67670659537026,57.170499867508276,15.491720965626891,179.52320643570076,58.67016390305251,0.9752346006533953,0.0272286863385413,0.30222672736774414
17520.0,494.96045982837677,0.8986756053804889,1.1,0.8126159554730983,0.9812927075165229,0.4877527159718586,0.793687130547291,3.4145072733481516,6.354302224540235,8.824597335634511,16.568769366352747,10.896586790266044,16.56043482980694,239.00401885771697,219.6356750908107,200.124739160677,13.477548496792641,45.250560321508615,147.85745891276866,0.9540070301294928,0.4374422912121433,0.5254800683663677
104534.0,1188.028564453125,0.9307084726741446,1.069767441860465,0.8257551820020222,0.9924051113600547,0.35549863942847065,0.7955577082712488,3.7326496726658136,7.3859899124655,10.007485257579697,18.830980198274187,11.998069937152332,18.88141774896738,218.0905467315183,162.21285999717452,115.16065914549235,13.942370179014713,128.48170497890976,241.18290226084125,0.9584505978535601,0.20480499243318798,0.3620146522487729
75711.5,2202.72199177742,0.1960885969191128,0.9393939393939394,0.7400928641251222,0.8496981055844856,0.509269540041443,0.7646995383942662,3.2337671341608574,3.7767005858686984,5.530913728821511,-11.027742408657597,-7.150273639336028,-10.189241780132322,212.34358988224798,146.02797117711475,79.98844110370561,15.598669712987874,157.13036542335303,89.1254749214159,0.9594185445370937,0.02202527795481016,0.24371207942191275
74741.0,2357.5676661729813,0.16898199577995834,1.1418439716312057,0.8231025064975112,0.8286095975077743,0.7880227310058829,0.6892518615002032,3.141196148390619,4.025443101636387,3.653767614227588,-7.715227600651236,-6.24233758480605,-7.590279678370216,228.54770752216973,197.60280989533211,166.55558351962335,12.151997868151065,72.8392230594993,75.54118404118404,0.9821609172152947,0.2945799054884086,0.5084553936463087
102656.0,1286.8284270763397,0.7790277165638957,1.2199312714776633,0.9937176322540051,0.999990258823071,0.41780149375817666,0.7695889762326792,2.9510664329280307,9.728647167279226,10.703533375658083,20.958267705098322,-12.855931876669969,-21.313494997392084,221.86428093061176,160.0306418581176,100.54585602112026,12.409302235292975,147.0161410864902,405.7604134012539,0.9303194453529444,0.20318687672193558,0.36982104576565533
107617.0,1354.974737405777,0.7365942916798565,0.9972527472527473,0.8144658371931099,0.9651359362178208,0.5130499495002211,0.78575411864809,3.285491882681608,4.10661088947959,5.448206769808445,10.246674668767515,7.1043815223541555,10.742717614855689,162.87982355005263,102.52787608401424,55.86756228382375,34.309168379367385,168.73745049877186,90.97757557375391,0.9409172506833983,0.02251010015302962,0.2312036099382701
71579.0,2309.640818119049,0.16861903455681534,1.0714285714285714,0.5453638095238095,0.7185023463574995,0.6054696915045579,0.6669388526558713,2.14242636607063,3.002897183742185,3.289660550341308,6.436581864841571,4.3775078810484604,7.7007189120271216,163.86101338061334,92.1326703050115,33.01781311466327,17.604800952987784,193.79021802365847,114.79622952652467,0.9582846310353534,0.059820061467829685,0.27729362246006745
53712.0,2412.229570865631,0.11599624051957218,0.8625,0.6081521739130434,0.667744101046769,0.4001787378552756,0.596169756506475,3.2616410027799856,3.6072398265802645,3.157525471738478,6.563898401350936,5.06594761690836,7.030152333080273,86.65712679224066,83.78635554306064,27.710130259582044,20.008883890919314,126.17361072064475,277.97053351053734,0.9544519421930453,0.26676216235796013,0.41627390422393035
33316.0,685.4112484455109,0.8911693933417153,1.0048309178743962,0.7737829803047195,0.9935287627113589,0.16309797944713755,0.7980815998014626,5.459443284166365,5.968405196314399,10.77863342262463,19.170660579288466,13.515920460964008,19.696040137522015,218.93344242784886,131.07646533769713,47.84552216602202,14.68789050877715,201.33864921154418,122.12808502972439,0.9040061205264626,0.020315477622810225,0.1609342195578532
22936.0,834.4163019657135,0.41396343630497573,1.0963855421686748,0.7591685423010724,0.9227365075533562,0.6238017955928973,0.7683735952918949,2.82984741464441,3.929028246628597,6.430948187842403,-11.81678229186138,-7.911801573541196,-11.717394911468087,211.55731242418992,156.87870386414832,108.55440998093918,39.476433893605964,138.1459885635072,102.26397350993378,0.9502856395868655,0.02465822201631263,0.22378293995150714
52254.5,2223.9179499149323,0.13276880311464753,1.054263565891473,0.7446206680346558,0.8280826585106889,0.572143723017893,0.7067952704815141,3.9551100840227664,5.868875039127729,4.2614631958353035,10.988934623656313,6.293135755701213,9.326735174745552,227.01949120364512,178.55235624182592,135.56762857022318,15.243935366831202,105.5423575074885,118.64202508960574,0.9694382697276482,0.1860341189743334,0.4357823714201653
94115.5,1291.4183877706528,0.7091483329012239,1.0868263473053892,0.7762615265337094,0.9567111228576657,0.42465117229985566,0.7906160950135527,3.846788538614128,4.122957536289601,5.7978215038959755,10.782871855849024,7.746007402356409,11.242798054837728,198.6216669578892,122.69701205661366,53.70757761081018,15.877243869765275,185.73586114508709,234.37826578166923,0.8768047997527981,0.025705597747964937,0.2720571491265967
33053.5,1272.4823162555695,0.2565215207943679,0.9380530973451328,0.6898793621639673,0.8144766832994518,0.5734597327064667,0.7214264837062474,2.358339867918963,3.8877461711817882,4.0545234455032775,8.074416803750525,5.387688301601838,8.373933307839362,218.78218411337383,167.10030367988568,95.79983922829582,31.276140288198167,138.45837799214004,53.182489641506024,0.9228318767933461,0.03501648280747028,0.29905985578598193
77204.0,1189.8864238262177,0.6852335954038383,1.0319488817891374,0.7636475138230843,0.9801691084985907,0.3861880557244504,0.7957229730844431,4.08756368850116,5.211344411131914,7.028385165471321,-13.207385098598,-9.087898451852839,-13.459601260806183,130.45950663725796,125.36030635580032,42.234881801328804,29.355164341483878,179.71323798054152,87.57028836955035,0.9527717496237926,0.018558899987123227,0.16758817306702442
100163.5,2479.5605232715607,0.20472455173728563,1.0424242424242425,0.882342318534179,0.8876083883859933,0.4725866337793947,0.7460710689452701,4.611323399940241,5.148048727070265,4.462635827022989,9.312113960397896,-7.08185942351546,-9.635653758743924,218.8382789160887,179.5337640265594,107.18816438124796,28.447087014810357,140.61442400059116,108.41294628600626,0.9702052416689279,0.11467617286681975,0.329857047393958
64122.5,1077.903668642044,0.693522267930854,0.9548387096774194,0.6988066695727986,0.9370182296423483,0.5649755210696144,0.7825343714320662,3.0816644679644023,6.156684284356665,6.075943751003734,-12.203624567149966,7.625802354952148,12.838474454348226,187.55012475916743,126.5187138751145,58.68988661128834,18.345488139982944,176.69950412179023,102.61094820717132,0.9548014644409905,0.020212750747316176,0.19516567862943499
109139.0,1297.3178820610046,0.8148863168813265,1.1395348837209303,0.8093483032747983,0.9854003394849941,0.3858104288104915,0.7914034747880756,3.4061055484008236,4.347508474180328,6.062097758329258,11.755481426985952,-8.774809908831232,11.291086326596925,192.84868832275785,117.71468889099347,38.17702433942608,15.125958897622882,204.865640685671,67.560725069755,0.9520739595801573,0.02430511857828573,0.2207831919879375
65811.5,1148.305690407753,0.627186381404376,0.9735099337748344,0.7412206604496103,0.9652752313762302,0.47166726092283107,0.7913232867073575,3.324172336206785,4.296199449707342,6.517437512606066,-12.435386677347744,-8.438675302301743,-11.945932492913597,195.3033082682861,116.83829070155637,50.60571037947316,13.30876110837321,191.19442633896637,355.108,0.8574284558335754,0.0174356808784191,0.15375063598813776
125246.0,1301.7686767578125,0.9287655413707613,1.085561497326203,0.8248333816285135,0.9931645890823738,0.43308929146423314,0.7947634292216186,3.5560269792016443,7.430229684098034,9.731233418580585,18.56455819685586,11.774582071845195,18.393320329276893,210.62752796628814,156.79233021374534,98.56123813230889,13.468758990675083,143.26238386163243,175.37786643479444,0.9684977221839907,0.16932820126079207,0.3589084244539912
128982.5,1323.5260535478592,0.9252853047756658,1.0050761421319796,0.8266837153258473,0.9934339738899373,0.2919129038932378,0.7971806186450563,6.1396760440502565,8.619948542129736,11.669374205020763,22.540381266860813,-14.85056257001871,21.821830916713534,212.23710081603804,138.68856422283622,91.30450427295509,15.231590952901112,151.0275573475551,178.00861175861178,0.9639754367075726,0.04991008168136144,0.2889395792893009
114571.5,1294.0701904296875,0.8597472528564997,0.9715025906735751,0.7915129533678756,0.9892972170173817,0.33316557839063193,0.7970180469027016,4.148245943633927,5.242589398349378,7.9055477461684305,14.516364810867998,10.0231248122694,-14.883488893078779,217.46312273865848,142.78671200946283,47.124069370999166,16.722220289451712,201.1446214862232,62.00432877764395,0.9524848027862297,0.025485147833083904,0.23212393844444626
102295.0,1783.6610298156738,0.4040541978613566,1.0459770114942528,0.8075581028167235,0.9021001530029586,0.4410936700747593,0.7683523757722444,3.9293840231256727,4.098009021094884,4.830740763879077,-9.317788515947045,-6.8292109278163915,9.796977465136697,226.65869908647574,169.24176503488272,115.10434390117061,13.817059648916233,130.06988313561567,119.4279391179196,0.9713406883041075,0.18788659834571325,0.3668649143852058
116947.0,1687.3809438943863,0.5161461225678117,1.1340782122905029,0.8045999944959683,0.9713246317468096,0.6399703173880894,0.7860573298968208,3.0515125251665647,5.399880044674093,6.240576719288049,-12.377852093035518,-8.10282580313216,-12.118187671027316,217.76860340516728,139.27257496640757,86.02558978109639,17.174799721055226,160.84290646845713,249.1488912898081,0.9482334596334706,0.088298485238766,0.2811647269446286
18963.5,552.2670258283615,0.7813221434256094,1.1,0.8795686456400742,0.9810905892700088,0.48734206980685013,0.7868038447036357,3.5143549743961024,7.351564368046173,8.980850606848687,-17.17353193036863,-10.8730376522225,17.61712926587728,245.48446833930706,239.19226830517155,231.39119303635434,11.171274961597543,16.67067759003243,151.5590169608861,0.8995676605150082,0.6145644136195154,0.6902423050857157
69618.0,1529.3767580986023,0.3740265529276811,1.0408163265306123,0.7738428704815259,0.8893970654930342,0.43544999735148815,0.7722711231158521,3.6746233245779827,3.352574225908919,5.479394616018355,9.895474858822785,7.357904639178495,-11.573071849131946,191.23018617787767,92.73971122254885,37.2118854112629,9.616274713239957,182.23554671739004,224.3796766609584,0.9481933400427635,0.09719369619331748,0.3341488277436957
70591.0,1760.548332452774,0.2861958247591749,1.1081081081081081,0.7270826466710613,0.8852701609616314,0.6887771723002122,0.7416950456294273,2.687904415199754,3.6314823271476357,5.91201680855601,-10.78982540979666,7.2699552372590235,-10.89024510390934,183.67088293650795,96.96804971988796,51.13674428104576,12.76655870681606,166.74166958450047,270.7002505157677,0.9396196132406159,0.07309805338037145,0.2838146957461933
71051.5,1376.3990564346313,0.471296682264088,1.2706766917293233,0.790268941584731,0.9681359858291321,0.8873606552918303,0.7584072763296672,2.577903058010093,4.764756082792948,6.551640857794762,-12.368638406008646,-7.922833702378356,-12.352374700890326,224.2008731188195,158.07068636065665,95.70503647293471,14.557652342496898,148.5299105959803,86.88862605953085,0.9490452259768761,0.03204339525866032,0.3219983276272162
29443.5,917.0853490829468,0.4399261593879448,0.8731707317073171,0.8023845210519144,0.9170572936944232,0.5377012605286868,0.7719346471307974,2.9165849517531637,3.932744411936125,5.3165070387621896,9.947285950606306,7.23676981476641,-10.718029211152833,166.68767759373483,93.59259130916904,40.541028484302444,10.758992307159193,169.9529766442581,87.92585939701323,0.9781883824955819,0.0830286736150668,0.3667195170601536
51204.5,2588.770762681961,0.09601316886007638,1.0758620689655172,0.5659206454465076,0.6302247439936983,0.5331095428618515,0.5032815234993032,2.351547239727583,3.577184047841732,3.019679684521429,6.432804525544917,4.373107836929073,-6.511548520593218,236.00671418445302,213.55621406631488,172.87770733244074,28.456072300543436,71.13871386941797,61.53650793650794,0.9753001711013123,0.2502232087300013,0.5510713441288931
42239.0,1712.077329993248,0.18108260704578485,0.8897058823529411,0.6416960379193,0.8115393482938825,0.50594001414074,0.6651690813555367,2.4158856338952055,3.078906087073313,3.5520793357914076,7.221027935914839,5.127073665998351,-6.915045575203158,107.85680260535653,104.34637631847568,33.44643464735333,25.457857385894133,160.13588198123756,140.169572927442,0.9643000614251468,0.1123368166313435,0.27444363318064563
78140.5,2300.3830362558365,0.18556058680102958,1.2317880794701987,0.6955467136651713,0.8495564156646155,0.7215482431004308,0.7008586159205545,2.4971597745984004,4.559973767804615,4.44236803152997,9.400375129218672,5.908609555162641,-8.97178943435275,222.8147323451356,183.1454592530261,148.13174962780764,20.931205903294714,87.41638941031782,72.26047716214096,0.977963753947452,0.08953858303199987,0.4974706136726725
111671.0,1344.0,0.7768760479091947,1.2317880794701987,0.9940094709107741,1.0,0.0,0.7687260870293386,2.909308676376865,31.95253856100112,32.36751190897194,64.56476210254893,34.044014996776724,-64.92884384396,227.98074286144805,219.61372711519627,210.05326602878023,24.948481880509306,19.332389060498755,13.80184520914397,0.9731079452042483,0.15789301037091452,0.7426964982690899
134243.5,1973.8590749502182,0.4329830000311118,2.0,0.7457972222222222,0.879368396229505,0.9141980802669282,0.612290170269951,1.5454542924557673,3.983215402561688,4.605294396939694,8.90718358487802,5.379602567886306,-9.630348140299539,203.19625683505475,111.10819021086792,43.98960478935436,13.585740112324585,201.22815375724255,143.02554309792887,0.9193348802241708,0.020693875782113232,0.19182305728097707
226562.0,1921.269113779068,0.7712950276796956,1.4523809523809523,0.8843169398907104,0.9942227985527375,0.7859870941415669,0.7545120836691401,2.330734943251908,8.554441877817458,10.073917247872652,19.92580345982039,11.724468893188126,19.407163174812734,249.13994680456855,241.42354597781605,236.30149293060714,8.306680720361664,14.304696184915885,21.60898009208653,0.9834551737897901,0.7257566556844255,0.8250621184330403
72565.0,1647.0924870967865,0.33612521353805785,1.2262773722627738,0.7882016857838026,0.9376170971534893,0.4798048799136286,0.7481245561102815,2.8290026849548617,5.325032069793588,4.71464808165001,10.406312754242855,6.170878648549469,9.74456069088291,221.14479624253295,181.7904208910304,123.44828162762772,15.645579048169147,120.58479381051544,163.60770526960783,0.9651740600990522,0.23390014487133573,0.4148059704736664
102984.0,1616.8569885492325,0.49503556816720323,1.0633608815426998,0.734980516421873,0.9446816707869137,0.43112041889109837,0.7764937752792374,3.115292457811325,3.4275185552991054,5.050936782938973,9.293346429477587,6.614402065475201,10.208782109079255,151.93309023811616,92.52493190405062,47.00652403128021,29.1255052280116,168.6886587294614,86.07558139534885,0.9592579336676496,0.045051621702836386,0.25484123776892686
140308.5,3667.446947455406,0.13108897433098163,1.267379679144385,0.7914692344141339,0.7960472379742024,0.7747403787965653,0.6681518784549243,2.4528973564904906,3.645096668665351,3.5164390539648354,7.433061723400778,5.079718330376581,7.149207477110656,231.34442175607944,189.69888249489512,145.3246259513644,11.47869315017635,100.8407425283089,79.24256306609777,0.9840429176186636,0.3622165748314025,0.47720634927024685
97831.0,1900.3229359388351,0.34043290958161293,1.130718954248366,0.9240148853375647,0.9297491993195404,0.48461025811070585,0.7550515935707708,3.379492721505661,4.840979452866138,6.237013356303671,12.452912920723433,8.002036231561041,-11.785844100939038,223.58585639149328,168.69233935513378,116.4891378916076,19.912234164189346,128.31926595014866,114.6315346477574,0.9738853218594514,0.15522506136077135,0.34177147869434676
85556.0,1294.367530822754,0.6417193213598636,1.1223021582733812,0.986395498985427,0.9931396334172984,0.8558319870579925,0.7730595703963135,3.372518449518403,6.539639433597674,7.299100379632455,-14.235128510620557,-9.164368293183502,14.784308958571572,199.55696081019462,150.79957522378749,81.71814778372412,19.997600134392474,156.66009503467805,102.25452477739063,0.9698359268675587,0.035072361350429376,0.2778219460402009
112751.0,1949.896528840065,0.372655155684049,1.0598802395209581,0.953609729693156,0.9591829790130073,0.6404540544061929,0.7707204870646261,3.57581083208188,5.197823093815635,8.049696832300924,14.984527706438966,10.561329992238361,14.732679783290328,222.68197438019502,162.1991741930841,95.71265877442337,15.395127919110504,151.40801878305928,84.26731249321611,0.9791864169928955,0.14094085406473436,0.4093494412657936
38885.0,758.7594473361969,0.8487577332055201,0.9907407407407407,0.841229664243683,0.9874803189598252,0.14886182459521402,0.795212821367612,5.469282173057111,7.4365777505883806,10.82713072514953,19.992942551811474,-14.399756448405538,20.37865127516133,221.1455967231428,155.86464345559486,117.0011437082746,44.89190626911722,126.22132085006783,213.2245250431779,0.9598848977909239,0.051028702977672424,0.35023805799560614
195489.0,2020.0,0.6020456879302177,2.8625954198473282,0.994854961832061,1.0,0.0,0.5715686986303883,1.3551247506000381,0.0,0.0,0.0,0.0,0.0,251.0615517759056,248.8931012557622,247.51921616418514,9.584644730567478,4.05458415019693,7.310385572139302,0.9808137790071519,0.7274040595244601,0.8790912359167058
64555.5,2550.8153569698334,0.1246766335874348,1.127659574468085,0.7198748829118159,0.7388833567970333,0.46121100886211336,0.6597371845095605,3.3852497534773347,4.471463510896217,3.351365523950334,8.167054916297174,5.242621961985178,-7.2661809979239,86.72486981845809,88.88474383121509,32.84650448710847,23.127205963818238,124.88086608315791,232.175984063745,0.9553410847498103,0.23644838129803303,0.3604777951411917
84415.5,1665.668170452118,0.3823447115608597,1.1614906832298137,0.7009624007705849,0.8968684427209223,0.6275814945535406,0.7566137386893188,2.63704107680531,3.6300872386835343,4.170338430876943,8.07921946744078,5.489783765023319,-8.774283600709103,199.85578023195598,105.59236689027254,40.89201883588453,11.9190562788289,198.60167644189661,156.85357384823848,0.9294785812896327,0.03733809901209053,0.25978659753312927
63644.0,2358.6702564954758,0.14375828068891364,1.3185185185185184,0.6621306699958386,0.8261699227623808,0.6155244700569663,0.7484546763634932,2.8308962423090502,3.7725930763668067,4.825190680406535,-9.16360748907089,6.2428132117534965,-9.513486946153488,212.7238041002278,171.00226115503148,100.23417191477958,19.690807986064584,142.3742630309527,143.19306145854415,0.9660455587122642,0.16575732188965722,0.3421326583792609
181173.0,1708.0,0.7804185919804633,1.1725888324873097,0.9953029204298239,1.0,0.0,0.7726441599230075,3.1466158768349164,0.0,0.0,0.0,0.0,0.0,227.0582675948263,175.39400045267104,96.8373475685493,14.510077450910035,153.44482657731015,56.75882352941177,0.9863936096889215,0.21502164178791103,0.39293533951316745
195489.0,2020.0,0.6020456879302177,2.8625954198473282,0.994854961832061,1.0,0.0,0.5715686986303883,1.3551247506000381,0.0,0.0,0.0,0.0,0.0,250.31218170886973,248.18594391002972,246.83755658508986,9.368094850756826,3.9780644362710427,378.32148187633254,0.49130269549638506,0.7242997831587191,0.8740469016330797
82804.0,1767.6366444826126,0.3330237357064518,0.9867549668874173,0.9200853371260945,0.9262503215991588,0.4418967020021824,0.7591564606102279,3.641922899303485,4.335961356355366,5.02728777779072,-9.724577439494702,-6.865661857067266,-10.287608453724275,222.90263527973096,175.98059309079792,97.13840415774993,16.9348456129624,150.81610516661573,50.155337286879174,0.9876184265190674,0.17021515213320265,0.4163859932288331
30267.0,696.0,0.7851646918863313,1.0348837209302326,0.9886007316435851,1.0,0.0,0.7778930491382836,4.480840256942721,0.0,0.0,0.0,0.0,0.0,233.85109093284555,178.80052913509275,112.53583093807158,13.663215312255028,137.42768487065584,57.695103315394334,0.9857313696650315,0.22254326581852674,0.42524113007264874
148450.5,2047.8447954654694,0.4448334643151912,1.3015463917525774,0.7576324385015821,0.9536536793755822,0.642399367049783,0.750203286211546,2.5970447103701266,4.7800152671616365,5.505391394990001,-11.37691082954458,6.977911561038145,10.655800298278937,222.8989536903835,184.77238245721605,135.63703039879252,17.318585949107373,107.57075364164484,127.97721158411142,0.9759580124793914,0.24617388192279457,0.4503161353422941
97867.5,1755.0752429962158,0.3992609890662034,1.2415902140672783,0.7371650020337145,0.8943756254255179,0.43893891418416414,0.7470668223919932,3.2818506525862268,3.020428204792874,4.4262786957372935,-8.155912494967636,-6.29055403483377,8.92215002208271,158.8002243362504,90.06012634786933,33.01360832160506,18.38172082835102,190.5508618956413,99.34984352047007,0.9739901581751168,0.0703750031157635,0.26166836387853404
116667.0,1405.7199026346207,0.7419255152499086,0.9432989690721649,0.8215523069122866,0.9640705697640788,0.3291866432420997,0.7916413788702842,4.868025396092341,4.436038927343844,5.975093473227973,12.158304237120834,-9.247604303280054,-11.183080052194708,209.3510755939525,117.15577537796976,56.18271274298056,11.941701943844492,190.36052699784017,174.67139510671524,0.9291755032897973,0.018903376943816882,0.20053708884898014
74413.5,1336.47221326828,0.5235301870481278,1.0939597315436242,0.765980771606209,0.9343030409562313,0.4037717220547398,0.7883751126646031,3.723665412275842,4.4579407115693455,8.455429066137945,-15.076742495772669,-10.850934961096915,15.049377008287959,212.95576760930956,124.88173021587548,49.03723283234519,13.676695351918521,196.57646649446593,261.63800904977376,0.877976977694374,0.023347828915599143,0.24993089807639268
101873.0,1538.1706957817078,0.5410780214132237,0.9836065573770492,0.7731709168184578,0.9605676300033001,0.5301384116245191,0.7769185165158957,2.988078832227935,3.744024669836174,4.852965328109694,9.220888606054698,6.419046563101664,-9.43285928457844,204.5881004366812,119.54735013894403,41.53034934497816,14.321714966256451,204.8000893211592,290.8956195344008,0.8201652985304064,0.029771969441019175,0.2786303846364795
12913.5,438.57568085193634,0.8436547156860925,1.1229508196721312,0.7726157712097643,0.9834361434772675,0.517035142792663,0.7927816099418498,3.2857282263953773,4.797045910603544,6.91466612185253,13.09974837743589,8.849138142864557,12.824351576061524,200.3383849980865,119.35231534634521,67.10554917719097,11.80711825487945,168.08090317642558,70.96390312063343,0.9571484560423195,0.023609925356663706,0.186612345107115
104387.5,1292.5554708242416,0.7851632795328786,0.9973190348525469,0.7523098100262331,0.9845230291855491,0.19210692000308313,0.7976482672204162,4.9584003366449485,5.15535971820135,8.444832221883088,-15.712421042068295,-11.713584027385942,15.271738585887373,197.1238920683457,114.82417718642176,24.752938988863868,15.580122311522489,224.8535360839652,63.267327040763405,0.9476607981046805,0.02537546572549932,0.23287641448473334
29041.0,641.955404996872,0.885547194002093,1.005181347150259,0.7756263020137814,0.9913803403485415,0.1790976371732204,0.7979852438845749,5.181059826705742,5.456010526357895,9.628419925195796,-17.251397128007337,-12.252245303746378,17.424539715570063,212.33697058720665,137.03616269716363,48.22358619242472,16.17507781624873,200.01566817053123,333.71833615102844,0.8366794884731479,0.021022624635052087,0.20280650693896154
10666.5,542.1736600399017,0.4559896362556296,1.0847457627118644,0.706203654661017,0.9008868243243243,0.3133247639373187,0.7641528576081322,4.714546724732458,3.996841062108838,4.586041793651238,-8.913564666123419,6.944926083262025,9.285009394905018,197.38875,110.28875,55.60682692307692,11.548846153846155,181.75067307692308,59.461782178217824,0.9550026158257472,0.02601907861013567,0.19516488095400114
45561.5,988.8254632949829,0.5855562150182662,1.1415929203539823,0.7813936338066818,0.9234472065425581,0.6340746700366434,0.7744909293465753,2.8828276876614907,3.9079810136894904,5.363620814134645,10.004299056718438,7.021801378854526,10.82614197433311,177.56434821788517,87.49225734544333,38.979771870331284,9.026773222035144,170.5087386468733,303.46135820181735,0.9414911542406148,0.12476462940384347,0.3101393909152053
42945.0,844.9360725879669,0.7559181405682844,1.1941747572815533,0.8474425763675113,0.9888553731377651,0.8617116183102953,0.7713707072999973,2.8512240079776014,6.633193347907829,7.742413155642942,14.968244074839633,9.174275992731891,15.327280144945181,220.3086331290769,151.77547440205575,97.13510575212493,12.185535678987943,146.41171674243924,257.28534825870645,0.9402027201807432,0.0980312847704381,0.2716590985128938
62836.5,2404.7320977449417,0.13654897682235934,0.9932885906040269,0.7123673589697079,0.743143516054639,0.3606331632879557,0.663512019486525,2.8039539553443946,5.46108941091068,4.496657015583992,9.808894788599183,7.249262290317513,-9.528209533661583,102.29630335365853,65.50571646341463,22.743997713414632,17.01842606707317,142.92160823170732,242.4139661380526,0.9551369780763935,0.2806497213253387,0.4443907910160566
26438.5,619.5706280469894,0.865495937380468,1.0837988826815643,0.7613459655589472,0.9897241043686594,0.3062405362450691,0.7969720090854314,4.133667316196583,5.342063146260435,7.944829384726049,-14.598511037976778,-10.011683179098632,15.2566982500514,208.04641381900112,113.08535486293654,54.32339466766804,12.57656778069846,188.8559894855426,59.29303946072862,0.9545585557016015,0.027331319194953393,0.2436391644020141
76631.5,1640.0701899528503,0.35800766149479707,1.2394366197183098,0.7665602992957746,0.9315653833529862,0.591017825664749,0.7578857482899322,2.690599270060785,4.8115982403688715,4.766554420678663,9.684233857124273,6.153476953463321,-9.73051946609509,218.5432556547534,161.02917938332524,98.68611483499244,17.219430103539747,140.35000998317122,200.80052425394632,0.9409235474443491,0.08056808799799287,0.3081433578101984
97797.5,1272.1046813726425,0.759437285250562,1.0903614457831325,0.8137314451174865,0.9831018762848254,0.43208126613470615,0.792675094880461,3.5387352217195707,4.710947271558635,7.340709379252644,14.912047157443524,9.5490483343569,13.36671386638554,203.10639190018406,136.44206381673143,89.73913888320719,17.587349151155653,149.35192268357537,185.5612684475225,0.9563760015358879,0.04478071886304099,0.2727529507691109
27583.5,679.0710676908493,0.7516727062644771,1.2105263157894737,0.9862521453089245,0.9982809163620571,0.9943726141010826,0.7702665842424146,2.978391924685059,6.849454020039353,8.74078257474402,17.018323290479948,-10.281938916686004,16.560823495736834,233.22237370838118,175.1259687141217,124.97599741676234,9.876650401836969,126.03978903559128,69.16619204089083,0.9882012037536083,0.33018054763809535,0.5317435683569894
146130.0,2034.8468844890594,0.4434919867606021,1.0931372549019607,0.8030532840939066,0.9517606562608891,0.5525442375081389,0.7825101203373636,3.5613406030998904,4.687937479161317,5.484641715952866,-10.795201394831945,7.512072887011009,-10.666491099458947,219.9888298325896,167.516158371941,116.36609299945997,14.361666145581673,128.1240584941591,158.4945311942959,0.9721190940028297,0.2140679215452733,0.39428182208616674
22060.5,564.3157997131348,0.8705240940496618,1.3333333333333333,0.7979058159722222,0.9830006238303182,0.6632532029250267,0.7684136931830244,2.458064305233732,6.717036222885842,7.934868948547232,15.260991140921314,9.164174413730883,16.814562042112204,226.93355512008384,198.02219386592535,151.84974707195917,16.980540491272844,89.90748758146106,209.2478856407428,0.9529447864991434,0.2635365207318564,0.4596977705870781
87813.5,1277.0752425193787,0.6766096380508313,1.1503267973856208,0.8152619949494949,0.9765790512625181,0.5520299932659076,0.7840998424430352,2.8759567782430904,4.949335601953983,7.745675575283152,-14.196324153063053,-9.232929434466616,-14.304372450821715,214.7304579093432,162.56273126734504,89.10132978723404,18.73695652173913,156.10789777983348,224.16263843421325,0.950921467102568,0.12280425558801693,0.26554530958048106
111496.0,1397.2245163917542,0.7176897708048071,0.9378238341968912,0.7979274611398963,0.9802621745896378,0.5457091312669201,0.7916477792564786,3.3224390994056154,4.722424909394851,6.652523824992307,-12.4081686760681,-8.346806172189098,12.624771417521712,215.89258956850992,155.5011529730554,93.1984549263802,14.738405218436801,152.92199262456145,261.8393212489598,0.9467591232104298,0.1304283150348147,0.2673219049141735
107739.0,1657.283393740654,0.492934536152686,1.1596858638743455,0.6366574876201057,0.8846547031074873,0.6016289542343792,0.7168563326886169,2.8044926555934335,2.5549647536234104,4.6333887863648,-8.434763009215766,-6.264433902456438,-8.33317319803544,205.63535808758695,104.15528558832175,46.026354462623694,11.36049769765847,200.60469285784268,112.00666390646872,0.9445559963839029,0.02075139316718697,0.2104282820576391
55180.5,1044.991981625557,0.634993937985735,0.9638989169675091,0.7460958098405873,0.9307273877292853,0.46515066070581274,0.7856828106197511,3.439122327140683,4.146805460138929,5.877795023263527,-11.059442654783355,-7.730410559663969,-11.023281590604434,165.49320497206597,116.6304200738464,56.6904251000406,19.72642038315065,173.7229407102399,139.64174885969362,0.96035471622816,0.01865995082889691,0.22754990844950695
83347.5,1108.967598080635,0.8516570142234388,1.0723684210526316,0.841010453664837,0.9909875097347973,0.40450258118217225,0.7938040241321885,3.7542925561912552,7.589796109731643,10.3914013706924,-19.53204191462941,-12.637275487355245,19.532989336251685,231.18639679624528,186.4252499744924,135.30638455259668,12.369350066319763,110.42745638200184,149.65372503840246,0.9681252721731155,0.29942343530665355,0.43773982184438787
121017.5,1403.899494767189,0.7715889607520233,0.9717514124293786,0.9937713506766522,0.9994920671627615,0.9775250633834495,0.7778833175337843,4.659791240311138,8.351834892479193,9.458932025490952,-18.36797015548576,11.839201950657852,-19.253093270785627,224.81517955332853,167.50991822323653,116.20886562647286,32.41076906539661,130.29490073508134,71.7627808965368,0.9847697753241895,0.077262288653121,0.38116232166644953
57634.5,1114.908723115921,0.5826580714548244,1.1967213114754098,0.8089279699079273,0.9717665109848421,0.6276807629885739,0.7759641386773035,2.7390172427435737,5.323850096934569,6.320127219792082,-14.255715551043846,-9.075572469265335,-12.142128747838104,213.22176499928744,143.18834615932735,83.5759405728944,14.524440644149921,157.0354852501069,266.07028489001084,0.9366221815535359,0.07412028724653076,0.22628062215980782
43415.0,1711.6265395879745,0.18622228264356716,0.9104477611940298,0.6639191338390017,0.803795417727378,0.4721856444581279,0.6825791288814993,2.694538403247108,3.34151852069945,3.567059915725699,7.151270357274926,5.222856953839138,-7.194617581816381,110.0104553357455,106.10178093134722,34.3233400686058,25.665029838823365,162.35024199990602,124.54600994553635,0.9701366166170824,0.10430904567296845,0.2765702611942127
144505.0,1470.004175901413,0.8403410933497777,1.2352941176470589,0.8363138643887307,0.9932434290113274,0.641978258192911,0.7819969298578006,2.7851800013323613,7.861049791222444,9.603597318868546,-18.34094528437129,-11.014409712899507,19.156262837560668,215.83674718517358,156.34293909156904,94.79611546837857,13.638485189244587,149.6370119425505,143.3678370202578,0.9691162338479483,0.13722405046926348,0.3035243789015159
64961.0,1281.8620408773422,0.49679817456057596,1.013986013986014,0.7832288401253918,0.8785161744022504,0.49068925410784897,0.7712974330867595,3.783870273642861,3.426014499111275,4.902355325926161,-9.097802708935749,-7.103808702769,9.502849482050793,186.40893791185349,109.9616472558904,50.54782636178316,14.065359270555144,187.1728796953272,305.93600000000004,0.8503730943566515,0.029566688090118233,0.32373207897859474
31203.5,654.7422103881836,0.9146869727561794,1.074468085106383,0.8216636823256793,0.9857057113975234,0.333780239588862,0.7953628161544098,3.696469890176671,7.465884495194091,9.653113343052864,18.228746124337018,11.526585274920048,18.78513723505642,225.79448613481915,165.69496602144997,115.57238558407678,13.168990949789043,128.36539018970015,179.94334415584422,0.960809916083937,0.08984455863683115,0.35290610834109043
84559.0,2384.253955245018,0.186923833384393,1.1103896103896105,0.8027549935444672,0.8937638727407251,0.44159413239881135,0.7373148654318823,3.3628335875436295,4.697479114614163,4.297552416933575,8.882665746588208,6.201665672012952,-9.034527724577545,209.28168533021054,160.14448998511796,99.08209519627216,18.142904193808093,138.49281514552683,115.51181450128819,0.9650918428912018,0.04358598399705252,0.31947412074819476
85116.0,1166.8284270763397,0.7856101169791807,1.085409252669039,0.9931275888221224,0.9999882514656296,0.27662933545290025,0.7767039296622836,3.7252163294081417,9.57454820387404,10.55178400727168,20.62149461659326,-13.46105676239933,-21.378652943783724,219.83268578115857,160.75582211819776,106.5541837331773,11.159801053247513,140.3627618490345,445.381360918891,0.9327650442524548,0.2401695800458415,0.3940143745480915
68112.5,1522.6732231378555,0.3691673328090857,0.996875,0.6672462774294671,0.8189600755084496,0.38281732639425947,0.7399694573705163,3.3077075102428575,3.236191922396061,4.041365821144726,8.013830544879719,6.082670915555947,7.732735868452963,174.00654438337028,117.12038021197121,54.53726198791339,16.825002277627622,161.36147468796503,243.42950367647057,0.9447449030129341,0.06840083814552536,0.24551163225240563
77830.0,1049.4600186347961,0.8880248084962432,1.022508038585209,0.7869724362474468,0.9930652580272669,0.19438975793493077,0.7977925143254321,4.795525038561003,6.311396732073646,9.092996627844578,16.8014741950556,-12.379457311052816,17.567692840908506,211.19208900834778,126.83844623058435,46.77367999379733,14.663711782492959,200.48065541570827,69.68106381320936,0.9488576460768997,0.0240522037843454,0.21115708429947216
136872.5,1482.658942103386,0.7824264824222115,1.3630952380952381,0.8894293252235392,0.9932584188125674,0.7457960541105321,0.7651716604277874,2.500455450531525,8.267705043067886,9.89566520986922,-19.138702965575977,-11.44465418463643,19.117542984205382,232.23732754159775,197.93748132383917,129.51372014547363,13.190259972158856,120.2938917110643,101.98200395517469,0.9768268481501139,0.34800430129415244,0.5024154050112056
78326.0,1423.1168748140335,0.48599821652741676,1.0745341614906831,0.7030301942340142,0.896383611810483,0.6128859474403976,0.7770519841040474,2.8814639599682677,4.891926161697379,5.7588399002515605,11.645936108327652,7.22176317585714,-11.101213493226124,177.28362987934244,127.28637623813924,46.42991578700751,22.2008616538026,191.29852009007016,117.50463035630199,0.9508783565954109,0.019988838363086934,0.2157669686227328
105774.5,3426.687501311302,0.11319880549737563,1.3220338983050848,0.6384573132454489,0.6934873185139534,0.5478183492675874,0.6319776830921819,2.5372478187384337,2.9640799464750227,3.4392239752759193,7.534025654707496,-4.763597423000967,-6.644457157610409,143.84799901044738,83.47357704237949,26.169613122989972,13.7030961578717,164.94837199566118,190.28722814661927,0.9679898847024916,0.2221212948241027,0.3897129476424802
88537.5,1406.531087398529,0.5623911112343436,1.1806853582554517,0.7277513377555298,0.9457416922140209,0.5368329841784351,0.762167188618561,2.6411845779750047,3.456498130352991,4.38055588849692,8.299504742754015,5.718577578463954,-9.655094577459904,206.92339558573852,112.57672891907187,45.81431805319751,13.424663271080927,200.71449915110355,86.10832423332423,0.9468614415305546,0.02346501080486196,0.23348685890552406
115534.0,1512.9646346569061,0.6342524019073786,1.180327868852459,0.7307098765432098,0.9485978430881525,0.45994389264049645,0.7911023664849224,3.4143130073436025,4.37025020778032,6.706406027282646,12.244803595289907,8.54930432863198,13.992308414309962,206.32938945243856,116.59272179980165,51.073338785168694,13.463878690863536,191.472465331547,83.83681555567193,0.9613902229730698,0.024033610568643525,0.24924764510094757
75871.0,1693.8519356250763,0.3323033984004568,1.3121019108280254,0.5864742440170676,0.8488113218101471,0.657808363217293,0.7448056383724114,2.373993925462985,3.4751452664926643,4.997240391226267,9.2512008509788,6.186265675666954,-9.785818859946657,178.652138577037,122.19296094772368,59.13401749431779,29.880556512156485,176.96716027274604,358.2111607390556,0.8903208844729266,0.01921110980600475,0.22551425576526582
118129.5,1853.7758140563965,0.4319702188046504,1.1476997578692494,0.6034342722285224,0.8486253690706245,0.4964507784068826,0.7160871047985833,3.368192413558851,2.4956377669568894,6.099505381550756,-10.407455250561044,-7.796492498634346,11.062559593447457,200.88198420362832,105.91131785886733,49.82106642753673,12.548820445609435,194.3255932261847,111.20910983862571,0.959195730881456,0.018982516188555478,0.22087088701741026
52425.5,1142.3645671606064,0.5048274911251042,1.170124481327801,0.7713943085842089,0.9128035031819408,0.5086965213033043,0.7749480549148628,3.1181645313910433,4.899059990783083,5.118513854575638,-10.700784539512005,6.949899478874093,-10.143360864490363,191.8691494235321,116.82581888982209,50.61168588226311,16.523803161029242,185.91543865007253,102.63105726872249,0.9548532269268625,0.01922142077739828,0.2053396482654532
151953.0,5005.015821933746,0.07622689563444125,1.7464114832535884,0.49797797732188503,0.6751471231835924,0.8545128158331122,0.4342329659012053,1.2831458018871476,3.555343686846994,3.4801775964335016,7.006635499568218,4.409317393889069,-7.700958248470105,240.30989411956344,207.34664929141553,162.6215409675843,10.214595210946408,88.21643264375305,124.97511312217196,0.970479294684663,0.44356194140424404,0.5887241591895048
69577.0,1043.7543950080872,0.8025626207163936,1.251908396946565,0.8096374045801527,0.9901309938025202,0.6493899702844813,0.7736855595978205,2.64265596407715,6.141138091209265,7.489321296515171,14.305196118713376,8.870280271968841,-15.56842757358397,207.0808361328854,177.9810078387458,108.1453826054498,20.063157894736843,130.2803434117208,185.24061170934752,0.9543249716810256,0.1405254640244622,0.32327185093269983
112506.0,1357.484403848648,0.7672128193984372,1.1232876712328768,0.751794186435015,0.9731384853582905,0.5679115851289782,0.7806219406887478,2.9662560610738637,3.7853665082380226,5.094814643793172,9.570815841615481,6.591778409190227,9.943378836396354,197.08141519024107,119.65626815277375,57.1613872349695,17.1220592506535,178.00369408945687,48.23646434129818,0.9698659880636813,0.022926663345997505,0.23767622108620598
141611.0,1807.498697757721,0.5446918378780804,1.4745762711864407,0.7663430525791718,0.9748426157621733,0.8464193870158312,0.737951257488836,2.1408464608860416,5.203456947168209,6.004764259274335,-12.374077307982175,-7.779121173786978,11.615373644949958,225.86793626721885,192.7917019063451,150.1259393197041,13.85313074163726,92.3136477198713,125.73881269592476,0.9716511542701235,0.1989245914734634,0.4411675838833253
74198.0,3675.3607236146927,0.06902431782366114,1.0676470588235294,0.6011829525198509,0.6868976754089559,0.2985957752854679,0.6781619733300802,2.9995244924141438,4.209006296599275,3.8228128045305416,7.842394726225502,5.527479683329045,-8.726459828416544,192.00534388763978,122.90608925986388,26.523315982382112,17.031909323312902,221.28849293128408,37.71734462046,0.9796040111658,0.03245169013019244,0.30754354055130145
65419.5,1001.7127647399902,0.8192768220994866,1.128787878787879,0.831547437461867,0.9876057698839834,0.5036211008756754,0.7884699052709176,3.1510913906697637,6.534327510658079,8.257627428619553,15.727998044444302,9.866664891734802,-15.92235126213897,218.72437109437593,185.46909149174812,144.0883512257651,16.018202211184107,97.15619291780163,151.65737142116853,0.9727512807309653,0.30929718003126255,0.46051652273761695
78510.0,1652.6803625822067,0.3612077899011135,1.1189024390243902,0.6522064198843623,0.8198792790158524,0.6747982694256395,0.7260364352016828,2.280682952378717,3.098294034969904,3.913302456474588,7.423877144858488,5.082514168642086,-8.250309419354592,170.29012472940934,103.48485980826719,40.50221626636429,20.08481084424286,198.404713431605,77.86794535490742,0.9655297503305115,0.022138336456175533,0.25003513181053416
109880.0,1231.827565073967,0.9099733600329055,1.2228915662650603,0.8151819099056323,0.9932520688985008,0.5815323651335426,0.7830054483469951,2.777307034568289,7.674866491419818,9.516655652108891,18.540822673997717,11.946124326850882,18.144929140140082,220.2845351700785,151.1105702631984,103.32412074803756,21.569041480683392,143.17016507618902,219.54839302645073,0.9622644573963519,0.1574519434776393,0.361097739986413
87902.5,1927.5647144317627,0.2972987995977212,1.1226993865030674,0.7367201381206209,0.8894493463390942,0.7171859171547807,0.757175062357285,3.0576636760615887,5.3508407623371035,4.622232918720902,9.730504518159035,-6.580827051943331,9.792470838808825,219.5052129587951,180.16554945923917,121.80351342473753,15.731164612708183,120.7090718865193,173.51376518218623,0.9649222395628018,0.2240323228655951,0.34990177331875
18614.5,549.5563489198685,0.7745273892818987,1.15625,0.9826066300675675,0.9975348999222957,0.9990097706075631,0.7734108570849108,3.2076908986553945,6.6264905504167295,7.940708903344965,15.941487522640099,-9.626218941500401,-15.232446466592355,206.90547369540934,153.40071280387255,100.8087132294271,37.08399382945901,147.00579818075428,101.986635895234,0.9443594760187679,0.02151675810255231,0.20856700077246396
24928.0,693.0782073736191,0.6521279482171553,1.4266666666666667,0.7765732087227414,0.9532149207502437,0.5896787175320392,0.7539766888255327,2.7101848207252806,3.0842096724899473,4.4749671680651835,-8.369446438274862,-5.898659998417972,8.447708506676479,221.4006631776597,125.29799049179019,50.34820822180497,13.123207223043426,198.97159522192482,54.57921470611949,0.9638139852550259,0.03225271850275397,0.29577000543784443
69515.0,1174.6660817861557,0.6330813700740401,1.1231884057971016,0.812470780738663,0.9710968931604828,0.5222080924043517,0.7875793919932124,3.276127702598918,5.641893667937713,6.85361396900655,-13.196472513253527,-9.572803988401017,13.326463469206752,221.86973744275429,175.60729800173763,122.47980385515912,14.751505691440016,120.56687626087853,159.56584496584497,0.9661779569331533,0.23374161194663526,0.3979772584780014
83292.0,1555.3422685861588,0.4326744049212003,1.0984615384615384,0.717879767291532,0.8892257761455353,0.5731697630763555,0.7641399114543869,2.724133215244551,3.5359641104455903,4.681107482361499,8.819761781890435,6.109442674134134,-9.233488963225277,180.5067940526373,111.05008877562113,45.31496624110734,18.553971954150715,191.7794499534985,83.40366950123047,0.9733150499394675,0.019494343240070922,0.23546596121398544
56366.5,1194.0458034276962,0.4968084335611249,1.0,0.7189604591836735,0.9075123569094041,0.2886848572448154,0.7897257899701366,4.595131693205926,4.05299973613597,5.812425208857879,-10.902700017299331,8.146884617206364,-10.888826885521429,211.8143713669433,99.65581471867803,47.19902752897306,10.41317222973714,199.71906189449055,315.38221474026943,0.8316241367965306,0.023273684156425684,0.22421886563194254
91215.5,1412.9432128667831,0.5741549215459705,1.1103896103896105,0.8659480139743297,0.978208531059814,0.547919137035427,0.7774766579750708,3.1946223533031537,5.430328352026344,6.397639015629517,12.400434013390226,8.081910452472156,12.548660010370755,206.75440103553777,157.01314426923983,95.37824193927983,18.328618498470227,141.48664391621557,129.5291977722479,0.9607762799126466,0.03643797140068774,0.28628618224494523
84685.5,1215.1341178417206,0.7207264992474595,0.8469945355191257,0.7463907985193019,0.9506092461736197,0.6003314413482796,0.77358720615103,2.7837226175402088,3.623130415050403,5.089227252326393,9.626749804124591,6.60187013142908,9.568929970925574,220.7652681246437,147.27841053819003,96.07741105976251,12.17259197263564,147.72145603629176,174.8118466898955,0.9567554284154772,0.09990432112499865,0.2843790028438481
69972.5,1245.8792850971222,0.5664809697516735,1.1231884057971016,0.8178179055633473,0.9673194030676077,0.5800546812381396,0.7855548003273656,3.166654461357629,5.283849574647682,6.262599859731707,-12.065580083341347,-8.10524687331148,-12.482125950968685,221.84122128335733,176.3257399129776,124.32533895662246,14.263279822985194,119.08480969423366,159.47475382359104,0.9683786073062537,0.2560068518553099,0.4107462411100898
35625.5,722.8843369483948,0.8567087503234727,0.9720930232558139,0.792822966507177,0.9855591673006432,0.3156524885931744,0.7967134531245984,4.480006530138931,5.411781291517782,7.652792253853075,-14.188597708724592,9.898051174118455,15.082023128577935,197.47004167135938,116.53049329879491,48.13064534294403,13.489920036040095,193.70469647482827,53.60066560473318,0.9650752235731654,0.02506214707815878,0.245592415769956
102283.0,3299.67948615551,0.11805103742584376,1.1683673469387754,0.5697074681400944,0.69286863452387,0.5597724076279396,0.7041284402610682,3.5972032801878493,3.721442697778009,3.6089503243638585,-7.280030857585352,5.766378830504857,8.060622211595687,236.75092774775223,188.16837687728824,153.4533137406291,9.711501581529724,94.47962690842071,145.12556699997492,0.9712915989703648,0.32311815865394045,0.4249196668661865
88412.5,1396.6732218265533,0.5695527091347129,1.1806853582554517,0.7267238757510748,0.9446385452058893,0.5274859489949468,0.762098183183413,2.642414609651263,3.45593126364755,4.375774558941245,8.29214271861431,5.7139014849609495,-9.604253884373472,206.59250025497772,112.73442652675,46.34004963566515,13.354147071155785,199.48497897850254,292.2276936026936,0.8371614770037915,0.023339035618137372,0.2315577962738123
8832.0,468.1909053325653,0.5063175462591055,1.0403225806451613,0.5521380345086272,0.8411829134720701,0.6112894238590917,0.7713695142246746,3.067090801837162,3.7874676282849964,5.314528111571732,9.903680781701933,6.857077467614413,-10.26192667960452,194.5358824848621,116.00257905359946,68.07378335949765,13.96624803767661,166.4551468939224,221.34717455959733,0.9155026607793109,0.021070649734373424,0.17313271363877727
33334.0,686.9259675741196,0.8877229073494339,0.9855769230769231,0.7817542213883677,0.9924377753959748,0.367090165373491,0.7969595329587731,3.878115655702858,6.117952074761916,8.880773577697761,17.43270028742439,11.825799497715396,16.381847745760332,213.04270696452036,134.2113546768606,48.74743160912675,15.571287779237844,199.3000238920081,377.98166474409567,0.7897703459292903,0.019804824548129905,0.18192658708163428
81989.5,2177.467159628868,0.21730257591163707,1.035928143712575,0.7094726731508082,0.7628242999958132,0.5429863335779159,0.7364092637137153,3.2375226103978747,3.552672362975261,4.666202591994079,9.201000261390453,-6.342978346538075,8.80864845362152,157.38230886478038,111.47154586092503,38.56299873195599,19.8978392017727,175.9052169123769,206.67438952064157,0.9573843959196026,0.08914488491385845,0.2818916405255899
124747.5,1763.550418972969,0.5040411039354125,1.0687022900763359,0.7557706288622319,0.9341408165939682,0.4083353119985834,0.7822661025543775,3.524353040208781,4.001940904272239,4.871286090984479,9.311772564208272,6.651829892672079,10.184187975817085,197.8490987611092,121.65129308188686,55.914069664682444,13.542218998549348,177.97627265602856,84.79895283572087,0.969498036725176,0.041706840669737295,0.21502868087584232
97433.0,1692.278340935707,0.4275356624196645,1.1176470588235294,0.754125386996904,0.9542104721937938,0.5518006243186322,0.7850766158405038,3.172945157225766,4.689963000104889,6.076840645406367,11.46031133896557,7.709325551600916,13.209636485323504,210.96800676329488,145.33927498293897,69.59428379355654,14.865976756266743,175.62906790796217,132.8723887933153,0.9586177923751774,0.05105470817945237,0.30426605811244595
97269.5,1433.2661490440369,0.5950217759794089,1.38801261829653,0.6973723831373674,0.8946460763033001,0.7265002946163477,0.7284240921931927,2.329712084823014,2.964641115855669,4.4779976008082585,-8.20828043062171,-5.657365693523894,8.895922315851012,181.7636886979655,114.51822979131687,43.722922436163024,14.909036394164723,196.9912994177806,338.9355129700117,0.8799099508704205,0.016488620251044937,0.16854958462739533
116565.5,1891.325025677681,0.4094940131550761,0.9330143540669856,0.7150380321432953,0.885241481965271,0.46451842617023786,0.7478238996383006,3.6017360408642434,3.043930403678801,4.450899541808975,9.183973857912436,6.784752275237576,8.200646714285886,168.7706608716471,85.06384036685421,32.3292848000442,13.055138629269146,182.90383889354416,168.58427237007933,0.9614659151486337,0.10790022464460942,0.3208678615093893
135701.5,1452.9331082105637,0.8077989267553448,1.281767955801105,0.8079009096970852,0.9928663669321354,0.6852776643176656,0.7695214757107304,2.5554527972876473,7.256128572410771,8.40660336073262,16.252378295596564,9.727820537290434,16.834194689648875,220.83252701777366,153.72125547054094,95.67684360951502,29.217787073148948,153.5668745720325,269.4391571225391,0.9545086500859987,0.08968247070837371,0.3405761839160696
75486.0,1653.709799170494,0.34686276126771814,1.282392026578073,0.6496996195755083,0.8733217254484558,0.6368892036922187,0.7009746216361136,2.5956771684004694,2.6866901393495723,4.599782224994093,-8.246501854805828,-5.907004921445049,9.142130316938696,190.3932710735254,84.30546345024793,34.47780853588051,11.129620052930976,210.5512274510997,56.253584558823526,0.9623439259602894,0.025287780756501666,0.2446246556574187
104850.0,2663.1168732643127,0.1857795242144251,1.1676300578034682,0.7500858467349625,0.7853491376888939,0.5616356314699708,0.726526076233063,3.182426686188439,4.675009132395218,4.4269443221345135,9.061119847030948,6.036080693096877,-9.226512486600104,147.92891767527183,87.5653586398434,29.272820439242853,12.80733164577718,163.79967615319183,220.65533020034627,0.9640366805445539,0.21559079573266807,0.34191056412862597
57655.0,1099.719905257225,0.5990770306532364,1.7311320754716981,0.7410287388823197,0.9170583510287182,0.8612264086109712,0.6751522345339374,1.7997683698852645,3.674043176535143,4.598569898576864,-9.370704420731116,-6.242444816220938,8.746815851397137,204.24985829672667,120.37025294034292,63.2880473288933,27.445798497945304,178.70249397761089,107.73001144246585,0.9496958079942504,0.02177996913431019,0.22766638470255907
154280.0,2042.9301431179047,0.4645286039195019,1.4293193717277486,0.7396966035709491,0.9474476088124664,0.7696331084395084,0.74433155595494,2.2526485084379,3.592810224388598,4.848889399498104,9.070405586782273,5.978574073295445,10.326590012897068,202.0464880769099,105.77327996168188,42.307550720175165,11.90641486195217,204.83256354989905,120.86330406343185,0.9415486629002472,0.023046309256427987,0.24704666913483259
94758.5,1513.016368150711,0.520164595080786,0.9749303621169917,0.7541464385196975,0.9254753928644679,0.45148279958263193,0.7780357925732053,3.564357887186789,4.109133881668205,4.741538698854859,9.171260806358012,6.888742348077398,-10.016416099374888,188.64633732327272,118.77005464720249,44.30881692639603,16.312825118000724,189.20274221633284,249.34882620844428,0.9256114124405903,0.037782932689445825,0.18740633085120445
59819.0,1890.5626118183136,0.21031337014986023,1.1198738170347002,0.5315590705113965,0.7760890013298304,0.7033734458498626,0.6750970751946699,1.9925986124661383,2.593755415613416,3.513653677778612,7.682378921767914,-6.746842088739775,-6.568640539126714,177.2813080084858,82.37054163351897,35.15841288782816,9.115271148236543,190.71325576770087,79.47139511542322,0.9668310106262364,0.05925288069518117,0.2491606001945002
81009.5,2489.044929265976,0.16431618516274674,1.2317880794701987,0.7210843480737734,0.8568399007874599,0.7031720548419549,0.7074964791860019,2.5250818411362532,4.701189937732047,4.6611803134241,-10.398211102514006,6.418080591885645,-9.344051011633114,221.9248739181869,182.70492497353837,148.35803499159454,21.259697403648588,86.73601892783762,74.29161967771847,0.9781672844350501,0.0944040064510785,0.5127543499313856
90446.5,1427.0651375055313,0.5581025879267847,1.1161473087818696,0.6503106081304554,0.8955897060134071,0.6753122815529521,0.7581886452527682,2.6433989354973186,3.328644424668787,4.236135931775294,8.01971935392773,5.558670915738636,-9.1491349996016,192.54117686761083,127.70328582516845,52.30055007480567,18.861558882751947,188.9578500961787,94.57971210991346,0.9591576742267467,0.019798632603503598,0.1920543967220007
98564.5,1446.1290667057037,0.5922652832885712,1.177177177177177,0.755075228289514,0.9216674537013226,0.47071092910460754,0.7888447335826481,3.119182568156801,5.419795244494343,6.626706218603783,-12.858219467502186,-8.193927093028183,12.754900134604426,204.85608109482075,111.42752709600016,48.53665331354088,13.869573174451471,197.21279256563028,118.18973744572784,0.9391082153794439,0.02371979567053837,0.2364804653837781
94487.0,1459.474306344986,0.5574283040145187,1.197452229299363,0.8003032253692912,0.9721084795983457,0.6421081115219369,0.7802398046878709,2.76222700849405,5.162124512729379,6.338712893822337,-12.461135723890761,-7.965516423316378,-12.132303691806055,231.38373613112998,159.59169376194149,113.68370596319512,9.819595749673182,135.35238382551762,157.1393346950686,0.9734899697771956,0.23319189867589926,0.43054025939347074
18641.5,1226.967596411705,0.15560535275890272,1.155844155844156,0.680048883700569,0.7598850481004402,0.6989780892492569,0.6838165847451754,2.3013854150851145,3.237990614164755,4.449657085156916,-8.713841438406766,6.356710368866425,-8.327321236439412,220.32380683422764,166.0560858514544,109.48743292855126,34.97091217170291,139.64258683987575,90.4059580770107,0.9154282324248864,0.024697027737368517,0.21638982459086334
47373.5,1766.6042395830154,0.19075098943728108,1.0185185185185186,0.638026936026936,0.8279619693447752,0.48859289056041716,0.7239341091051307,3.1144086950477377,4.087772620366067,4.051606289528889,-8.122933370729953,-5.618449341722444,-9.183383804779972,204.20128000000003,112.96590933333334,37.279872000000005,13.602005333333334,209.61386666666667,53.26242463393627,0.9350015839515153,0.025251122788694697,0.19869544607062117
44001.0,844.4406861066818,0.7754148444765696,0.9462809917355371,0.7939839041466672,0.9678952057280497,0.37504406682756153,0.79146500589558,3.7860308936366622,4.0716409170129895,6.497325838495318,-11.815930766978523,8.803584792781102,12.200509410651868,205.02692227835834,116.10252151244606,42.483816642443536,19.80065517798233,204.22252981751907,83.26161278335191,0.969125639056783,0.022481124874947113,0.24127993825714675
137997.0,1425.0336134433746,0.8539438046554497,1.0558375634517767,0.8419379636860601,0.9930842412815383,0.34413922927594803,0.7939443922505769,3.8634114767742678,7.23496836484194,9.758825901438806,18.267135100392007,11.799823203194977,18.901099102293955,210.9593200649938,147.56314469940372,75.31733731334505,15.880746693330783,171.5993177122775,196.20695859495322,0.9574962124574835,0.03911220163055663,0.28924580030997193
53795.0,936.0,0.7716139637659021,1.303921568627451,0.9913570691434469,1.0,0.0,0.7629054378004932,2.6945712306505354,32.14639712946832,31.513523190726133,-63.717339641174476,33.35950852288485,63.38625016188725,231.69570986289253,168.34282397169395,119.46069217160549,16.320212295444495,127.66795665634675,31.018752798925213,0.993035305591269,0.08593213979837264,0.524052233850899
57923.5,1272.3401802778244,0.44963299728369244,1.1967213114754098,0.8129842241185717,0.948609189096239,0.7406511543982084,0.7592820322617673,2.6700164632455623,5.005824077696061,5.868862722806108,-11.352972913304159,-7.231285262499961,-11.662578384543542,217.1821229834817,148.20836624712555,90.93824494883003,13.767321431706076,150.72757912475646,233.77271921426802,0.947780236519199,0.10023874627310078,0.24746006477769467
32091.0,773.8132700920105,0.6734738978888545,1.09375,0.7959077380952381,0.9468187115523625,0.5732149727302341,0.7864487957998207,3.1176655938096065,5.4619450441677575,6.6113811900301585,-12.657360306757283,-8.216154070142986,13.336448080718695,210.66339129047694,157.25985005583027,108.9838251714787,40.53115329398628,123.88872228425586,84.40649075500772,0.9704449350111618,0.031744371219814056,0.3448694218356664
40374.5,971.7716398239136,0.5372650379268862,1.147982062780269,0.7072326933856502,0.9153658674828544,0.6446863309881161,0.7563594359203716,4.260583629285906,3.0053497031397556,4.672965425066985,-8.836327229365832,6.9722472736107965,-8.567386423077583,209.8894688667343,125.95616357024467,40.37953640254311,15.152734829181407,209.3517057120946,118.66967661691541,0.9487635490938043,0.018676142456938334,0.1555582823393207
42344.5,1234.0802946090698,0.3493976967422615,0.9880952380952381,0.6748342576655829,0.8818188444277846,0.5786188267181703,0.7585330206122666,3.4067335820099056,2.993586137050556,5.007485606877264,-9.0857994230735,-6.732068664989119,-9.268699844066594,203.59186251608904,124.79227248891642,53.55646660628307,14.110382800209752,189.83162511321922,261.4194919347049,0.8541031761938788,0.030221131046631686,0.2754887499643154
79411.5,1064.0458072423935,0.8813991228084146,0.9721362229102167,0.78298101003727,0.9929726721976655,0.27652796233607885,0.7977388202057387,4.47132468834247,5.717189980637918,9.326456305490602,16.8550184822671,11.571097394978457,-17.60571859458085,135.00705915392274,129.1177589420205,46.60374275575072,28.98694120350277,174.41723046286606,351.84403444985946,0.847222111732574,0.016610866594192707,0.1462759733891971
71819.0,2212.209359526634,0.18441522250882977,1.141065830721003,0.6185107995452823,0.844139892688603,0.48341503451731915,0.7380609805860892,3.284356204738214,3.274502371603572,5.220085949497337,-10.53490229981139,-6.875652803086554,-9.468977113890698,186.7297092649475,107.72708050575041,36.586713336666904,15.447060504321737,204.57872705193228,95.51068671505934,0.9386016034830471,0.021385597030646502,0.20526177892726355
206742.0,3188.948635339737,0.25547213011264025,1.5491071428571428,0.6649534273363524,0.8600399772865781,0.8331691928865477,0.6976149977744616,2.0453447379313614,3.971692446008578,3.7264581870976667,7.625230249998507,4.764307675534725,7.920121359167667,215.10475957885598,178.95993704547922,136.2934440464561,14.331618365353306,101.05183979159882,111.17276648585059,0.97537896406074,0.1534200285815899,0.3594291500439233
52525.0,1524.3473205566406,0.2840586780997089,1.2661290322580645,0.6745043147729608,0.8351751442972762,0.4565109468834652,0.724892940922629,2.633508733931919,2.966945236834738,4.376064628461262,-8.257081964356956,6.062478354845937,8.151739692802796,168.308773659306,123.42273264984227,37.402858832807574,20.915851735015774,187.82389589905364,135.32890873015873,0.9690405718563063,0.07806994469779746,0.2977090519501405
12169.5,446.77669298648834,0.7661284334727285,1.0666666666666667,0.79228515625,0.96106614017769,0.1887921515574401,0.791491123794204,5.658560288710587,4.646856870601258,6.176641754165293,11.895682053847276,9.01771937277289,-11.648812921238363,211.2190075832509,158.72477744807122,76.65916584240027,19.579294427959116,160.27703593801516,33.55287739783152,0.9752090520522443,0.031961409614643395,0.296851187531476
50526.5,1363.5950150489807,0.3414744936301964,1.2116182572614107,0.7179915307224465,0.8476605096716828,0.5179068840885535,0.7471163947991598,3.10667739931437,3.1874771302959006,4.481042410656848,-8.88535030700533,6.238372660180323,8.331628258774884,171.88096244079256,98.5509350886166,37.780626653917146,15.403633614267607,180.7874535791323,144.165653223643,0.9571435854913763,0.07754010635976917,0.25664766016533913
35593.5,730.742201924324,0.8376299171685975,0.9675925925925926,0.7884436469962786,0.9820251069112981,0.31453837153477343,0.7967781959169976,4.426924371114728,5.573602190775172,7.757879031123858,-14.447196045460387,9.983750966762347,14.917439578221275,196.89556747600227,116.42583286278939,48.49734613212874,13.390711462450593,192.44367588932806,275.8824951644101,0.8384842919361912,0.024902090118260237,0.24509301553369656
22935.0,900.4995610713959,0.3554197831401579,1.0963855421686748,0.7591354428703826,0.875448507519658,0.5099507291517598,0.7724302470275576,3.055121816020943,4.447741635830736,5.909931797467127,-11.654614979469043,9.307861881303293,11.10542611713813,212.5894296544813,157.51596880310228,108.7248921615616,38.75051196026317,138.26883360202172,166.95253863134656,0.9132907997894594,0.026141507403534048,0.2451233169174859
86138.0,1749.1412580013275,0.3537975980648646,0.9879518072289156,0.7910116074052307,0.9321235141028347,0.4049978310648074,0.7828471008975741,3.90504878249854,4.4454999610403165,5.449155723813982,-10.40863361923592,-7.409437332998125,11.02861833883611,220.06344906837396,173.00816125514476,94.25201393041826,17.272827476225654,151.3162486368593,113.94983053241066,0.9702869534332219,0.1390391434311379,0.41070202385086135
94821.5,1613.1240146160126,0.4579111009261916,1.1226993865030674,0.794709008012337,0.9442820651984485,0.5869428943792608,0.7703817889532347,2.9118515438843806,4.731395223394355,5.263964447164204,-10.29125998258845,-6.721975566988023,-10.708900016480744,220.2580914620516,181.065037589562,123.43133287057191,15.840512018071227,118.9866348224055,170.74233913970852,0.9651975222058901,0.22096878959065466,0.35247529893359597
158239.0,1591.6568541526794,0.7849183932054822,1.051413881748072,0.9945820579380393,0.9996083410717557,0.9988473825617586,0.7775187842504674,4.143514375304906,8.76794292040307,9.68562280619753,-18.994576080215204,-11.795609535423317,19.1632162629394,220.69329650889006,159.926181415535,107.35685558284864,11.361882882997545,138.4369423833221,333.24416954353666,0.938430801456583,0.20567776887480999,0.3460846402716861
77160.5,1199.4772622585297,0.6739394168033492,0.9810126582278481,0.7876735402204982,0.9645484489946435,0.6095334036824238,0.7874550410996187,3.33226326717432,4.18748950079528,5.91559725576659,11.20711707628622,-8.83830766455038,-11.054481802859765,182.24444298216753,119.95162203066396,54.65403698098309,19.72589326840824,183.45273409225507,126.72881220968813,0.9526980270470796,0.02363223133164173,0.24044393146153584
67313.5,2921.7068330049515,0.09909203880450604,0.9595375722543352,0.5859870116303364,0.6580202742993441,0.45964375075564057,0.6665573164839357,3.2716372337688835,3.0873436630809508,4.029555892317787,7.603785784386902,-6.250098101258047,-8.165170032914402,152.51789899361242,90.71090482974128,39.23797925953158,13.998851155737329,166.68668719268416,329.3061756986259,0.9298568657296031,0.0997702366615518,0.28404198074035936
41468.0,814.8284270763397,0.7848571338208556,1.1243523316062176,0.9901387263914424,0.9999758856012926,0.32833608912277046,0.775185317952167,3.4122085947354757,8.9557149760833,9.94294237409753,19.406370186648733,-12.527908248759367,-19.993063361290588,211.24967234600263,145.09739818455415,87.93709043250328,14.024804621134898,155.4105868647153,551.2367863652037,0.9024051419641169,0.11046613703081895,0.32802795730760664
31315.5,681.8893901109695,0.8463331423428234,0.9693877551020408,0.8409103114930183,0.9860354545168298,0.2652122597226231,0.7948099262825946,4.349608188361338,6.52144907243709,9.741770033422355,-18.980971503457013,11.991369863613041,17.874706665682222,228.23530714941293,163.0453524068741,106.75070418077667,14.825774598854323,138.2085324556129,238.3260464817668,0.9423037933742785,0.07860573289356519,0.32189950077330753
85046.0,1130.146311044693,0.8367474790176019,1.0567823343848581,0.8008474975281322,0.9831282404008994,0.2444431580486406,0.7956696832279102,5.665936299326319,5.9604420248225445,7.108452319639062,13.809147890606702,-10.215121885762237,13.778744440679683,196.33086821300537,107.77435246076779,50.943389283255385,11.562557868996462,188.34751074285984,55.83275265481446,0.9729170143933994,0.021367776226915502,0.22698875236310978
114508.0,1662.1706948280334,0.5208281522749111,0.9367088607594937,0.7834964078002052,0.9586591430437185,0.11507815152108192,0.7841117439593128,3.47105724783268,3.685341369857174,5.217878517806438,9.669881335404357,6.959219620128211,11.040935511696787,197.15612835757304,106.34475279353951,46.35194724712899,11.357330983597032,190.13183376261208,203.7805101246106,0.9374100287906904,0.040292151996551666,0.2269387870528023
102715.5,2046.8052535057068,0.3081007833951481,1.0919540229885059,0.7767354809437387,0.9066999161407071,0.3133332720340008,0.7656500439489187,2.962483691070134,4.2531287322560445,4.622262650457569,9.211282403738938,6.128350824409281,-9.209667278841344,190.60272851296045,99.32135061391541,42.933502241278504,10.861615669460145,191.92555057493666,151.42161050156744,0.940203895522864,0.03839126582948174,0.23569783234592911
116543.0,1357.1025931835175,0.7951896094947949,0.9513513513513514,0.8948326167076167,0.9922395480803204,0.3162052650870571,0.7886592150005255,4.089419014625416,8.5487091744283,9.625201794468156,20.12766576576764,11.911591095585434,-18.71247794865088,221.91521554470165,165.96957952856235,95.81350428257947,14.76708607630778,151.7149607135273,164.38200071073203,0.9623215233429688,0.1520620063862157,0.3409564675447228
63195.5,1482.9919815063477,0.3610924539453301,1.28125,0.752614091082317,0.8521392645730236,0.6316920047433427,0.7399138803194432,2.8239211208232327,3.18267344382269,4.596934311861608,-8.668226637683945,-6.0527024777074505,-8.610151243181463,177.24355534259703,148.36810413671938,61.589666187509984,24.710206037374224,170.18441143587287,296.91550200803215,0.8734601859182701,0.023659678582746233,0.2537917876278372
77702.5,1739.4427735805511,0.3227190224551008,1.1081081081081081,0.8003306278839816,0.8987987484312013,0.3616977788916378,0.7672248918138622,3.6772179403738985,4.102187568308867,4.92309978425525,-9.43762958806121,7.120343865188245,-10.467277473155267,219.67167842069068,162.6254803867366,57.23708518183902,20.847826966383042,191.482247603123,102.13837638376384,0.9735796289582052,0.13555066154895853,0.411407123248689
58216.0,1586.7148513793945,0.2905724616127567,1.03971119133574,0.7297432811873245,0.8923154740464275,0.4624587571678508,0.7449617496808009,2.7135467193207217,3.2752030148156264,4.196616156165162,8.315300382790374,5.907762567835843,7.973398802754657,108.41994424418915,110.32816023580803,42.185627785570965,28.46671520144894,150.45300708489444,165.68631552599587,0.9448284843477549,0.08914535360012263,0.2182277555927287
42156.5,870.6000665426254,0.6989353701672352,1.2452830188679245,0.7532250571755289,0.9533140363175867,0.5636903584947907,0.760298391790601,2.539164872608689,3.4893532780604266,4.422379047402398,8.382353406329266,5.693347973336603,9.241847639584023,187.67962179519856,93.57566644579235,41.25503338600337,9.668306233752995,179.08422957337277,147.54871045480184,0.9645431686611665,0.10619724759255253,0.29010657295960535
122589.5,1530.070188999176,0.6580220249949542,1.099737532808399,0.767916987703506,0.9734926842826229,0.450595484511883,0.7947315540591977,3.5146903459614345,5.544053686845581,8.42369233797251,15.414822032490381,10.198926846536299,-16.149191695697006,202.298872003626,112.11646840498405,43.73175237101588,12.904056168917242,201.8620577595717,95.41729342763499,0.9372183424424013,0.024936196690710892,0.2377015576863733
50861.5,1255.1341186761856,0.40571284480786035,1.2049180327868851,0.7090094234415077,0.89444898748758,0.7090926928145723,0.7507184046358204,2.355943338888336,4.19889735686762,4.908761407005566,9.557316591379383,6.132770221632124,-9.688377669923435,181.1251435132032,136.45358090185675,43.030741517874816,23.296864483946315,201.56997505839502,290.57951633568223,0.8508202964253512,0.02318767836300737,0.2192013927067962
99870.0,1912.9991248846054,0.34293781083981506,1.3375,0.7291910046728972,0.8674504149638887,0.6031316273650383,0.7460868382118553,2.7220605604483255,3.0583218649973354,4.340047047076534,-8.120645372963764,-5.710046571387765,8.29169604671793,175.38400127564577,110.78400127564579,35.24959073030722,16.88620176464335,189.9063357074519,126.20069645344475,0.9671018639076588,0.07368253356541604,0.25844455281504464
45845.0,846.3818117380142,0.8042094961789145,1.0296610169491525,0.7994175908488527,0.9807151337533291,0.4015543532025564,0.7948583995007926,3.7329115361446115,4.891563172296223,6.805656587039479,12.655863836351399,8.675943638197234,-13.721739106256802,137.61249354903853,130.24437363968858,47.33634752170889,28.61536562927727,175.42677317297554,143.04186413902056,0.9419939224143737,0.017742312773743454,0.17259009034260203
55192.5,1023.9970353841782,0.661443163014728,1.1147540983606556,0.8316131268081003,0.9662129633682,0.5697852713208558,0.7808395591983271,2.989445617330877,4.075479429609963,5.81509399306138,10.76708159041022,7.531828868144092,11.519033574254431,226.47623928048526,176.36446350135955,128.56676427525622,10.308345534407028,117.20596109600501,188.37779562846146,0.9645094848673585,0.2862773718751908,0.4177656936362666
50020.0,1495.553384900093,0.2810280767124003,1.4492753623188406,0.8054750402576489,0.8759149651525234,0.6529808258658067,0.7305193127478865,2.4583374206989186,3.2789349236128618,4.236214707224568,8.29286465515184,5.958224617611929,-8.056914442458568,192.05896967637815,136.34111951074493,54.78873269345112,19.812367281066848,183.15828590843455,302.8834058713091,0.877312606655189,0.023764910461847994,0.2288433881704467
109806.0,3049.242986679077,0.14840613961014235,1.5297619047619047,0.6358046136742634,0.8320621966605667,0.7924418170423211,0.6430784290390251,1.8320597100528517,3.918935350238234,7.369064750048538,13.017454500634388,9.434697263479991,-13.862415668495439,225.98200083717038,176.02046200122655,120.9211989058378,12.900902391776262,126.25837413727648,138.78376763322885,0.9743220576425666,0.23098879358103958,0.3801770585647434
41892.0,1003.2691138982773,0.5230052807000108,1.1990950226244343,0.7153077776829164,0.9012811824313421,0.2362255165994174,0.760949265601437,3.43557333745527,3.190744424763902,4.215331149566451,7.925305562688374,5.936842294453919,-8.669631036510314,212.02266255339345,110.27688656858092,51.128879924062645,11.217252017085904,196.26846226862838,129.33039215686276,0.9303478824261578,0.019473057106370723,0.17776599792140296
44903.0,783.2102508544922,0.9198743213499277,1.1081081081081081,0.8222185600234381,0.9886391157885467,0.43130483445717993,0.7934090679912436,3.365826877551117,6.822709217822133,9.147365566080234,-17.63918254117792,-11.213034100687896,17.15454131774898,211.45277467326596,145.44962707843897,90.13899596286751,17.528522227037385,151.56081928700135,230.29092289289656,0.9461044586810039,0.042136854092956595,0.2756177771262506
63848.0,2335.155538082123,0.1471382328647129,1.0386904761904763,0.5444808295811161,0.7470879040514846,0.4519162276146665,0.6884603654166479,3.2422560002511998,2.655408127834149,4.0710988671150075,7.470923712317096,5.799300450038045,-7.839188138989098,178.32326416662744,98.1046911024326,36.65371163286751,11.92159538261265,188.45000705782712,55.238126857648766,0.9796585820726553,0.05607687146558371,0.311371971986852
42174.5,1018.6244515180588,0.5107773288486345,1.1818181818181819,0.6687677401963116,0.8634618731253902,0.7473414798683574,0.7555509688768401,3.257924590726578,3.072664627326049,4.347356821029025,8.24808406447066,7.0413093667376305,-8.17397384205229,184.08408066314414,124.55043870279704,65.67572349604926,21.067889863783993,165.68718793930876,136.81878261717796,0.9497472351579107,0.018727728065917788,0.19199524289248363
101891.5,1428.579857826233,0.6273917083677153,1.082857142857143,0.7681228797587637,0.9504050518382404,0.4389780800249434,0.7885289988155444,3.782403902828376,4.396601686114478,5.393329173478838,10.342359193002265,7.297352707095357,10.616687022084893,198.92673109578413,112.9827152470598,44.81305423366386,14.348326030900818,196.44652103729481,52.542874064046714,0.9519553769233817,0.024327275614849864,0.21576851703207936
49527.5,860.1147857904434,0.8412855776020262,1.1785714285714286,0.8375186011904762,0.9889479043948803,0.5822435719558476,0.7872211312033922,3.0075075091997894,7.406095461177807,9.401055766622006,-18.479245430231565,-11.653274459877755,17.814572362209873,231.26980701646218,176.48326037363586,135.66533078488195,19.035287831144544,110.01004994142673,163.60990037359903,0.9676838691274138,0.11061275560044455,0.471772511437324
155659.5,1493.4915639162064,0.876960328700539,1.0138248847926268,0.8151419145370759,0.9926282797300012,0.38175977626225827,0.7965485641740645,4.322687299969282,5.2568218008485825,8.22615956866986,-15.034130312084764,-10.423033311164861,-15.257074363253597,211.66517328491355,145.46211941791006,73.48524380937343,29.929218967921894,171.98180311044445,134.15703098083904,0.9454064369194409,0.026605528763384307,0.2567641423817608
74345.5,1455.4772645235062,0.4410153429506859,1.1462585034013606,0.7503734431458043,0.8987500151110359,0.6528094069514692,0.7736720625969417,2.885588615006895,4.780965210390454,5.714668926475395,11.95083938030339,7.1678221448982296,-10.964789285851316,181.43016016085417,124.69701171739582,45.31972543853567,19.780142827428413,193.4637731401234,100.06712225389904,0.942303270105231,0.021300138569030347,0.2086402439628387
103564.0,2023.7585697174072,0.3177615011188924,1.1046511627906976,0.7922582619339046,0.9498975019834628,0.5597321591425286,0.7834577607890791,3.210915547855031,4.483177131137936,5.932064882729625,11.872406444457054,8.045640055162862,-11.147251728353945,222.18774415421086,161.840135335166,115.81821014791154,13.07427852778489,128.39775851131319,209.78402280532424,0.9561389296318946,0.15240142900308004,0.2859935501884235
74210.5,1447.4772642850876,0.4450939794527152,1.1360544217687074,0.7557385229540918,0.9007659068288302,0.6446847107853594,0.7740939366995387,2.8896803491320755,4.864829245072939,5.811746713111599,12.696990409846787,7.273504351159557,11.150209684069164,181.76446814716053,124.89880977181507,45.47304973403886,19.774314959098927,193.31216754857437,99.05869528760692,0.9427525741774353,0.021464472319872398,0.2100530059530884
120384.5,1592.8254622220993,0.5962715088440355,1.054945054945055,0.8612673134157509,0.9764138126812255,0.5406329121176593,0.785278370216512,3.340017735548045,4.671908699084895,6.916329787658161,-13.248556424153934,8.610989996749618,12.729478654286654,220.22853329635666,160.43393593787917,95.22824730474574,16.682358650812912,149.5526484556453,139.9293169956887,0.9638807221121148,0.10763237265586462,0.3814035310864063
21895.0,594.1909058094025,0.7792966555466588,1.3333333333333333,0.7919198495370371,0.9818825956320911,0.7398109051779843,0.7611243497440219,2.427867885625379,6.561338803684343,7.564455841479581,14.642971596916986,8.816054955127399,15.20667400604741,225.56293337006935,196.54989208798273,150.0582724893236,17.40496854479497,90.96500895440144,268.49198583543006,0.9408734045635025,0.25676771615341515,0.45732463997023265
47491.5,863.1787132024765,0.800984860366967,1.0810810810810811,0.891356981981982,0.9889426831172887,0.4223138640190975,0.7877693666285918,3.720268302039914,8.31311244714687,10.467998217585919,-19.876961569443793,-12.731355287561952,-20.40356616841032,227.15449988607884,186.05841877420826,119.37434495329232,16.57673729778993,125.61690590111643,96.1031008465219,0.972280418299278,0.14480049577123086,0.4141645311501685
27810.0,617.1858520507812,0.917442656563618,1.0674157303370786,0.8222945002956831,0.9858206309819213,0.355387427490816,0.7955183291641008,3.73382574950725,6.81078313404759,9.424845895953252,17.651743187841205,11.394367472789492,17.744422431911605,214.45385602613462,166.15478551705363,135.19608758215688,16.986543771633023,95.17765332711079,223.67794811320755,0.9454403240077449,0.028437787902610794,0.29571761724693524
65065.0,3264.5079147815704,0.07672234109579071,0.9595375722543352,0.5664130510481231,0.627958711943907,0.4308179218158907,0.6024419295065897,3.2579714941971734,3.105343540187958,4.177012976586004,7.823066058380577,-5.813548680913408,-8.645021800731756,132.59062461078588,75.67729480632705,30.455022418732096,12.181949806949806,152.7317069373521,229.6357519292302,0.9574964361868815,0.22197253362923092,0.36947370471486424
99433.5,1630.7808916568756,0.46984148718728086,1.0459770114942528,0.7849682644941266,0.9452797094767064,0.6536962795438933,0.7840707451669207,6.55340805487786,4.950551679389376,5.294689278667455,-10.491227347897734,8.587849520165621,10.687224413831206,219.62850044258468,160.7974470910115,101.98569646736942,15.127585096966282,140.69295686810975,145.08573450611667,0.9619896261006695,0.13386602163215805,0.32456545708226586
54340.5,1424.212332725525,0.3366541789939418,1.054263565891473,0.7743459302325582,0.9317484268102398,0.6876681082116229,0.7750192690944953,3.8858238082875642,5.393738656121215,4.999238485815656,-10.209449720261246,-7.198154107619396,-10.802210207337884,217.80763251485402,163.9463764720915,114.74427667866347,16.40262367698107,123.91560363737037,224.3433893195521,0.944936131922945,0.11651211613102218,0.3457528144756137
71190.5,1102.991981267929,0.7353383172500159,0.8414634146341463,0.7863920554966419,0.9664153018075192,0.6579465894765814,0.7785835387983487,2.7077079493473875,4.363205690785853,6.012063982405929,11.364851608665932,7.746431269074376,-11.336500744624683,194.2570425587241,140.09365519632487,42.26933633815839,21.046979284042646,201.97497905290226,53.212506893449046,0.9769026999409846,0.03007947620445986,0.29559998243067853
130418.5,1387.9625457525253,0.8507335716647823,1.08994708994709,0.8374332203215699,0.993339325021136,0.4291302943800169,0.7919470365598158,3.459076669321311,7.354985661127722,9.532870619150255,18.70396287354625,-12.723843893633124,17.984564241470974,187.70147569675808,140.26206277708184,103.37781746137513,48.91311069058344,126.32219231145109,132.3595048708553,0.9661809440385319,0.026103497841357865,0.28624569744863404
159432.0,5145.57008600235,0.0756690640604347,1.7464114832535884,0.522488038277512,0.6549976685284203,0.8690516632646444,0.4321088856111674,1.2927149042831771,3.3254570809345783,3.8674694969222103,-7.464517757492097,-4.588996457074075,-8.749034957490533,242.5764581847499,213.0227914043846,171.96770752581475,9.574455021861143,79.3504604793947,61.40386533665835,0.9839333133968394,0.4852520978093108,0.6267092343091935
116143.5,4393.735392093658,0.07560264268775731,1.0836820083682008,0.46906956268880956,0.6709231124718387,0.6355337286345443,0.5450125907251542,1.8176900507312754,2.1392120403176142,3.3266655374749012,-6.970520875192755,-4.802937885922551,6.062902053918452,193.48738908262263,152.957626972344,115.03689189655766,53.569597417394604,122.75088906535925,87.15667187228874,0.9669516593407725,0.01920744830635316,0.21559660683077755
124153.5,1590.3401808738708,0.6168630653580516,1.1694915254237288,0.8471403422582494,0.9808574261415034,0.6624776529462298,0.7733099108329213,2.988630924682113,5.937243400586569,6.446101094837998,12.67573820959211,7.987475554687604,-13.035165497043925,216.48073176720965,157.35241876074323,56.94109028403045,18.952074977490383,190.97735123189,117.32528900306295,0.9448620295931428,0.026707658221643234,0.2928344031292386
18470.5,545.4385987520218,0.7801835331986549,1.28125,0.8798828125,0.9834411521976413,0.7016315987618089,0.7736082077292566,2.692405509461931,7.040210743761304,8.935403027702957,-17.620142852003337,11.831279991957508,16.932159590773196,234.5814620496677,204.27415180132914,173.79258481986707,22.69779643231899,67.48583420776495,145.33670417319473,0.9466871908076939,0.05613073599782067,0.38200753876700566
45567.5,827.6295045614243,0.8359747055241775,1.1962616822429906,0.831766574182243,0.9869076496578013,0.6058622905349166,0.7856458448729386,2.92918821849052,7.307806181043618,9.271809027239067,-18.59168444331178,-12.566924514582137,17.563515593361583,241.91826138958356,229.13126563009678,221.0080732847668,14.391268892030011,24.46093834946178,74.40424359327639,0.9714030481146895,0.514871070186216,0.6425761133403256
47701.5,849.1686090230942,0.8312928348479431,0.9087301587301587,0.8266011644832606,0.9822399308129479,0.4995608676466197,0.7922812293796244,3.431907588724805,5.600296542502111,7.2920537512404,13.738264838756274,9.115429722731177,-15.628831094898837,149.490240067093,101.55542509697034,70.62220358528148,12.777691581926828,141.5803333682776,335.41876294761767,0.8988304460363978,0.012142243950851386,0.11701565722784202
133533.0,1468.0,0.7786572990589541,1.2035928143712575,0.9945258736258825,1.0,0.0,0.7706961983890763,3.01312975910364,0.0,0.0,0.0,0.0,0.0,253.75435449337422,252.66978184132861,251.4710664892078,2.856706787801632,2.6551559516231698,12.814965926705856,0.9438402647717586,0.9141252391769771,0.9330230785587499
135531.0,1480.0,0.7775441817634738,1.221556886227545,0.9945623458964424,1.0,0.0,0.7694650711985509,2.9455128986344246,0.0,0.0,0.0,0.0,0.0,246.06345340816378,242.93757262590552,240.3408163769872,4.434049496872451,7.434642865972755,254.89618275021144,0.8146927104822079,0.7240610088906311,0.776849746409556
183799.0,1802.225395321846,0.7111067450090924,1.1127450980392157,0.9922637557225533,0.9968975598114671,0.7057794096476088,0.7753711810207049,3.488131963016066,6.825412550741404,8.31935575956386,-16.231877641346422,-10.430831939367556,15.942595990635493,109.89273705786727,67.9075598008825,57.75844381392813,98.74080394196109,100.42754728030938,69.8475407500865,0.9610285040081815,0.02951065050362625,0.32997942526677826
69671.5,1239.9280552864075,0.5694715752307339,1.1245791245791246,0.7023478295933385,0.9569275143357484,0.6100739795707812,0.7781131350175378,2.8291560215504794,4.118824041819945,5.140906670867393,9.81399205197744,6.64651147761957,-10.14255837986637,207.59073293058248,151.1196996466431,59.26164082981877,17.525675367605153,183.10310042174854,323.264028113838,0.8462875417297362,0.019883570218276823,0.18367715355408706
121544.5,3709.721112847328,0.11098458232917911,1.1421800947867298,0.5975521621993668,0.754496612215887,0.3929834485859746,0.6823241847429861,3.520610325662929,3.019989427541822,4.028386036045137,8.035683432877734,-6.13092339127404,7.57741295753516,163.35762563953386,109.44896562344928,55.66067486867096,28.184536541126946,147.56527951267088,115.54077971364498,0.9680415778458468,0.04985906911027233,0.23753196518632108
75400.5,1396.8599523305893,0.48559964102212194,1.0661764705882353,0.9558886916835699,0.9639727174517537,0.7010366348541087,0.7670136104639051,3.521179749876386,5.2673136547855774,5.730422730470112,-11.682985881656789,-7.520538154287136,11.257981489065584,167.8588418422382,165.65128282152463,171.16906754782417,76.74896568674303,38.8916667804525,165.4825278810409,0.9491490828345879,0.020534687824578773,0.25086106864918306
36763.0,772.4507913589478,0.7742463441630979,0.9428571428571428,0.8841510341510341,0.987615516870836,0.46514292889483283,0.7876157883706518,3.8671087626720007,6.862273712452422,8.554682655454519,-16.505581283143886,-10.49937841331942,16.349301987794007,216.80912649361352,180.35070732042303,154.60184040653758,41.668932838895756,79.75669550885868,259.3447267664463,0.9208291132154028,0.03160575406776278,0.25025235288847214
50553.0,904.4995617866516,0.776497524928443,1.3577981651376148,0.7834273493677163,0.9884250659888553,0.7542382265373052,0.7574480605174518,2.3803620237104695,6.807057432343212,7.804724740806376,15.12311313267494,9.049261221622702,15.73680348040631,209.14119487908962,195.77385490753912,187.52267425320056,37.943243243243245,30.619431009957324,145.59832672071764,0.943936206320183,0.04941264337302636,0.3736889964411447
36588.0,1859.2732874155045,0.1330031953851066,1.0924369747899159,0.591273432449903,0.7567321613236815,0.43591963979039033,0.7153550301596504,3.2504229605455737,3.4308217959426615,5.218921193211504,-10.198263296019713,6.974064674300284,9.554724677823335,128.2847404609437,90.13686664502612,52.93375040576032,17.037684067636558,152.41903974975654,311.8758018531718,0.8505072229035127,0.020873655799922373,0.21465569517958405
92261.5,4958.377089977264,0.04715755399259609,1.287292817679558,0.546922794204823,0.675060272258664,0.6894422136352808,0.5182910959779747,1.8533810408050548,3.383976414629613,3.789775409679888,8.0180061053224,-5.349696363822387,-7.388282508323334,237.17453493179,209.78484615838894,190.87519045650504,9.14716825134353,53.20909466721786,146.74222646462238,0.9646588372861059,0.46196009218331235,0.5332827685860022
130058.0,1391.376759171486,0.8442235164337216,1.1176470588235294,0.8319346007215414,0.9912428452750235,0.4848750265966439,0.7896394977250646,3.2305840523534815,7.236994613941676,9.525572637690418,-18.111128280015564,-11.28782732030514,18.01431654534415,181.71116341289238,172.83697937097048,160.6931695885258,64.95978797662512,48.99504138881345,89.39599636032757,0.9644461822284089,0.03374947120488241,0.35380678802845056
18352.0,652.2152911424637,0.5421398251762891,1.0986842105263157,0.7229751024267255,0.9344433412255913,0.40614276770553814,0.7636920737845923,2.894823194382278,3.2509873178513975,4.404158896068231,8.231962225136346,5.869690288180879,-9.719150748364562,155.9896930191097,88.17527438854532,39.3126079447323,10.978940330937657,169.8116886734637,313.7772841193894,0.9395253383831033,0.13061939226744554,0.21201017204242817
37566.5,779.4528794288635,0.7770176198496471,0.956140350877193,0.7558043618219862,0.9651739376188274,0.36234996493843813,0.7944458321406209,4.005005496358103,4.439103521679185,7.5540918162742665,13.689808310267203,9.795673928207366,13.713232030319409,173.7865165431006,134.075024897643,106.8941020250083,13.940494633174726,102.54213234480468,269.272820941242,0.9278589638857533,0.013088794671472424,0.13416697941665406
141638.5,2433.4225639104843,0.30057726010375624,1.164179104477612,0.7528516605009142,0.9395775703662428,0.6381746071927471,0.7738156932312823,3.0389087958887364,4.094747535104825,5.218478888541379,-9.935664714196458,-6.746954343785368,10.181913840300345,191.65064121887568,144.50201107599023,109.87205767094144,30.83547934233078,110.63318318447638,248.21839319798715,0.937423611634994,0.014885648271595562,0.149678650849594
43313.0,805.3868639469147,0.8391102877076044,1.1203703703703705,0.8286080501989593,0.9884976150809047,0.48592972742564566,0.7894812266515343,3.2164274311369536,6.7238243580882875,8.680456585102583,16.39937235662766,10.38475898954702,16.94697272261193,200.53235901798735,193.22544968400584,186.59215483714146,37.52123845405931,22.560646572678657,206.49379987722529,0.9189038109861468,0.0473478746863183,0.3361994090354141
73261.0,1344.1706980466843,0.5095348094927565,1.1591695501730104,0.7567112534214739,0.9587943907498413,0.5586265652829978,0.7850315371642015,3.054912368523221,4.37079074789226,5.773003443004446,11.056091320244128,7.34179136626651,10.948043834732811,155.40021963996853,107.43769199946574,88.01577549233485,9.774943234940563,116.92118190047934,494.4165095327886,0.8773001886786959,0.010484203970734398,0.09417112158662505
165549.0,1628.0,0.7849240294374501,1.050251256281407,0.9951011036041452,1.0,0.0,0.7776268952294793,4.17290681446263,0.0,0.0,0.0,0.0,0.0,191.28334829386705,179.30016309088842,165.66929213497352,65.67203560185595,47.6267620769435,15.65821047280122,0.9847548882148077,0.060411742148610684,0.5456913539341731
100490.0,1838.4650707244873,0.3736129697857935,1.2602739726027397,0.9351734663490173,0.9409484393215134,0.35521226062388794,0.7524888918037062,2.694975650527177,5.795318191290105,5.530556193967385,11.193647462107158,-9.61379882635109,12.768080769190906,203.32067048175657,165.61198709363205,110.7410406266488,19.43679735378871,117.84693981086895,194.89517285164249,0.943394798527393,0.020268972451520036,0.24737670138946743
175902.5,1629.976826786995,0.8319917419138019,1.09010989010989,0.7794332683445586,0.9901520951072884,0.45337725170940435,0.7941768239182894,3.4375912093428678,4.882307545553667,7.037904225061335,13.019700983109397,8.781740857673864,13.509003919512882,173.7926158003855,118.63244596644388,49.609441548376836,21.419325565837145,184.87450569977014,175.46070087109408,0.9445150611449615,0.018366491034510855,0.22006433673241
211497.0,1876.0,0.7551763965615274,1.4867724867724867,0.9955798452239734,1.0,0.0,0.7447118282617905,2.334929592241956,31.77478256553317,32.72902507497249,-65.33570885292818,-33.967553226918916,-65.02808009364536,247.0579955791258,245.742156443031,244.22678385769328,16.609486532060075,4.7042557466996335,396.08877495478725,0.6082679010448445,0.7497179568461492,0.8453096556823283
144773.0,1494.7636235952377,0.8142399320410776,1.0669856459330143,0.7765625335250069,0.9883431583043477,0.32961818498006973,0.7968684952424698,4.0647718363764325,5.196191690241829,9.602761244669113,-17.199303884309728,-11.85503463874034,-17.114440645279508,190.17943017650836,100.51947520343278,60.85443176444849,8.9256420571235,178.63398333015746,174.85788652482273,0.9482563645665341,0.015456671918802338,0.17046008823781236
105404.5,1203.928077697754,0.9138353004023523,1.201219512195122,0.81562229169246,0.9920283478350894,0.5623931244994308,0.7852953696766053,2.8566208461774925,7.5295772303105775,9.17181316153396,17.523974876278015,10.603691751122486,18.60847454139354,231.4370976518784,194.20106368779327,136.1644917194575,15.308900684826021,111.10255962709324,125.34293841207025,0.9706036590413352,0.2888705840182524,0.45861232002688046
40781.5,777.4873682260513,0.8477862646388465,1.009090909090909,0.8350020475020475,0.9872423351126282,0.14710707507715762,0.7952286754121533,5.435549374881954,6.684032469370405,9.93211599367544,-18.244665108573347,13.248214579105749,-19.085410121780253,176.17802363590647,175.8970015086749,166.81861327633897,88.44285893889867,37.178400804626605,232.09747349711165,0.9251831444167568,0.013723185900082823,0.11837809208618538
134374.0,1522.7047477960587,0.7282721554361247,1.0242130750605327,0.7691744085541417,0.9802704289877697,0.10026254106909903,0.797302313642017,6.333824423706062,5.876316548741447,7.843834469667811,14.878326022149524,-11.272140874193397,-14.832895771780267,174.52253345468029,90.23125021067179,52.68518050358984,10.924267704857249,181.147259581353,184.86097362533053,0.9530576812176399,0.014482061427986458,0.161302289958832
136177.0,1734.9057573080063,0.5685410796944542,0.944954128440367,0.7580887592411152,0.9631507847256112,0.5374499104404102,0.7882523158216712,3.1795864014225512,5.124030267579856,6.162298087346115,-12.579564704071208,-8.719689313452312,11.811696289931245,196.83818911374738,161.19083454926093,130.11562678424158,14.579870583010848,86.043876482903,123.9259489138219,0.9639904084141214,0.016875703601536556,0.179239549093212
94464.5,2102.4965965747833,0.268539323990667,1.204968944099379,0.7561031247998975,0.8984682255479625,0.5090094770689475,0.745206518679181,2.7936993621768256,4.274448403965162,8.685890059728852,-15.181505574304492,-10.102452922449661,-15.747701822042584,167.43215180403317,167.0197463131525,171.85110917149368,75.93651027556423,51.50158129201193,137.38403175903176,0.953202709173148,0.01690128228359723,0.18120675301485673
42568.5,2249.6925526857376,0.1056943737358477,0.9419354838709677,0.47026623950508173,0.5272750919698265,0.5229757636627724,0.408253526999253,2.1705371981658597,2.8466126176671906,3.1320693949605953,-6.213955915733614,-4.217340603196071,6.351241702470063,243.13882021303635,235.98015203678457,224.9674669008064,13.656923681231081,20.786570854224912,74.44679022668153,0.9594517552278086,0.5241221558837907,0.6940002714536098
81256.5,1094.1391710042953,0.8529485653967429,1.0064516129032257,0.8401209677419355,0.9910114826175246,0.11942243132992224,0.7952460315285862,5.7177261524867475,7.00907635703359,10.365331063058848,-19.096049183197294,13.747344880370319,-19.422989377821867,225.67306881974744,221.91035626418736,221.1877421196428,36.68819747447974,13.504641900800609,137.67181905152387,0.962995617463328,0.5498861253093942,0.6037960248669757
80789.0,2308.170695543289,0.19055758957803315,1.2173913043478262,0.8711719289164941,0.8771687911228855,0.3389085181641628,0.7358004754994792,2.80050945097338,5.459728036541443,4.755811045370881,9.873269918644441,6.314825076454879,10.543637470472985,201.0362732826887,141.59542959116652,96.81349063735392,21.88169977569306,132.529215669265,184.79678246155376,0.9360096181357637,0.015420568138174417,0.1662507581878042
71590.0,983.8620414733887,0.9293810560042529,0.9666666666666667,0.8228735632183908,0.9911394157552263,0.3092641178270939,0.7967642265880839,4.322116830000851,7.10228765404177,10.82040675481242,-20.699897078395967,-13.45155881023971,-19.78494294929271,200.58659700671723,181.14593235652276,168.94349294889423,58.18912283458381,48.35891896138587,539.9322222222223,0.8916689730089357,0.03827522636379567,0.27814393190679026
90218.0,2624.126100540161,0.1646393555202013,1.2435897435897436,0.7452583928099392,0.85146262853152,0.44459065438312745,0.7405924152507377,2.9434815711925246,3.610224292883702,5.359585673173489,9.952708528008502,7.542854708386347,-10.047584736300541,172.04128155436294,172.00508099781356,177.81693500298152,79.0524995030809,47.24258348240906,125.89389268977271,0.9508668872980485,0.02124300173585108,0.23945902426129137
44180.0,1865.2691131830215,0.15957048971168558,1.205607476635514,0.8001883648482214,0.8070733088544235,0.665045084614157,0.6978508687748799,2.977644098560998,3.687082467881566,3.67182183606134,7.6237073948286636,5.262494976026343,7.424178457474212,209.54536271809,196.25174471992653,184.21547291092745,19.18785583103765,31.321464646464644,123.50278706800445,0.9070954692231001,0.04147087692851688,0.37678704445639283
173089.0,1645.1858534812927,0.8036175265130684,1.1201923076923077,0.8928740921096071,0.9939417952958471,0.5101041740974047,0.7859623145126703,3.386415182686226,8.291818653403691,10.291832566590294,19.62187079592789,12.38301544829512,19.97975812526217,205.71724640961793,199.71891479497302,172.64254634170877,50.1000025151538,50.35770517367136,218.4086282440175,0.9451616291607886,0.08463479882580723,0.3693487675531334
49930.0,859.5289993286133,0.8492789551343859,1.050420168067227,0.8391596638655462,0.9893495814137812,0.324045860695014,0.7941678934530066,3.956322697990191,6.973866391769634,9.386258114672453,17.584278248198384,11.454179092782779,18.116487053945367,208.62194033656297,177.22237803841577,138.96245537990822,26.404619241883392,89.64561023287439,284.9638027562446,0.9363374966675123,0.10089304195403331,0.2438546368315884
153362.0,2271.896529197693,0.37337955300157666,1.0670103092783505,0.954741271975696,0.9595380062441735,0.6231725341050904,0.7671067316115133,3.7512321767191246,5.519897967316735,5.555338008945676,-11.111953751008038,-7.96518263608915,-11.631411654136304,221.54074460244126,193.03311341614682,164.70384885037842,62.02585974436874,79.51708702608445,85.59797749556786,0.9740818944789197,0.07842062759560658,0.4389078421409798
196521.0,1829.47012424469,0.7378501772482414,1.2374429223744292,0.827819339837234,0.9930343431893461,0.928537417392677,0.7665976811609039,2.7582737498418264,8.07046248696737,8.780869922165286,17.226818381409043,10.192543179115964,17.731417367266733,212.15504106576992,174.74661449912696,140.25094095583006,53.007424173834316,97.67150617603312,135.87392896089733,0.9668509042314096,0.051148395326092576,0.3580708779765356
111971.0,1428.1950902938843,0.6898272550776886,1.0217391304347827,0.8092261216466234,0.9803914701362835,0.11454123812547193,0.7966461675615713,5.30748201558561,5.927291996733288,9.112484727831145,16.688734762137333,11.77105645978058,16.95282995162315,185.67957458666172,158.4063254690693,124.0848133011332,38.5429500278655,95.336466654282,253.35553255761914,0.9195537195538819,0.014220712125257728,0.1442828437954935
209963.0,1848.0,0.7725893188912241,1.2920792079207921,0.9956137855164827,1.0,0.0,0.7639844137004338,2.7275400739240534,31.386727423233637,31.674065740903742,63.41760219258728,33.96875485872248,-63.30642906563751,15.235652842606006,15.106631257041688,13.549725485988162,25.942495126705655,34.73686893073663,67.0081099063135,0.9230613810616037,0.4534480503638577,0.8061446963804112
185847.0,1587.876326918602,0.9262582111370316,1.074235807860262,0.8247550324848226,0.9958418844408246,0.33414229517867083,0.7954093901460699,3.6868605061057176,7.499783368131846,10.199407819390423,-19.384124786999507,-12.445374628105279,19.101202852280167,206.38780405552413,148.8829087071929,90.75236608502676,14.115894652103911,148.13508985683825,121.69241502330979,0.9657780426900567,0.020983022531614243,0.24448215309146343
57717.5,1481.148405790329,0.33061322708292806,1.282442748091603,0.6556422664485642,0.8082947630817923,0.6022261283391505,0.6898750102765765,2.1503130023468864,3.3046785590411605,3.6109537865583854,7.504178184435785,5.3279322248495316,7.100172285929959,229.7282699461019,224.9752713884461,219.44505807333184,53.76641615425492,16.55904122067866,103.88343675783348,0.9507726695624557,0.12225197524645323,0.5295156250871965
157908.5,1612.7564836740494,0.7629178550143804,1.0666666666666667,0.8392245960884354,0.9917287117955352,0.35581811787127876,0.7938280570555457,3.8504797112593803,7.480535405455988,8.518677706978911,-16.58581822136107,10.632983200564132,16.804792859527726,210.277531833035,153.8801205164627,109.01952978196202,13.22972654483378,125.91519259065805,92.27898606316327,0.973865425395415,0.02133462308629586,0.2666232579735776
57262.0,955.5634891986847,0.7880563656787797,0.9104477611940298,0.8756728651822853,0.9884261856470893,0.6468827552698728,0.7835198373103793,3.3408487529820996,6.4414479163602945,8.068914268888957,15.330353150419581,9.750036484600608,16.097383445248628,182.3208458364591,180.45215210052513,179.7250328207052,51.04730870217555,40.66384564891223,140.63121004025575,0.9262138620819674,0.022070971665686397,0.1774369496156983
105885.5,1441.7127645015717,0.6401604931194346,1.0114285714285713,0.8546045197740113,0.9537429855612902,0.3858167894643267,0.783654829382336,4.03796599468546,4.608301993899222,6.021408015847751,-11.602917075253506,-8.192366054670169,11.41151691071867,240.54866494401378,216.5716838931955,193.50118432385872,10.15816106804479,51.710314384151594,94.36022603781785,0.9704083672928748,0.42618085429776553,0.5954948353007089
52129.5,2889.8144813776016,0.07844287404963719,0.9517684887459807,0.5662803076388285,0.742136171121472,0.5666362983721586,0.6392760770690139,2.8453158407220793,3.4425338676224166,3.967872598288142,7.895910656064436,5.51300604382203,-7.769433138428509,143.04670433939188,88.34462109391472,67.9195378062666,8.784907013030827,138.0944629528107,355.51156340672475,0.8707894401018114,0.012219224047770467,0.09070203734129412
117982.0,1453.7341845035553,0.7015451264962701,0.9661016949152542,0.7159666721282626,0.9751948620880619,0.3030887437096137,0.794636957582039,4.288608563001883,4.3339364065139785,7.012773695653368,13.503736527604943,9.1571341757176,12.691217573216555,215.00488210962632,155.80364900840277,127.03914359298987,11.426443170683061,104.19341999150183,73.68412141523102,0.9814121940205445,0.019967993001835584,0.20613541436879493
71366.5,3042.9372851848602,0.09685415556904589,0.9625,0.7240919237012987,0.8072905178020984,0.49118355147820436,0.7138870318348477,3.8188233560235143,5.057107467139124,4.616449838410302,-9.458426559795413,-6.579709732299442,-10.266278494921627,190.01490750816103,181.2697030934245,163.45765583709,49.15823099642468,49.998025804445824,401.72659828094606,0.8952126973871484,0.02362127758908458,0.23733501036143195
74825.0,1087.3624787330627,0.7952577384442439,1.2045454545454546,0.8912831141604727,0.9909742869819155,0.6254851314855205,0.7803781497802937,2.9494593835511558,8.103133637831997,9.747544260941932,-18.74758281322173,-11.232252323615338,-18.940881369004423,213.8469423060289,183.423074705187,145.50781362627225,23.25437534238676,86.544488654384,203.60389516152438,0.9551361969527101,0.18919836538777807,0.33718709412787823
96453.0,1309.1025931835175,0.707258601393514,1.3006535947712419,0.7919745787762341,0.9966366496690897,0.999414649757233,0.7630320316247938,2.6994752907116686,10.76688236840868,11.932939549932954,23.969287035158207,-13.368347274540495,23.292253152800196,212.60290000799844,179.5482134899505,124.35096038483951,23.85273718249026,114.31988070889084,298.64684653522426,0.9439488843964294,0.0984590894257739,0.2743619408257152
74291.5,1621.2905336618423,0.3551626577647802,0.9694189602446484,0.7166912665566907,0.8828251259625439,0.3106812630897468,0.780432106324863,4.27789800366863,4.15198392526893,6.721499940633303,12.978115000125648,9.024700651943771,-12.163277270729317,163.77065302371514,108.63195577928045,60.16444237178872,15.058087700769473,163.42908088386574,151.02431502134107,0.9454629635814352,0.01815052641528139,0.20855086317541172
141169.5,4228.632802128792,0.09920893597802713,1.300995024875622,0.6714491595559487,0.8455871121932812,0.68452440689083,0.669372486524155,2.343434663654854,3.9634219283513086,4.0395258529735125,8.190868210313003,5.213746507779786,8.19216320334557,222.98353618655983,208.57663190972718,189.4158578849638,10.688706124688954,44.82123606402093,149.45767111676204,0.9693970128013002,0.42509567850793917,0.5117810666081267
32746.5,1434.933107495308,0.19985335384583697,1.1650943396226414,0.6253628447024674,0.7581349045573987,0.7061903320859425,0.7068470579422416,2.417231687969219,3.3147547729500433,4.67772247745582,8.995724153987632,6.056955631187517,8.729937185595482,108.24857940864875,111.67029439147325,103.6198272817747,60.13002022536839,56.09637548556936,583.1406493506494,0.7904389442344283,0.01262442292307512,0.09155172276253584
46148.0,1503.6854139566422,0.2564772060192742,0.9961089494163424,0.7014226653696498,0.8918349598995072,0.5063291937033072,0.7683533811275838,2.881498653195609,3.810825788762808,4.8308881871610545,9.233405348031873,6.376028746209699,9.403669232944353,164.5222139543027,111.69093057865709,67.9188260527007,22.57200385187779,133.70537512037117,213.73804145628486,0.9421076297309744,0.03852359913799469,0.17345819854687594
103736.0,1240.4650719165802,0.8471694406354271,1.1011904761904763,0.8344272844272844,0.9919817928844986,0.4489182745678207,0.7911287083451068,3.36414719319997,7.116068166870212,9.207501431226133,17.389999534755596,10.99281227522233,17.889813026663262,226.46408946160113,219.41338961712214,204.08007109531218,16.83609568244094,28.82470562097312,129.829023375535,0.9580011047876057,0.3280611034682923,0.4585752033154741
144809.5,2233.079425215721,0.3649207659310264,1.5027624309392265,0.7353423586285343,0.9439378137018447,0.7524784879340422,0.7344828769817153,2.1443009383821185,5.065800608204492,5.0685548181253735,10.204111735513637,6.155782915308216,-10.419940824203822,197.30042056107143,136.30247140254,73.78536142616625,22.08554641760952,155.3407237530399,136.1455166059388,0.9382175288359381,0.01921014283949766,0.1824688447846953
186430.5,1792.5269111394882,0.7291140371318422,1.0865384615384615,0.991482832709326,0.9960756551705714,0.6766204245056381,0.776882951783854,3.6932340713720344,6.129395635028835,8.321559050567009,16.27456028968526,-10.195092236525092,-15.55478878766307,185.24465803263556,179.78292742526676,173.3812187197379,55.971400903224634,24.22228557465179,456.40563462308455,0.7763605004687983,0.04425941185746795,0.43909161853164597
27347.0,1307.7543956041336,0.2009403608192294,0.9303482587064676,0.7275653816479102,0.7925173518032834,0.5272193734798561,0.717591457098437,2.8870627489554113,3.5868915898880713,5.08748938545405,9.65174033389188,6.711406178134192,9.518712349489586,160.28263970464843,94.34301057224367,75.16655479107233,19.180021815740897,138.88664205403592,451.71411594941014,0.8714075565998661,0.013051209632790675,0.13492357469126626
119779.5,1354.6387331485748,0.8202483802337529,1.0051546391752577,0.7915642347343378,0.9849396847324666,0.24211819730079615,0.7969583481572805,4.640503868918313,5.307664510448705,7.576765599536872,-14.051669529518945,-10.393352067879903,14.446297263390138,158.1647666511975,109.60311535279756,53.241631524787635,21.400879723976512,164.51045176650996,113.06324657617874,0.9120434103156828,0.023109066734022975,0.19717850949147986
126360.0,2994.4246485233307,0.17708945575971832,1.163265306122449,0.7069011815252417,0.890677700280892,0.5175790304514003,0.7557648214489314,3.0813702819512323,4.705934680206397,4.688450557171092,-9.437948580981976,-7.234691578318996,9.720375043075217,204.46600341588385,168.91430401366352,138.17578992314262,14.447754056362083,81.64719897523484,362.8993757610057,0.8777040348127031,0.01776195855440215,0.17681404246964066
65672.5,2780.3443546295166,0.10675696953638997,1.25503355704698,0.5892446972687794,0.6745257341235197,0.7077437923111438,0.5581188601029821,1.69095698831236,2.2372278558326975,3.600272441727154,-6.5601329805284125,-4.455267492136909,6.900654948582709,205.01267336202775,166.5592698868165,139.61932089909135,17.609628566873905,81.95652797704447,374.1539759036144,0.77502487183642,0.024997741547316064,0.24133890583353457
39332.0,2332.954527258873,0.09081202224233904,0.9288256227758007,0.5362893879276257,0.7299654801232323,0.4285413183654784,0.6835924663025917,3.3617922397479023,3.940542106292856,4.8177047101168124,9.19744089044512,-6.499830950812507,-10.471862090182587,151.09030676126878,89.52968489148581,40.56729966611019,14.645529006677796,185.86973080133558,149.36410256410258,0.9139185320083302,0.020871333256812053,0.1886172550922944
144900.0,1466.0773311853409,0.8471581479063744,1.061904761904762,0.773542600896861,0.9886499708317555,0.3325593904448303,0.7969043833192697,4.046473518627803,5.2789954863357345,9.577929682136503,-17.006421077560407,-12.70603338013661,18.94500324807721,189.68047937247832,100.4668530267077,60.94129658707637,8.892831240890303,177.80401918053218,379.85751063829787,0.8913968595583937,0.015305015479180898,0.1677268235596124
196875.0,1790.4852812290192,0.77171852349347,1.0601851851851851,0.9950418486171762,0.9995329166814746,0.9808866801130982,0.7773351284118901,4.012061009172965,8.280830523310742,9.775908382661184,-18.859337083897803,-12.146201575861038,19.12918809563102,128.05292521840232,72.38383903628467,54.238555072908426,88.43256576291441,118.82605325625335,63.54088726088725,0.9716152700772811,0.02509537710497442,0.29990693467525503
158528.0,1536.6315923929214,0.8436772316441916,1.1317073170731706,0.8333052985702271,0.9931836407377707,0.5004997068990811,0.7885924251146096,3.156186007106953,7.032990295121698,8.923531580127785,16.925650839417404,10.631551326270648,17.393169679572175,186.4856610994676,148.91068615837227,97.88489826735574,16.35573230580976,123.33428578867208,157.22823135943338,0.9475872768416859,0.0224053291987394,0.2753026200353993
68114.0,1002.4406867027283,0.8517828239732531,0.9791666666666666,0.8386771079590228,0.9902449661990259,0.21104199776629962,0.7951329299397711,4.824398741390569,7.527485350279135,10.71049469831464,-19.83243380765043,-13.283485962126832,-20.764491106176937,207.28560659707153,190.37967425817212,178.0009822509537,58.320031066541794,46.339950202160956,462.0541267942584,0.8795935568487936,0.03795854651173374,0.30551657137776145
33316.0,912.9949473142624,0.5022569664904523,1.054945054945055,0.9534111721611722,0.963711835235244,0.4976420016825496,0.7728329419899329,3.680916263915985,4.599788828217484,6.168007045229961,-11.60683703885429,-8.285513854754205,-11.87725653593219,174.74552218655307,178.0716750172512,170.64384506915485,80.89550268518796,34.330353124718734,178.71531783133992,0.9507808423617656,0.01490241853375653,0.1394207904772087
78422.5,1093.9381614923477,0.8235026506976183,1.0194805194805194,0.8108869633551162,0.9845393828307429,0.37773381779253773,0.7944227182393256,3.9939157979563142,4.526433632635267,7.730047338534095,14.059123883436245,9.729450002969411,-13.967977012002809,194.39107912021865,179.3028290951761,153.08620368912867,22.793777994018402,60.18402713183841,274.40161596958177,0.9414905510405676,0.11419836582235326,0.2641636554964511
114841.5,1350.8599525690079,0.7908389790054509,1.1046511627906976,0.878530446756426,0.9923569465807165,0.6639281122185674,0.7828397379136585,3.297192560188978,6.985340848630461,8.54132534574947,16.306342243184623,10.228977569966235,17.36073167264812,208.80721225487275,197.7587649758598,158.72397925731656,43.467342194671275,69.43336710973357,100.90728325643984,0.9709556866710545,0.058340505430348626,0.41921622536890896
141695.5,1485.0062655210495,0.8074383076832276,1.0186480186480187,0.755818171149979,0.988661775531065,0.5163344235391643,0.7926037205837546,3.207865941196832,5.801795380043606,8.038064931534008,15.310429909340165,9.81972171512403,-15.005718857799497,196.88096699923256,160.1086953184958,129.2109516500384,14.625702225633155,87.11282425172679,129.59722222222226,0.9618228067181155,0.01688592136540295,0.17309967375060414
111692.0,1993.9494915008545,0.3530235074683062,1.1292134831460674,0.7804516742132036,0.9434282601075265,0.34824393270414816,0.7799061102620631,2.9414261492891636,4.994653134555338,5.720444928686407,-11.234450190770076,-7.224768499308285,-11.222725960180663,203.82879460807231,182.97291374474054,137.20880084151472,17.68719806763285,86.97629343930186,166.77026841692793,0.9632796865365789,0.15855942834601583,0.3283065924219122
16102.5,492.9188266992569,0.8328223272931904,1.1755725190839694,0.798180826806781,0.974727602905569,0.39404474591000926,0.7923753492349436,3.4126444118724577,4.925908669409279,7.191868050009629,-13.473812861270513,-8.962341241873663,13.346990030545486,181.35338946592094,103.83098764673345,47.537828037612925,12.4489582693135,192.77272447913464,248.51399825021872,0.909066567269091,0.013589859998933406,0.10080939515611623
70470.0,1108.5727170705795,0.7205859059974332,0.9158878504672897,0.7467098989128361,0.9751068923051377,0.37551449254783115,0.7947749885947057,3.734852776762373,4.6758069622078695,7.194695584168286,-13.56190483279237,-9.38949350496038,13.161890979215489,148.2335144927536,88.11745169082126,68.46153381642512,10.25631038647343,139.90280797101448,354.80958171206225,0.8840198131726589,0.011610255023605841,0.09066800388404438
165549.0,1628.0,0.7849240294374501,1.050251256281407,0.9951011036041452,1.0,0.0,0.7776268952294793,4.17290681446263,0.0,0.0,0.0,0.0,0.0,188.24474343610413,179.62364273522894,168.18478774013144,64.6130115844137,43.230889348876055,289.5013274741372,0.8216193005820513,0.04541885139478497,0.43088610616700346
59038.5,1272.933107495308,0.4578613817268377,1.0543478260869565,0.7350776931122068,0.9344270079057952,0.6247327756337512,0.775464269797737,2.840161612362217,3.956679688376174,5.358039374290173,10.015755516819922,6.779169990670783,11.407856857306625,207.36670762868903,174.57151774045684,83.11215791834904,23.99937581680223,148.32038153197965,191.4841494591937,0.9334899653797202,0.018896010086460933,0.17316470226966563
63823.0,1000.0487704277039,0.8019452473873545,0.9705882352941176,0.8888006907308378,0.9898645242840415,0.4266282190509,0.7886659106215285,4.2818875178403255,6.448978419052599,8.970377039646827,16.830844551075508,11.111509543057373,16.830295329861883,185.17239954346886,178.84444488173483,171.53610925262703,46.04856546892834,54.06450470305798,158.95216269841268,0.9205558248383547,0.019815901441125865,0.16296340614710783
66377.0,956.2640663385391,0.9121616534986031,0.986013986013986,0.8230050091752219,0.9907458542919833,0.2095014591384346,0.7970772950374384,4.974760655641483,6.91868392194268,11.608724497985143,20.880099282741003,-14.097957751473041,-21.602215908936557,155.86699302489282,148.4843859985922,138.41205925641518,62.924233698086645,61.023564983682085,298.31177510040163,0.9223161131800982,0.011860911213693315,0.10304654004322153
127778.5,1370.3056917190552,0.8551311491272648,0.9897959183673469,0.8401174258363139,0.9926933863687567,0.14885356141699096,0.7952282517203032,5.3334434617108855,7.205021366850653,10.660303951063753,-19.726064673451543,13.590901387596928,19.76241830108246,245.9457089263614,239.29218556621288,226.13960976175744,17.731735380569308,23.139967512376238,51.044635903426794,0.9737173929790485,0.6805246136163372,0.7659340682416862
114833.5,1463.982754945755,0.6732967900224355,1.1645569620253164,0.9874922605943863,0.9933264132174214,0.7965035079239602,0.7719854106906054,3.152682726307611,6.639347098264433,7.7859888323067095,-15.006092124739421,-9.622449076661445,-15.735090970155094,98.2410572419415,72.78523564115672,64.36968926592702,54.280614007212236,79.79907981817428,436.1505437496531,0.7833866582759499,0.017413544278716032,0.15888049236139978
98462.5,1209.7371500730515,0.8454709443238075,1.1104294478527608,0.8343431176490527,0.9918756107143217,0.4675944490658656,0.7903705845551239,3.2918345184528057,7.172775118337862,9.174313580130548,17.441204982601054,11.027405555265178,17.576188877040288,205.4047828380517,195.64817001180637,173.55646964254314,18.384724559772916,46.000527518902764,250.8662451730143,0.9474978371480961,0.23897562053836663,0.33632692074986154
61694.5,983.4772639274597,0.8015445475790525,0.8741721854304636,0.7738122115191651,0.980078953430185,0.5746381845633206,0.790203002317207,3.1304921319441035,4.613922112139678,7.22894403564574,13.292112942748373,8.88755022432586,-13.310041218940668,171.8523223570191,111.4327902946274,71.70863084922011,21.535372616984404,153.93630849220105,436.8463563458857,0.8456013904664709,0.017089905886827163,0.19458419084121997
30831.0,1716.4894573688507,0.13149680310799908,1.263157894736842,0.6761184210526315,0.7285982677742199,0.7467419794608825,0.6238502025736383,2.481579277183121,2.7861677874486075,3.087451594741944,6.080311026413065,4.350464975908907,-6.34577403319034,211.73594954907855,166.27744739249772,155.28581231211606,38.49222323879231,78.91360606456672,342.28277190884324,0.9244304347729563,0.025339129651810885,0.18984328715236537
167971.5,2495.0104373693466,0.339078873024065,1.5835411471321696,0.6596559781648241,0.8787303331109978,0.8647248295712473,0.6601499517910332,1.7564295676402935,3.8482750865152586,4.60725300270089,8.86778439716857,5.521941925699079,-9.26185123640436,186.81168623165192,89.14370685810832,54.17149353381947,7.8285441515454135,187.77133148675046,167.19396481152629,0.9580098318866677,0.014625097790498533,0.16861022411951887
57427.0,1118.8326029777527,0.5764952942659465,0.9288256227758007,0.783013594033351,0.9696739442446347,0.36136303209901527,0.7933826169982436,3.8679846821148693,4.973588059768293,6.496336743764532,-12.94474870433539,8.465142131053893,-12.239580672205731,139.608496808345,114.35530515335512,81.5799276039234,19.093881363848666,115.9508796512533,516.2922123893807,0.8732309130698399,0.010639234673656192,0.09157715335277428
40355.0,881.053822517395,0.6532844729855212,1.2391304347826086,0.9619326849733029,0.9714615856814434,0.5345981778291676,0.768373483059418,2.9661317268938774,5.3401118281257585,6.385163600304388,12.386926518852661,8.372541578480574,12.410336753867096,198.74409342347877,179.62874001229255,161.71911493546403,19.15857406269207,50.51412415488629,193.75599502487563,0.9258499946462904,0.029908557203833817,0.274017407673763
43369.0,1947.0681018829346,0.1437563337924764,1.205607476635514,0.7854995290878795,0.7922580880875395,0.649866144782959,0.6920846519118842,2.99175220300593,3.6319806932638805,3.725886089436173,7.638871041229917,5.362985124086649,-7.4951552484544335,209.63603624808755,196.2229963516535,184.0957749794045,19.77721548781923,31.567800400141223,122.07849869760834,0.9066082057434439,0.0442755988766466,0.3871349142670479
150361.5,1493.903670668602,0.8466449550191378,1.1144278606965174,0.8348963885927505,0.993199727857006,0.4749710994082969,0.7900465761073105,3.262824570439963,7.339993514209921,9.347372271515713,17.7667367530943,11.18002791560311,17.95668006320258,215.00485203405705,179.7752453441569,146.87953454226334,32.31598977275604,83.74620064637533,148.32734422672723,0.96762914238231,0.2031462660815741,0.3206952028076707
156601.5,1765.06513774395,0.6316613545570838,1.124413145539906,0.7674512629009967,0.9698669077892077,0.4554115038025025,0.7897126182707087,3.4405571567281474,4.008631140652072,5.704694791247996,10.590802497950849,7.541563825906336,11.009787083035969,179.19791398492893,120.57478830217299,41.22141818409535,20.870212010938012,196.9901474404915,320.99151205483656,0.9085013247396528,0.01947487969618645,0.20358961538851533
138125.5,1947.0550334453583,0.4578542745434503,1.1552162849872774,0.7741506092298035,0.9656897359350639,0.5139624243970602,0.7862878700801235,3.154274468643964,5.830227629079762,5.998436389039474,-11.97466136626079,8.104321453900555,12.215536831495847,199.64729927007298,163.4567685934109,132.54782402840797,14.693777865456697,84.75108305385677,126.84740988302698,0.9602271142462581,0.017225662939999487,0.1748091615472341
63262.0,955.8620414733887,0.8700863405662541,1.0140845070422535,0.7734497261345853,0.9913265585946988,0.21456664131860015,0.7975818018006569,4.904007949907532,4.920642142331348,10.13493862851595,18.508445559417762,13.013957166432098,17.66719356845044,140.23698730562953,88.2186788594359,39.02633406644288,14.395319674345025,191.87996295867578,209.6866593894975,0.9096975360186009,0.016212313611797764,0.1458644486568381
130875.0,1448.0,0.784385280017712,1.0742857142857143,0.9944908814589666,1.0,0.0,0.7770310799350644,3.8426520531331154,32.35991083825063,33.314153347689945,66.70402740931802,-35.45732812387286,-66.16891420762067,218.84854947033168,214.73033303330334,208.9958872810358,13.204085023887005,12.341161808488541,24.09503046564928,0.9645981176914948,0.1482452868016549,0.6787508614871243
155531.0,1720.867092370987,0.6599821182508906,1.164179104477612,0.8266945188586979,0.9861928811700067,0.5367106006289484,0.7792065497909729,3.2436696250817953,4.50616775413593,6.524083217648685,12.04975421324044,8.19291753578003,-12.70130349011048,193.18724946872786,147.87846993624734,114.73123046793616,34.11977165715238,104.69764573523896,169.63630727988607,0.9542888251683995,0.016058521485559023,0.18135139706178058
42651.5,1357.7371492385864,0.2907453458850341,0.905511811023622,0.7300838753851421,0.8628754084099576,0.5310697507647604,0.7503983232446136,2.882901791930609,3.411310825605169,6.149400737650627,10.964104024093091,7.953767301372703,11.34713350703779,195.515180141174,180.17649374163582,172.17780576766643,48.60891128079981,48.542522763651625,286.2855405762623,0.9311270998658652,0.04427178509237604,0.22475330690002907
33215.5,731.3797236680984,0.780305784270895,1.3058823529411765,0.8801139374668786,0.9856670178197843,0.7124774269525962,0.7708457814491709,2.6240835484194363,7.4750961857843095,9.312659309335789,-17.748028451621852,-10.633781125979853,-18.086350663721344,240.73833724263747,214.02726088089653,174.18305968204325,21.404274172530624,72.65535574667709,105.22262773722628,0.95931009339175,0.17171361689576953,0.4421175146138374
59083.5,1077.4183876514435,0.6395983165797867,0.9893992932862191,0.7456272084805654,0.952767587180004,0.35032471008231597,0.7930269754868561,4.047841983904025,4.354089581702963,6.875037726993964,12.493727686211468,8.929765259436289,13.35225776836786,164.7851595735052,98.31002335222028,60.5655219854818,10.324957911696023,169.1617458047465,729.4458265139117,0.8446266142205184,0.009545605563000402,0.07990571993217264
138033.5,4836.401477217674,0.07415657681792132,1.4541284403669725,0.49935425288686947,0.6528675449860827,0.7328782748920377,0.48064387522883134,1.5033095955571858,2.8891480805693366,3.1045703091730945,6.820491096028547,-4.370988801837923,-6.109495767942105,227.7519479564834,219.01593648926786,204.89849309026758,28.80574830932079,31.022802117024405,98.82194052837342,0.9735533340049454,0.4484986361723078,0.5846894677994736
8141.5,349.8061304092407,0.8361023780379739,1.0808080808080809,0.7685735863305957,0.9711916974830013,0.46337984606734334,0.7930027337983178,3.463073071559606,4.9960304989805735,7.258894010920405,-13.919964085552314,9.018161966128153,-13.405802700820262,136.8132198297446,86.37631447170756,57.006634952428634,11.065723585378066,158.43627941912868,249.2276557711951,0.929566820148972,0.013976292426568546,0.09527171086460032
75672.0,1107.7787796258926,0.7748881031160614,1.221818181818182,0.818961038961039,0.9725540596986152,0.6697224984581844,0.7814065917369486,2.795922426558989,4.336887467218993,6.225906115569831,11.612342681599133,7.722903065090127,11.715410071291084,206.34769753731211,200.04050776339784,183.9251810279199,38.24207283607457,33.05842465874688,270.265179146106,0.9330672824498046,0.07810098425846179,0.3157606037660603
130875.0,1448.0,0.784385280017712,1.0742857142857143,0.9944908814589666,1.0,0.0,0.7770310799350644,3.8426520531331154,32.35991083825063,33.314153347689945,66.70402740931802,-35.45732812387286,-66.16891420762067,219.06089398745232,215.19440524263976,209.71502228680816,13.099682814705101,11.767015523914653,22.961927290135453,0.96532555631509,0.14634442224302194,0.684790090043426
129378.0,3480.268234848976,0.1342285386506759,1.1512195121951219,0.6685510541546094,0.8061110366892736,0.7347608048908855,0.655770333499827,2.0479388730457275,2.399651786507259,3.681982690715776,-6.92120148507832,-4.901134382186029,6.834104098260183,194.967551563804,178.48085482653102,166.59407662043475,50.20076103803203,51.49927472876843,539.0477678393164,0.7645962149457143,0.015545785129796038,0.13234505054839127
53274.5,894.256921172142,0.8371525919964157,1.208695652173913,0.8331951829840476,0.989358837457635,0.6138093788364082,0.7846581793931692,2.8852017723725316,7.198569295645604,9.12664124339788,17.950768667531083,11.119301240079757,17.299820557648232,203.70993726126625,184.86407267401586,168.3915530310527,18.535891701466543,46.633661210837765,152.69955156950675,0.9364267134747586,0.028900700877568027,0.29813979840001736
81272.0,1354.9747358560562,0.556273557247856,1.1373801916932906,0.729367842912015,0.9265726093772267,0.41954988035244656,0.7755555141666666,3.2698877452995605,3.713318513751774,4.552160979619191,8.713366530498437,6.217101688512683,9.140193597200351,168.85258806281618,96.24096258238347,47.07594468585316,10.941132962635216,172.15721210360178,160.08126078301262,0.9544331782225952,0.04193914472310059,0.19816403595211585
78747.5,1112.6732230186462,0.7993028578738015,1.1311475409836065,0.7483725350439534,0.9790020699558036,0.4484021232648604,0.7942768583412911,3.5008830121891514,4.919835734022946,6.940236982970941,-14.148704150815476,9.903997221772116,-12.870876589349038,147.4944312159152,109.02980259620554,62.303018665028034,17.420032260542285,154.72477148782548,412.4201482167671,0.8830231554788843,0.010935423360472771,0.08859241246185137
51189.5,861.3351277112961,0.8670545724881086,1.0677290836653386,0.7609784741630493,0.9884241827415088,0.4012756070742262,0.7956717999783292,3.7062492373138767,4.694455251826572,7.322589403691295,13.370452423181094,9.219442776902001,13.721441346378013,201.48335494165752,129.16288022339683,60.282497257405005,15.90318141019248,174.93294105914032,140.3184462489395,0.9046342943600244,0.02444041341013056,0.21001700857536756
92037.5,1201.4041088819504,0.8013024150157059,1.118421052631579,0.8904556888544891,0.991585729138049,0.5045053411820407,0.7860870477142952,3.3992653570864126,8.807113769275272,10.52576426705768,-20.968264869490763,13.033194195291022,20.198380514668873,243.5137073383925,234.35891374309668,226.619412769677,12.833187651476024,19.18238706345107,69.09258888532992,0.9623240704474841,0.5808085688146143,0.7262598112324653
84648.0,3344.6155548095703,0.09508984839478715,0.9823788546255506,0.418047845755714,0.6251098491282225,0.746478496114384,0.5051639910058612,1.6000717237366793,2.690879260724964,3.319049779862361,-6.600289914961812,-4.3494440981681946,-6.395404610824958,243.32598230088496,200.48355162241887,175.89032448377583,11.842289085545723,72.78122713864308,107.97323142552435,0.972568495351268,0.3149290958324593,0.5112700324622294
65569.0,2789.6996935606003,0.10587502230072741,1.25503355704698,0.5883160463697377,0.6738433395679608,0.6814398444282719,0.5575585270726398,1.6895038706472119,2.2323600411936524,3.596596960930849,-6.545107628037974,-4.453688699596043,6.930301716951268,205.70438310396946,166.9896428287328,139.8821255270066,17.760003181926656,82.44217643783311,120.27277108433736,0.9177423529173688,0.02550743767895029,0.24417354431829955
75299.0,1434.2539551258087,0.45998848530739406,1.0819672131147542,0.748127173373075,0.9523141034153498,0.4492107791401634,0.7888216085679564,3.384649032027199,4.450761651243228,5.922608222715334,11.474987403379021,7.701082158936129,-11.15387809931153,154.16478652367462,102.49683832456495,46.879375758802105,15.222177256171591,183.3977893565358,251.97085063836334,0.8666886967536276,0.014344032999958933,0.10226677514438497
151179.5,1582.041629910469,0.7590440040336439,0.9897959183673469,0.9939742005049442,0.9990913116173331,0.9680341653729596,0.7779649942567757,5.630000689670741,7.827540157392215,8.969920564810218,-17.36948280796603,11.902450795359103,18.577413014082044,251.51794916816647,251.52340107984725,249.09699310829203,14.347807383345772,3.0556779772617535,9.930567330789884,0.969720101755809,0.8312578081297227,0.9073384037344259
31257.0,692.1320307254791,0.8199346889814558,1.3058823529411765,0.8282193958664547,0.9847050484366385,0.7003270358279328,0.7740455189722271,2.574620537761348,7.178571878489982,8.843512602628037,17.23154655109299,10.54453653455562,16.896645091561744,228.710924427142,175.2652392172933,115.21613222688931,18.619608646655056,131.4398114947239,209.428517371861,0.9537223268933959,0.08882102536799683,0.29143849983637915
100292.0,1298.9604578018188,0.7469375529903397,1.21656050955414,0.8361289892286657,0.9917185391008558,0.8894991548226749,0.7688763720728254,2.801443606572325,7.2500275388345345,8.16299442291681,15.8697309153436,9.566349633775806,17.361410911553914,206.3686444687783,191.3982236281786,160.47733571264416,39.37635019129118,62.98081680658637,80.31708350416838,0.9733643887554365,0.08657555798367204,0.4434676373118633
42626.5,1893.0651366710663,0.14947151070733725,1.0317460317460319,0.6505876068376069,0.7702030012015647,0.4869239496748856,0.655640675480679,2.976809824819887,3.8606257820383774,3.826676048753573,-8.874190977180056,-5.506468017930434,7.671177860985137,185.33724595152702,161.96747636126508,126.01592218237148,20.70424410390175,83.94981523747418,147.6120418848168,0.9395842601884562,0.02450125205883744,0.26056029295778277
72991.5,1038.3401814699173,0.8507517115998271,0.9666666666666667,0.8389827586206896,0.9899434445906174,0.2906532100400222,0.7949042967972967,4.38366612206403,7.613641171520958,12.168720856088548,22.10337054973236,16.214299357692923,-22.430562697055347,202.13171170466543,183.38977748230417,171.93928669195572,60.10666379883462,46.351589691447344,565.2781710914454,0.882230056736858,0.044123204926916466,0.29880862677080167
68869.0,1037.7056245803833,0.8036839578160632,1.0,0.8911158842710004,0.990735545869118,0.06101106626100313,0.7893063151508115,8.761859202029969,8.172653775458832,10.710522558904348,20.15490967141167,-15.606000273413306,-21.09838864580061,226.19241418547318,213.78759719324864,204.5693722738479,10.716840508249573,28.067589607434098,133.35880640465797,0.962219119015496,0.3904040142665318,0.5215318948849176
40844.5,1591.040751695633,0.20275932701079255,0.6634304207119741,0.6447943799826348,0.8549703807590061,0.7889845618450851,0.7243945069647018,2.0621666999228756,4.178184788047093,5.369356848514608,10.274242935181425,7.05948705666252,-10.314947103127066,87.25634094438374,93.63297291079542,72.0641571288894,41.302151032380515,78.05130269741761,407.39232781168266,0.8822965578412473,0.011422799180937812,0.08024107071732936
82811.5,2590.2408846616745,0.1551030032811873,1.0,0.6683521113119835,0.8067325536651063,0.19770558903883842,0.7134963810841473,4.4786396209987664,5.689188936331167,4.347947626659836,9.891670705710215,-6.819176776469851,-9.386771398920379,229.10426659142922,220.3289915044359,212.7828145082918,10.313175961628891,20.605739991849276,122.09647125782583,0.9537332374598408,0.38091230195229414,0.48941613171928827
100527.5,1332.7909727096558,0.7111654693886935,1.1875,0.8267064144736842,0.9825150391188127,0.6285878399772393,0.7841874652817711,2.8966491690615843,5.577641799948824,7.1051273555205485,-13.55848161489663,-8.678718006642654,13.643923352049509,229.71641276315,219.08420800095962,211.94597552929886,6.328225274395729,25.78901517423379,722.1660634030102,0.8441576859384029,0.5059384625835872,0.5388274406035723
193020.0,2080.2152913808823,0.5605257988836574,1.113744075829384,0.9731773721891701,0.9775713667108132,0.6672472501129723,0.7714002437565239,3.3163454314454524,5.781307072742403,6.468560568527542,-12.601939180828797,-8.245628618184542,13.302785789030802,220.69830138789038,174.00447804842383,106.63803965052944,45.501206331412135,141.1880475708872,73.48916391639163,0.9800555703976527,0.06977189270586127,0.36900136341245793
82105.0,1273.1412564516068,0.6365408590158254,1.0689655172413792,0.7547872291526857,0.9697746385712935,0.3809645591547112,0.7916618852675227,3.6791265356317306,4.186472538263795,6.132335066273386,11.297367085869883,7.972140698140495,-12.08773862737799,164.02803750539434,107.1293726869712,64.60155095528907,17.85961631510808,145.5946723508873,196.55679841897233,0.9356724015870884,0.019130255573226812,0.1807481592172519
222555.0,1912.0,0.7650176303588834,1.3830845771144278,0.9957183506925803,1.0,0.0,0.7556069131502888,2.5172799773558405,0.0,0.0,0.0,0.0,0.0,248.304856815027,245.56881624661997,241.87478837188777,6.85898145696427,7.7033756188367075,24.274715104300803,0.9690556987089938,0.7473847486241948,0.8388776079978474
44817.0,827.0437180995941,0.8233712746351588,1.1962616822429906,0.8180673189252337,0.987452215967303,0.595874666447972,0.7812297277114941,2.8280352277645493,6.748775953204664,8.246410531685939,15.768906606540817,9.733593994342357,16.22658899236758,242.02568990042673,230.72375533428163,223.36221906116643,14.635817923186345,21.883783783783784,83.18170317980565,0.9659849057488236,0.5193782544943223,0.6519483797353556
80453.0,1282.4549660682678,0.6147065770196055,1.0424242424242425,0.7087121212121212,0.9484641819285702,0.49578044022720086,0.7895325854439598,3.386997040420888,4.828662633329374,5.957776023052153,11.450982125634846,7.729564250543277,-11.567479681782604,157.71338578627996,92.51718862491,68.50543813637766,9.100946210017483,150.1082870513216,393.30069085525804,0.9034764294007342,0.010821025182432652,0.10429512120570483
34496.0,1639.25900888443,0.16131822879463162,0.8141263940520446,0.5855612703909286,0.7855800872208875,0.7648695198472678,0.7357192653117578,3.0480433084973355,2.8004758732667425,4.191462777662559,7.809931714263105,5.7420955148392645,7.870119897089599,190.82564655818274,188.1427672390542,197.75725973208665,101.8902274566214,33.753963259312535,217.7605184870378,0.8970198419897885,0.022295281270892787,0.22033942522934055
106948.0,1413.740114569664,0.6724242527672106,1.221476510067114,0.9859502913194188,0.9919998515914498,0.9682611727836559,0.7668312251561479,2.9004177961908777,5.944732786778927,6.818963497387601,-13.394706161044338,-8.644594257295202,13.31518679752021,232.30607502378925,196.23179245755497,139.94236490208846,14.51257574998748,106.87733760705164,42.66640380143564,0.9894962659484301,0.29748836073924895,0.47648907426493775
23691.0,765.5289990901947,0.5080073115355764,0.9659090909090909,0.7918114973262033,0.9400071420069039,0.5540301265812612,0.7810516797810425,3.5220856660119506,4.573689749771637,5.345627754124667,-10.437024136330008,-7.179599308702927,10.476357634078518,188.81940740022307,183.14601619708066,176.69429222637118,45.95892536734397,46.38402599291984,112.8512754850783,0.9530618497205151,0.025423636401527658,0.2072726510858336
90224.0,1201.9898953437805,0.7847481630817978,1.118421052631579,0.8729102167182663,0.9910205785273749,0.692689033117339,0.7812617617504939,3.2012340731550712,6.876716360986665,8.316919821513212,15.914276546847253,9.942432405660332,17.216737416170425,245.62923358662934,237.34369671837837,230.30934388616416,10.937251352432273,17.35685267434273,66.73544973544975,0.9604615332937788,0.6372598928128411,0.7357600491130295
26513.5,627.7472547292709,0.8454876762153448,0.9777777777777777,0.8369160353535353,0.9859251822103228,0.21943976951815705,0.7950210661860253,4.623768712190609,6.416220630665848,9.625377324223287,-18.33487064184213,12.041626683169968,17.655479573099903,231.25882665250865,188.16600300858332,139.78780638881514,20.261038846119813,104.7182550216795,176.3153914988814,0.9574040835297236,0.0982744639573482,0.29891978718117984
135261.5,1669.0996268987656,0.6101260150442644,1.198391420911528,0.8112558552398774,0.9675738315885103,0.5314737814787099,0.7856136782045123,3.0471073476757153,4.3512539114904625,6.573037738040486,12.31992595349193,-8.43861667276247,12.103365419706689,167.77430872918927,120.75232986238649,49.8909769619107,28.910111303783303,183.43868895589705,91.53107475433453,0.9688869986079984,0.021308490097001597,0.22703911890271958
32151.0,1270.9259679317474,0.2501288823826166,0.7448559670781894,0.7309869722392742,0.8390135699373695,0.769731490738965,0.724028336006325,2.3541354680954947,3.138521192970705,4.2625615899755145,-8.259731623737412,-5.542507591830218,8.027059517954392,149.20853870430128,105.9396829899649,85.53030034395944,16.22052409489025,116.34541328321691,463.6620373710411,0.8634979325085133,0.013071143790014263,0.12971551439146187
115284.5,2620.805252313614,0.21091685332981663,1.1176470588235294,0.7374337947445181,0.8212872362782778,0.5113604913290366,0.6934279104507717,3.023321332851158,4.6611734410297645,3.659420711097728,7.9152949611167065,5.972264879093937,-8.043956418419004,180.75088507896098,177.00332153228052,169.9219837702375,71.83488802259438,36.90863797287084,67.06825260551852,0.9672127249115149,0.04040925470911121,0.3990980782478781
106583.0,1727.7930586338043,0.4486569032589726,1.074468085106383,0.7016470929007794,0.9428827976061466,0.3076497291479125,0.7925889588652317,4.176823422973792,4.608828763524517,7.15281105441972,13.118271811414779,9.245628762152139,13.279165621190081,133.7517388285415,95.31912064115993,68.58938932106248,15.260571253721857,128.22813665838933,388.6215783860647,0.8668540846984539,0.011963082238103172,0.0980582439748351
148858.0,1493.3178842067719,0.8388368700330413,1.1573604060913705,0.8285354884673612,0.9931580193950635,0.5418585730404273,0.7859066932837435,3.006577710091062,7.246414399958401,8.933934771107737,17.049935899195166,10.523456083859417,17.499238678347762,222.78748041686532,216.28984985452527,203.47355668648495,14.770276450611577,26.75638093940662,122.14236873040753,0.9645160273512762,0.396030703144388,0.48525007366311496
67545.0,1044.0,0.7787571959701215,1.2016806722689075,0.9923165070223894,1.0,0.0,0.7708066845813357,3.019725423376779,0.0,0.0,0.0,0.0,0.0,222.0167514338275,217.3058327020885,212.87867113948707,30.022356887782706,12.746369440536737,78.17886446404283,0.9311858229299831,0.1166578495000086,0.5737366201900493
63099.0,956.6904654502869,0.8663421590749272,1.0070422535211268,0.7768516694573032,0.9913354961862043,0.2079558530254476,0.7975972631762854,4.868113610615298,4.914982130936401,9.243036442548469,16.374017889291032,11.696042937086112,16.658005537151595,138.52630875047763,86.97667176155903,38.01650745128009,14.442281238058845,192.94281620175772,215.2445513563645,0.9064546793364445,0.015865113049706798,0.13987698093037765
38442.5,2190.673222541809,0.10066216982471149,1.2459016393442623,0.518260623382226,0.5281615156865035,0.7349390313466329,0.37800026611448906,2.1579725643468004,2.2643019460761153,2.215974035136792,4.471270890114061,3.3276771995813674,5.041691191096612,240.85287111651715,235.9652323754498,219.8210176879023,22.599133343469667,24.23450407987431,36.145080244065014,0.9747352573680333,0.44423829363508593,0.6721240209033078
72730.5,1363.6681697368622,0.4914835995359721,0.9316770186335404,0.7529037267080745,0.9110501493771256,0.46703190622858426,0.7848198448185114,3.512356392438754,4.101984111137016,5.4333714791082555,10.201080670758703,7.189566158555326,-12.121001319387668,146.35580119917023,130.86394248529453,71.78082464266431,38.0737688613566,130.9255065215538,195.84981417953117,0.9433061505384894,0.018729101564511325,0.206579375463953
108092.5,1692.4621077775955,0.4742065159769429,1.0898876404494382,0.7825531391173405,0.9561138924761619,0.45057042744445774,0.7881597628059179,3.2910539899126205,5.6236673644400845,6.227499387473148,-12.398671139958308,-7.875189074262104,-12.237698010342411,227.48063165643043,176.41463667103721,143.79290594161895,10.502093253283649,98.09306926138063,167.60158807550326,0.966764569882231,0.23610793314257006,0.3772717160572395
163572.5,1553.7026598453522,0.8514993817110736,0.8888888888888888,0.8401776175213675,0.9941743501224694,0.5095029621333913,0.7911068642415996,3.2985894985323156,7.923031494919778,10.470174539639766,19.74677998779051,12.21136083071226,-19.922377604742078,211.83803558595395,143.91777563006468,91.41065720020816,13.081753525140634,148.99110351151091,104.7967705735661,0.9713171262174771,0.02089967773821844,0.2604565819636441
73232.0,1318.8569861650467,0.5290726976458444,1.1482758620689655,0.758330744537641,0.9576127678215329,0.5468740169676043,0.7849014168174551,3.050106658076526,4.379606246931306,5.780902175438296,11.104686202273752,7.3584670954839115,-10.946759424523226,154.44585120544298,106.94311492382784,87.67245969531135,9.778893654784795,116.4963910664103,705.7095782595782,0.8316774644758967,0.010434674422855833,0.0962063420585499
114215.0,1902.8468825817108,0.3963924025157261,0.9193154034229829,0.7426975498101233,0.9399560533614241,0.6659705176875175,0.7734390592049559,3.0593715520113958,4.234786743201949,5.271025750687805,-10.070582857840337,-6.805456459706496,10.380787324413017,154.416723846967,129.8690911113996,79.296645216327,23.361181684995273,120.47740296348498,88.92585962556873,0.9496529632577199,0.02098222690334839,0.201408167678129
77156.0,1828.1362044811249,0.290109846587968,0.9876543209876543,0.7441743827160494,0.9020295548073326,0.5581731540144091,0.7667059518649311,3.5652936332835874,4.537070375548829,5.114166880388466,-9.956169820010906,-6.91566389562189,10.509089214381415,169.92316307624236,130.40752468128647,105.39198307568928,35.05288847100468,92.76417964104975,179.73111968248645,0.9303061855033147,0.017291545424272567,0.19595545247333462
112037.0,1405.5676642656326,0.7126361028653001,1.1148459383753502,0.788515406162465,0.9846247138280904,0.4308341306690323,0.794934082882651,3.6119319462001007,5.0578016748682195,7.712044177127296,-14.641962617096576,9.685218489656503,14.11537663589712,182.27013849001213,99.75346225030314,35.741323632650456,13.160227200204226,207.26203331418725,261.4394419947913,0.8763291992648633,0.018210195730239943,0.1652947562151668
6817.0,526.8284270763397,0.3086489160377484,1.180327868852459,0.38803506375227687,0.5653039223816236,0.6539182508487829,0.3523843227661674,1.1734510037038763,1.2101127797125488,2.185860728964153,-4.019876381345946,-2.9097005580907194,-4.049884479827428,5.99279762745375,5.99279762745375,5.99279762745375,0.0,0.0,17.789156626506028,0.009324070378613996,0.9781360444957636,0.9990246747356604
45007.5,1634.2325347661972,0.2117712741267649,1.205607476635514,0.8151760486850684,0.8221899490327177,0.4404534184202344,0.7117010346849704,3.0368105000207986,3.7676302058395215,3.880096219340607,-9.315795971109505,6.024236715968372,-7.7040892128994685,208.18189525244912,194.80246797287114,182.7001695553881,19.285747927656367,31.630039562923887,394.6280369405636,0.7490972827809136,0.04126838835551263,0.3819093751803399
39028.0,915.9797892570496,0.5845401919907449,0.9449152542372882,0.7415824276050772,0.9252068368774151,0.40493788875027237,0.7869370346321047,3.5962377231276994,4.067116620269676,5.505251040225764,10.81975765656399,7.633246429991749,10.31138309591608,166.88169406663744,124.00978140243116,94.50153560275635,15.768911141507731,113.85405321702326,591.3456305599162,0.8534668468652196,0.011807339685145277,0.11707144493612687
197310.0,1733.4742978811264,0.8251333621193605,1.0867768595041323,0.775029067026993,0.9879825747333634,0.51102663445747,0.7914388431467224,3.2068020260545405,4.515876266577217,6.406014313007609,11.866960778025831,8.009895564908323,14.500276688003122,166.93432451641408,114.91888050097005,43.368812309110815,23.061334255364105,189.99795744571864,121.73372100494764,0.9580120620671346,0.019249510453230638,0.22408705901988152
56152.5,3148.604240298271,0.07117751287425084,1.366412213740458,0.5986662544244957,0.6027015713549717,0.6032197222251886,0.5025070919313379,1.6501704875026064,2.7736450250462124,2.7862331793199755,6.234813656705467,-5.314267100671011,-5.576397115804821,197.8908438570531,174.18498773640363,152.5495510104798,36.97855390914804,68.0516084568139,480.268925033631,0.7979824881298988,0.012330232468033185,0.08852781769313753
141146.0,2406.434755206108,0.30628819352653,1.0044843049327354,0.7064081518257527,0.930983876340203,0.37213066359084784,0.7756231924883229,3.8048783581754653,4.339146857215694,5.093099142053942,-11.143098279046717,7.4664629806030725,-9.80968930542259,184.23107540535258,89.43165168978315,49.01521293221332,8.717140392003646,191.63321286709643,182.93142857142857,0.93253906063999,0.01577954376473534,0.15283239016316746
75148.0,1151.798989534378,0.7118260941433373,1.123076923076923,0.9898314014752371,0.9970677599543579,0.9272175959502008,0.7744609868016767,3.3979416000790557,6.800337297992616,7.807035924136733,-15.231885825302616,-10.024173769763323,-15.295186148521179,31.9872540650003,28.886696182175545,28.756894121384185,51.37477416665013,24.164962576187737,49.84563180653427,0.9505230306631459,0.18280568044321902,0.6208336993872021
178330.0,1554.2194752693176,0.9277043229753985,1.0990990990990992,0.8230412789839019,0.993672878631269,0.3900786601518607,0.7940044504111652,3.4369544302291493,7.470225182740952,9.768587193352838,18.48383137658243,11.615700010558935,18.61176110683184,229.04472095601827,174.038306435054,145.15421132602359,13.817756970966286,96.64138639070265,158.5260442545298,0.9676667349121726,0.15205774437286293,0.33531458009977233
50263.5,869.7716399431229,0.834933919810212,1.1478260869565218,0.8277915019762846,0.9883494572911751,0.5294936045891516,0.7868799013190392,3.0556838547142995,6.753437386170646,8.551991187830312,16.251898324979212,10.216621317566386,16.559313769327055,235.58562628336756,209.4259210049523,181.13061964005314,21.552554656359465,61.96716994806136,96.82375749890264,0.9735733664259302,0.3311416701409839,0.5283541932476168
135801.5,2040.7118861675262,0.40978026872936624,1.1818181818181819,0.7752333380904809,0.9595244824418852,0.545643961597441,0.784048363347729,3.0196779104986318,5.661352551950174,5.890207715474685,11.99489824570666,-8.809095746155425,11.719906224120301,198.7799029102609,162.96516763783418,131.84472935627394,13.725952460065969,85.64384760638944,145.626919006919,0.9563591927411517,0.016985949268971005,0.17501887800580915
56027.0,945.9066350460052,0.7868839531778583,1.1083333333333334,0.8776159147869674,0.9889415481832543,0.6803457419966673,0.7826317479570332,3.2836981486249863,6.345218041772881,7.859621007055307,14.995080795446203,9.574617360985993,15.387206637614378,202.1015609704003,146.8221704074186,95.34337789010911,19.95973871099799,132.61730416674084,157.62102195523133,0.9363525789033714,0.0323098450729894,0.3782466852219383
124792.5,2871.069312810898,0.19024401135181163,1.148989898989899,0.6925990675990676,0.8796970220325183,0.5042718528525096,0.7530472226138596,3.109708365621628,4.4350937607280905,4.656709953076282,-9.359414631129109,-7.08502830547604,9.347015945666353,204.162641933276,169.6323862340078,139.6041048770643,14.764754918306101,80.36492866043066,128.4359633319203,0.9553535028891564,0.018122046895139188,0.1803770938903104
223845.0,1816.7981131076813,0.8522046935026075,1.0846774193548387,0.8388483331334693,0.9942303592367552,0.41366397584080966,0.7923646175044715,3.5197598646958,7.231754117341358,9.477501244343378,17.846834310372703,11.33548416800216,18.42407908063318,203.8044172355878,168.44271522989,116.0858225424613,29.313591626397944,117.42543263801713,205.858092372256,0.9479028688091139,0.057054796515393885,0.26917466558099
53471.5,916.3645654916763,0.8001946744304316,1.075098814229249,0.7770213322483144,0.9786235232752862,0.28029685209502403,0.7957046666347347,4.1868040732357885,5.052464495862754,7.715105686730581,-14.33120940228273,11.259959550172415,-14.190126010612284,181.6291044195456,138.7462846249611,87.71064814814815,17.709033613445378,128.76702069716777,439.991209439528,0.8553114826664333,0.01579764065534798,0.17094301524936445
67618.0,1098.1463123559952,0.704614814661633,1.026936026936027,0.7464591267869957,0.9700873707014045,0.36932959166490903,0.7926654931856205,3.774591480900855,4.629001958166303,7.827699702833713,14.352354671307776,11.117441683678496,-14.120118322923103,125.59022589128655,91.27267185676716,67.27770520925858,40.257031889510074,122.12186286291517,252.4883794521993,0.9104443387217938,0.01369110169674696,0.12567045277366767
135265.5,1426.780867099762,0.8349920728460234,1.0875,0.7773879310344828,0.9887865087226196,0.37873016741567755,0.7955610730265574,3.807130804937233,4.528333328380642,7.703834158307916,-13.890188529235818,-9.808813981387585,14.099096776354894,182.89760495359786,86.99146140220732,57.39780176524912,7.4150227847334715,180.23300228604302,171.72901541786524,0.9504468436334708,0.014058343382760284,0.1417297845375166
167627.5,1724.9533175230026,0.7079465008587207,0.8815489749430524,0.986665136291666,0.9917378597122302,0.5582985915271074,0.7742912374546999,3.3768751150627714,6.3642869375447875,8.086646514790973,15.425312319908976,9.88649030307851,15.507715252813098,212.34535628931192,146.6085098034553,95.54361318859019,13.169185403612238,144.73981308633464,98.37639095950861,0.9741940096701588,0.02259268574949862,0.2883550674761033
39339.5,1277.3595143556595,0.3029789146361286,0.9539748953974896,0.721931659693166,0.8726403584658725,0.4988427347634439,0.7398389800712847,3.5615493293221703,3.7534261788716488,4.335163250802427,-8.673145613872443,-6.11639429915703,-8.44443100911086,137.68147850542385,103.55186822016874,53.688763894469,24.326315789473682,151.39426811303068,126.74282167530222,0.9553843160349395,0.019222394782269916,0.1908251886375947
52363.5,3258.1231343746185,0.061987417619627144,1.1858736059479553,0.6102189695959725,0.7397385094615498,0.5612624339783843,0.6535359974045805,2.9017735974091847,3.2013058719617336,3.60914966245792,7.015171956221751,5.07601408055358,8.23309752142613,144.48859461264908,90.8647268011867,70.57390415938072,8.932844764917382,135.32986227086076,506.6546428571429,0.8361057349112418,0.011050616568463947,0.08158347277107356
236249.0,1929.269113779068,0.797616665662695,1.0846774193548387,0.8853317244273894,0.9945065122035411,0.6050726666675182,0.7849330867016331,3.4700324209812017,7.1298798268333154,8.918914423376778,16.945964288331403,10.680519738362094,-17.901166395232202,214.9502758246336,185.89668253026497,144.53150207657447,30.40724844414709,89.06720148452983,155.6446147614648,0.9565164130973073,0.12825451885395617,0.3254093788343831
148631.5,1726.9230026006699,0.6262889887059582,1.119904076738609,0.7632343803757851,0.9691736383257585,0.4535710450836816,0.7892595986225273,3.4544703758221953,3.9902277354768487,5.607602093484324,10.428736140730786,7.433459888010243,10.912545458184958,179.21111873099173,120.74984346114856,41.36787375514342,20.94004561989385,196.86478770350053,348.31676023654455,0.9037886365047845,0.018522142764475485,0.19500773894500925
211497.0,1876.0,0.7551763965615274,1.4867724867724867,0.9955798452239734,1.0,0.0,0.7447118282617905,2.334929592241956,31.77478256553317,32.72902507497249,-65.33570885292818,-33.967553226918916,-65.02808009364536,248.05963947502505,246.75760317655534,245.37277966161253,16.61898905423687,4.525097949645976,11.753735693090297,0.9807493125429423,0.7585929648868477,0.854634720237609
49643.0,1072.9503519535065,0.5418868718249308,1.1910569105691058,0.6887399761369627,0.9293483347997828,0.5092532800194363,0.7762839611093741,3.1220698579414683,3.4178503336139197,5.111178279161369,9.455834171705014,6.8089693838303464,9.630980569357948,146.98565164539377,113.9575627333507,61.3030954241556,30.537488061127032,146.82078666319353,301.7226756175683,0.902213178598875,0.018427445493124965,0.1871623769765378
32598.0,1178.1564149856567,0.29511746711431963,0.9675925925925926,0.7220893141945773,0.8392785880717293,0.4614573675730485,0.7590755057468592,2.868375555808808,3.4606983124285726,4.705642649338623,-8.797314268236969,-6.2011632679331425,9.496688456559987,163.07960756832514,80.59737210932025,63.32575332866153,27.33594954449895,175.3614576033637,284.76625320786997,0.9162247499334697,0.01334174661166885,0.1287396809503472
36427.5,737.688379406929,0.8411885382297158,1.0490196078431373,0.8344213853765805,0.9864198868098243,0.3456641887812631,0.794492060274646,4.063746676862731,6.697489948531091,9.43406235961527,18.524399103621533,-11.543507350782471,-17.50178647190814,175.15608066396874,179.3095548391522,175.10840935592293,75.002983743741,24.2917895603265,220.6457361642882,0.937925619490732,0.014895083287155364,0.1338852883223887
178815.0,1696.0,0.7811997852211346,1.1573604060913705,0.99527451242319,1.0,0.0,0.7735081281373357,3.2215953026503925,0.0,0.0,0.0,0.0,0.0,243.60431600605028,240.9440535132139,236.33114119559193,7.924606119822249,8.98443269041065,31.624700330344503,0.9733263992755429,0.6715958858540693,0.7450872233687214
50366.5,1480.3544597625732,0.28881530495972196,0.927536231884058,0.7128410892210145,0.9206843918801583,0.36143823645980666,0.7678037875247694,3.5757070490343517,4.828710225326433,5.460425948817667,10.713802205714662,-7.255766714327298,-10.807177526421551,199.24834802868102,123.92644961738536,52.857880254674726,15.864588563738979,182.08562132197875,115.62337898436553,0.8969237007962777,0.025308076439465966,0.20561115134515814
63400.0,1379.8864250183105,0.41842000230769477,1.0671378091872792,0.7418154587789296,0.9084916745479036,0.44387566925217575,0.7791072057306778,3.447905742554089,3.7846179340520174,5.3773617429214005,11.592186848220539,7.361939107243139,-9.95846885522237,172.20569698774253,120.80345061452698,71.74204754106496,24.233669131391327,142.6430780937257,327.1092338574774,0.8827537412868808,0.02117086198148435,0.23884265590626275
62711.0,1901.813269019127,0.21788023943610732,1.1111111111111112,0.8887613378684808,0.8955004355338503,0.6579685375584031,0.7417900619821295,3.181977280631327,4.506836368394363,4.518502531318407,-9.596529639453237,-7.077756572476234,9.047868604233823,199.30199468683867,202.03280201720025,204.6049349362871,99.28414156423072,14.22452609302535,350.8895648211437,0.7980055051130392,0.023857219362597652,0.17248494121851468
48710.0,962.5096662044525,0.6607205189342453,1.2574257425742574,0.9493646215015202,0.9804257032154179,0.5849415733760571,0.7698518347452046,2.933883345068571,4.6242592255129695,5.9306732972050975,-11.211610372521703,-7.467450571413403,12.108034144218907,193.66637149917628,172.91892504118616,157.570284184514,27.921478583196045,52.33873558484349,322.20803237858036,0.9022658296442928,0.02117981591987802,0.2246252458952416
31689.0,725.2792183160782,0.7570210071613006,0.9538461538461539,0.8736972704714641,0.9708342268925585,0.6966400868820405,0.7829188390091019,3.6839941852883147,4.5045917052074795,6.843765802897217,-12.518266863813764,9.347706650439399,13.932348070855879,205.69834186463663,176.14266964168525,160.03635647722797,44.79664872905455,67.83497396858729,163.0540838852097,0.9505316859284028,0.021840274667944463,0.23310118235010835
47746.5,2799.6967309713364,0.07654722042664938,0.9419354838709677,0.5274690676093681,0.6278345025279588,0.48406527876627264,0.500037169576647,2.9047690898669196,3.6984784563759168,5.021429488512793,9.581620659528339,7.328680980447335,9.491467129326162,237.43155176653826,226.32426838265434,209.654582342815,15.217681777194853,33.160853348635136,88.0900788709008,0.9693747706323463,0.444852573487375,0.615140983895151
80626.5,1285.0853476524353,0.6135129408858939,1.2836879432624113,0.7898054543317268,0.9747388655157406,0.5780600756731061,0.7595999364622577,2.7104018494112716,5.468350872304757,6.053197846931145,-13.08676448662662,7.455485245386355,11.814591346385678,223.3934735297095,166.6871646927827,102.47379542463813,13.13180736916692,145.74467304383035,244.34284443314692,0.953586947213898,0.19855397918085427,0.36515259849046566
56213.5,1478.4621088504791,0.3231692968571262,1.1029411764705883,0.688890931372549,0.8693167759495237,0.5282103678374741,0.7646044992295062,3.2297440676877662,3.592146017239821,5.331163639704803,-9.794493402281653,-7.396137791634429,10.850033691920023,205.32442932524114,165.2171560005412,154.11110037304059,44.031872740978415,75.16545219088853,219.22595610307593,0.9520921372272556,0.04232643463274303,0.22699784750646204
7746.0,356.7350620031357,0.7648843301434373,0.9619047619047619,0.7304101838755304,0.9570051890289103,0.45538973885944795,0.7917897471042091,3.496037407673461,4.669770014199666,6.744156835340292,-13.035175521152459,8.507677208290941,-12.466389723808494,129.16262419637638,79.55245470485096,51.33620689655172,10.897136177673874,163.2843366452367,289.5388437217706,0.9067088267701428,0.014372089048507064,0.07890142745423825
75695.5,1822.4965945482254,0.2863824994052415,1.0122324159021407,0.6993495754686475,0.9131711966028495,0.2953031664010703,0.7922126162164507,4.010715348647417,4.318182746613436,6.7501952077582175,12.305213497871664,9.778833852393282,12.803755283283397,159.41027284809633,76.27980611367367,44.74069267453678,7.93271831756704,191.396513173325,556.1978751660026,0.8417329918630585,0.010460876629689348,0.07754905871259357
41731.5,1390.413336277008,0.27126015771653506,0.8634686346863468,0.6580802346485003,0.8356829605302681,0.6651461732527612,0.7403658583580242,2.6928575901561933,3.376361120847626,4.488574042903155,-8.42769772370321,-5.907056786062368,-9.181128447084369,141.63372759483119,95.20141204668612,59.88333680700292,15.67554189245519,152.03272196748645,624.2314829500397,0.8264140597289918,0.013190006751913468,0.12025635830715717
104317.5,2652.760655641556,0.18628200304953774,1.0504807692307692,0.5738288813589156,0.8436650815217391,0.7580563512541312,0.7332679473721568,2.214576296627616,3.4196702375914456,4.7682999437178815,-9.788931830839667,-6.204317507823524,-8.865350685761067,200.2292267378922,107.57385093230543,39.10822431986726,12.637306380955273,205.17850891836386,275.13592519484746,0.8013861035480091,0.02630019808614984,0.23289123735512696
69179.0,967.3767700195312,0.9289510614516925,1.0422535211267605,0.8229325275980206,0.9906631725165042,0.28656627548215335,0.796517977744078,4.129828230260639,6.973542146867,10.065493072052412,-18.894359613174565,-12.40849824376296,18.644776416980644,214.64302075624624,179.73228318708814,149.64811290834126,19.062762096063715,80.96701554075483,210.29752154026167,0.9614169083259347,0.2350783740763545,0.3480716284907471
101665.5,2085.3393038511276,0.2937852634648937,1.0237467018469657,0.691357478987025,0.9149821801425588,0.4195962151023046,0.7857178234828249,3.745247321102691,4.006183211612106,5.566631673749585,-10.528687386870647,-7.675710262296774,-10.481030411700836,157.56929547616988,109.18619712827609,67.99332886428509,35.5895791886515,142.8942349277744,153.73210873718952,0.9540361635238622,0.015602841400172715,0.16398749279945837
18571.0,1324.7148512601852,0.13298429144584295,1.2549019607843137,0.35560278799019607,0.43518301541922483,0.6753477152408761,0.27804383045731457,1.4851381162114485,1.9870640022322883,1.6869394233076749,3.655416161953645,2.60096068342213,3.6953274354297494,231.15714733214995,228.58327242351467,229.2484076433121,101.08358567401065,14.415265740837423,115.3451285306252,0.9326150427812245,0.1261164147025654,0.5743868335988069
185919.0,2185.1555374860764,0.48929291656739016,1.1818181818181819,0.812583041958042,0.9650860390874406,0.6178024641600929,0.7796127233477432,2.830190418785968,4.986539584767973,6.038631258384058,-11.950708739751159,-7.878700878658971,-11.588782661754065,215.83212768471927,179.4975399792251,145.40040181375994,30.002960732968013,86.08151345702895,114.53690476190476,0.9758034786175632,0.2219172615226422,0.36278646050669816
102525.0,2090.2682353258133,0.2948734019334412,0.9464285714285714,0.7049686451399967,0.9227757526663967,0.5655715189579763,0.7666285458150053,3.1260334610474096,4.323969419837116,4.981957687181329,-9.715050754427569,-6.569502992659072,9.890236271942504,205.88489215793612,159.89378029481142,128.75654666520688,12.886673766559504,95.98598600591215,105.91682740606791,0.973294860268561,0.020821860748422037,0.19873092129500403
87158.5,1133.4528793096542,0.8525358907844327,0.9634146341463414,0.8409086523618401,0.9906401309358732,0.3042602927931246,0.7948453724155188,4.310398556996469,7.854630750081512,11.287333821835274,22.121788852702466,-13.466784739243188,20.858962438808568,185.61341304289937,177.5254440390914,162.77354672063484,26.020797273187227,37.52140974089953,132.61323226651695,0.967127786031447,0.04814813332032871,0.31375810996344433
84771.5,1121.4528793096542,0.847027813460889,1.1409395973154361,0.8366709435452033,0.991723113279285,0.5266683407014272,0.7901181202419423,3.2040032698482377,7.44771411808556,9.789047980424757,-18.733574884084163,-11.999441517491249,18.462132987453174,214.02181558693104,198.57743344037243,169.4652972458671,29.247345260546748,59.42693307508028,70.39026439422516,0.9783381322130217,0.09429787117713044,0.4692444897030524
103207.0,1350.690466761589,0.7108980927401649,1.236024844720497,0.8053231998501826,0.9763404851099254,0.6447247261112392,0.7770593440089919,2.7246527915613017,4.69438831721033,6.364081147538422,-11.897091592218453,-7.7869164445729675,-12.775078710736613,201.09966956433328,164.09912053276398,110.29219663463982,19.53720705607239,117.33661735549795,216.7404358155157,0.9398725390703363,0.02204161539513834,0.24096612459829236
64916.5,978.5411919355392,0.8519355408396697,1.0,0.8399733450649552,0.9901090520857164,0.09184026839419736,0.7952616692137618,8.945254406822148,7.572923969154438,11.112727872557823,20.90766764011512,-15.592422911728923,-20.48446862367217,217.15083778643236,200.8627841681007,188.67635177973008,11.283271442804093,38.23889140476406,195.20123986647593,0.9569788483983658,0.31665502102123333,0.42427124772723274
77467.5,1137.8447927236557,0.7519056568366344,0.9169139465875371,0.7439284376710553,0.9733932273669661,0.4599522553842731,0.7937013371660404,3.4570569773136812,4.798231726764044,6.737371351084469,-13.501286053393985,-9.877412926902094,12.50739491078245,158.25789461684033,107.29175311794616,52.34713513760004,15.21562279121731,177.92138443648966,256.4291037909459,0.891081356301504,0.013548833883864774,0.10318376170289373
154046.5,1676.2670258283615,0.6889303149859259,1.217877094972067,0.986920839526421,0.9919636561500891,0.9079582954116296,0.7675277644862791,2.9163255227916673,6.017910164416872,6.9846993375469735,-13.71213824647941,-8.97773985799658,13.580540212991714,216.75657548071342,211.8544686475721,205.2810777983192,27.41295358536738,18.312988416436692,169.12075848303394,0.9595254487208202,0.3868885866841448,0.49085404027630136
60816.5,4686.019664645195,0.034803512222271314,0.9613259668508287,0.4827625896996253,0.5690752229364924,0.46795300923413136,0.4723813161485979,1.9646451721446148,3.483819878493494,2.8381862065641794,-6.257726369240622,4.260901936834609,-6.0778960250508565,233.32681726757428,195.99604381721772,169.56124603135027,9.189381472431391,73.07190943998404,232.0757443961191,0.9469758248716298,0.35127157176667956,0.4285145296839227
89660.5,1118.6732280254364,0.9003358242555628,1.0817610062893082,0.8196257495977768,0.9895810914468928,0.4359271617124797,0.7948374688967526,3.5910029414721416,7.156428321162545,9.538071122820638,17.919651426576777,11.455236888619455,-18.302796608995607,189.74180163967205,149.70970805838832,139.63083633273345,62.48065386922615,82.89182163567287,151.8579036369602,0.9548104427589287,0.017818324009376035,0.21744959903669014
46429.5,2492.118960261345,0.09394341254034326,0.9861111111111112,0.5676533157276995,0.635432990043453,0.3141718184564588,0.5577180915612596,3.212874862800231,3.602679247459567,2.7147344130961217,5.9519392805344244,-4.477584565405194,6.132456939735071,206.25267752784868,202.03036519333062,194.41161176442526,51.432244829807026,21.451780645469075,137.61892688109728,0.9602707143247886,0.12605972612997635,0.36643889220694675
77628.0,1130.6761870384216,0.7630478445011247,1.1798561151079137,0.8513335672925074,0.9909556847701901,0.8206454652892592,0.7733800818532743,2.905422426589687,7.018120377908172,8.074578553955083,15.621834341815816,9.54001984444686,-16.811116936961504,241.17134734665748,207.6927549965541,177.9645072363887,10.698397656788421,69.81308149552034,154.04740273853514,0.9606208210635392,0.41761660768092074,0.4941367495872887
78694.0,1114.0874364376068,0.7967332309877305,1.1311475409836065,0.747864100736517,0.9785863509749304,0.44622387093162114,0.794230242624339,3.4990310352879677,4.900612614963942,6.904106391522738,-13.903254719560294,10.208660485915964,12.807860884169504,147.667993177942,109.19662584699539,62.430250603076075,17.431433707727056,154.60562666134015,412.3972518141115,0.8827652752435661,0.0109509270951786,0.08917688839880467
57766.5,929.5706294775009,0.8400809415707141,1.2,0.8357421875,0.9900254505257204,0.6048199013439236,0.7855258628468191,2.9216164646270957,7.187490214968935,9.6644329120732,18.48550135031221,11.407115182626356,18.128798693375835,201.00124524386027,145.3220511933587,94.31210653753027,18.30963334486337,132.6128329297821,133.54881450488145,0.9476599141541847,0.03100223783896342,0.3668368915964794
45509.5,1669.9179521799088,0.20507922189608083,0.9104477611940298,0.6959490457548324,0.8409231593632491,0.40064762612074517,0.7191342094679675,2.843819243077173,4.220963453875698,4.11029772716433,-8.356212480904905,-5.53237600738297,-8.530897235300783,178.7964918898529,172.62169935873254,168.41932289701998,51.22677763108261,53.25021218408148,162.7201099952176,0.9333893635848117,0.02028368054461015,0.18810659063416185
95464.5,1399.6681698560715,0.6123526387078801,1.3808049535603715,0.6626810034847076,0.9080009891855388,0.7719221218190961,0.7121973744812203,2.194981451241874,2.7950902879322483,4.1693310616414,7.699657368141376,5.366687621183496,-8.002389566775925,162.3168317999528,100.74044585987261,73.06735079028073,9.17007548950224,145.6333215380986,299.74076312359284,0.9246931666169721,0.011557323270084912,0.11582368071923752
38792.5,1654.6387314796448,0.17805380576903926,0.7666666666666667,0.5622101449275362,0.8208923640134161,0.7804869645809879,0.7120800282913378,2.0474178770285887,3.806403569062477,4.588224736243998,8.797158235901962,5.68620301204644,9.42710895406368,83.63995886312641,89.75972326103216,68.02888930441287,40.78752181500873,80.78655572176515,379.3372669637813,0.8749652902350776,0.012047171386535384,0.08495299732281197
50153.0,1311.5188938379288,0.36640186656426865,1.0227272727272727,0.7036054994388328,0.8562550685048445,0.4818347025154495,0.7632841375460967,3.1654249224551507,4.09186644309099,4.777770885314122,-9.214137136946494,-6.3841482261264355,-10.286912444720645,133.3624388569467,127.47215309362396,110.84336651506051,49.54535312794989,50.6067750793787,473.3998261247555,0.8793171892494906,0.01362487223131559,0.13672343976852122
128991.0,1390.5483322143555,0.8382954261535633,1.1297297297297297,0.8340294840294841,0.9930099538872509,0.4981131957959093,0.788711658535904,3.1640940273292375,7.209895395795135,8.982211808663804,17.130490882124434,10.666519208039661,17.41329101433928,201.86120486587208,155.58922230425762,83.42391801146151,33.15409766902225,159.39448194634883,192.5256287975131,0.9450275317917672,0.027500113935785976,0.2513053453818602
82535.5,2022.212326169014,0.25362796907253404,1.2027027027027026,0.7832476085636197,0.8800454227998997,0.6955527294086866,0.7371743515260232,2.5013453216169963,4.145119386392018,4.587490815833332,-8.957093259319759,-5.840354132933586,9.864737637879085,199.62353260132846,152.9010166734445,123.74505896705979,17.672292259726177,97.8720482580995,117.51384447177807,0.9488674292685373,0.021313516730965567,0.2409677401449498
68955.5,1219.7859182357788,0.5823868298192959,1.05,0.7296878306878307,0.9420472010656101,0.4209537225736336,0.7936709397037672,3.620978246489149,5.657735115537316,7.099037934536669,13.531270994793907,8.914654356521776,-13.806589935575971,205.85913019284607,138.88074495278835,85.43832924687429,17.079938094492842,147.5171022658111,267.12480222214407,0.9120662949336669,0.012975823288992654,0.11160434573053064
90112.0,1181.837654709816,0.8107311257150485,1.25503355704698,0.8085274378207659,0.9904158973006243,0.663179701895113,0.7731927942699075,2.6250857648259265,7.257935960665648,8.815974987588701,17.410975652191517,11.749847901163436,16.870222294417676,194.1867683575736,142.6150483960878,112.00481427051133,17.474142299701008,110.05633963411545,121.62601126472094,0.9575911141157392,0.01961552951046,0.23757216964884675
56845.0,944.735062122345,0.800353903504129,1.1083333333333334,0.8904291979949874,0.9891247607447364,0.5146007917189186,0.7867233361674922,3.472783706703052,8.313808751284194,9.184194643047872,-18.369551025458325,11.020501735155575,-17.964451774994302,203.8523626039343,150.43465275345218,100.2421046809609,20.354602606884093,125.95813130288897,99.84436109867143,0.9529613879571168,0.03638328615068831,0.3829944075405946
121175.5,1376.5168067216873,0.8036401902158027,0.921875,0.8914158133239172,0.9926763032534744,0.4389935059859352,0.7875734865064186,3.6745983676520098,8.173820314226631,10.356373996856043,-19.748415375913385,-12.19515787200469,19.798430560719286,226.81465467039368,223.36726939203356,220.49571977638016,26.23469892848824,9.910653971581645,116.95475417507532,0.9551259143630897,0.4487282687755676,0.5556353150943291
125841.0,1307.4255437850952,0.9251200497227441,1.1189189189189188,0.8215236976106541,0.9922178067934525,0.48595201295777773,0.7926531228322005,3.283517616529475,7.751673704795551,9.929369121352488,-18.952493511838888,-11.832978795156526,18.8924544518386,203.05851217678023,147.26085112126646,99.7127417519909,39.3238657179769,135.49571932666166,174.66469302064587,0.9509956361379333,0.02262379520322742,0.26199242279146984
69145.5,1757.747253894806,0.2812295352785942,1.282442748091603,0.7854586968375137,0.7908217533024533,0.8507023374597535,0.6657127225942728,2.512058254627427,3.352125145936743,3.342563238852501,7.974549178983288,5.019207635769848,6.6904936462151765,235.81635792473605,233.11232916639676,230.15692402357664,60.11048319191657,9.892140034976357,61.47614927517304,0.9337214170282219,0.12473131674283275,0.6370349815014505
109968.5,1825.3250242471695,0.4147608440851117,1.0898876404494382,0.796134744584733,0.9458313443683262,0.539028500032205,0.786010681609542,3.37924608656124,5.463858797099342,6.062910586548766,-11.995759912639873,-7.793702138593946,-11.959382394410575,228.80481211742102,178.40754434565034,146.33978597917877,10.485344712032527,95.81562486037264,157.96058449866447,0.9682429306841248,0.25301664384251504,0.38802107565464933
71954.0,1467.793059706688,0.41969630542822195,0.9388379204892966,0.7167518353604478,0.9431827863963769,0.3392603660161135,0.7873004927378133,3.7049965785899612,4.542257598741696,7.013499044999341,-12.87233603200557,-9.19122300650901,13.04484598760013,136.70819188645333,101.01188921829157,62.461175711586606,22.611664951383233,132.13204098247337,216.48933148062378,0.9275858526591759,0.014843532853524494,0.14116856714367856
111719.0,1230.656002521515,0.9269654664649704,0.921875,0.8218499882297552,0.9927312794903009,0.477776258959754,0.7946623874763256,3.524926430096226,6.308501319540671,9.285057095750407,17.484536325907186,12.485648792531045,-17.118801703036613,201.90707072743032,182.21383508354666,168.0160945719872,29.14073932235503,45.81047306149598,200.61252653927812,0.9612815226028842,0.22958896148150298,0.348746211898337
38367.5,1815.4570553302765,0.1462855421403927,0.9115384615384615,0.6226468679000324,0.8093384803611358,0.6793853647730862,0.7210738655675127,2.4063265080193355,4.077242873309901,4.92150145111817,-10.318165554834039,-6.615068761681282,-9.424386617790848,133.44000557957875,76.94543171990514,59.54526433254289,8.320518900822988,151.61849630352907,417.1060171113363,0.8794576843752144,0.011157988160897244,0.07811796221315949
63968.5,1766.080294251442,0.2577241652092067,1.0134228187919463,0.7107927018978621,0.812850635034595,0.585221106302268,0.7003884652651601,2.5115583397934493,3.122484045686756,3.781685774287829,7.309184096964017,-5.797623422648843,7.50004007744413,209.28775371099667,203.65976219327476,198.07111481369282,26.81374962132687,18.614094213874584,226.94872826170229,0.9495450321250832,0.3443928029082159,0.42252912342796484
48848.0,2476.714851140976,0.10007016925538137,1.3235294117647058,0.31926797385620914,0.37259680476577306,0.6866854793751781,0.18075350124808134,0.9143024821971815,0.6951582617334643,1.3586789583446293,2.83021085772434,2.6360642545101105,-2.4156020985017292,231.78504616377052,223.90751118816274,218.19906866104907,77.77728500584607,21.79194049106963,75.9926419632302,0.9692728673471941,0.1930680604961393,0.624638530098846
316434.0,2302.485281229019,0.7500656550630316,1.4382978723404256,0.995952410927861,0.9995546079128169,0.9977786160822644,0.750011829559003,2.4142276245795493,7.905298363619623,9.493423262699356,-18.214522845261683,-10.75889087208372,-18.70332246958195,238.75696605292094,235.56313314460849,233.6473984044171,46.13789977306226,10.83866948974101,38.51064905145866,0.9712813803618235,0.42549241452466546,0.7362035132311342
39171.0,1915.3321648836136,0.13417954623776737,1.2459016393442623,0.5280818593615185,0.6438786244986521,0.6545531091792556,0.5080365228477618,1.983568278439075,3.1241741945453727,2.8346832898064696,6.298397498766099,4.423085575791669,-5.838809160370843,232.44194129436536,213.86977699977166,180.89816576604002,19.904939493112106,60.23236167136007,108.5430702968774,0.9673933174381044,0.28578134591692933,0.48686040264318786
88663.0,2876.802285194397,0.13462702720824826,1.0129533678756477,0.587460079774194,0.7504401259437316,0.291355929430207,0.690629197901089,3.4100083686215346,3.5525553937455827,3.7002933339746136,7.339235989005297,5.522937448340979,7.952551408258607,168.98597367779675,112.54963441384353,56.70631245430173,30.95598342676091,156.66771874238364,123.45999263894001,0.9442465945056883,0.01822686253612897,0.1810558968897577
30680.5,2134.344356894493,0.08463369785819015,1.1416666666666666,0.46655261557177613,0.5959056433364733,0.5481733722620941,0.5651321095205726,2.2182615463959516,2.702392665362046,3.1929398018881896,-6.3434685026919775,-4.557562593400768,6.24897366591176,237.59416310109205,229.11475828596974,221.5837856823552,8.775815824765312,19.887061753624113,112.33009740259742,0.9540185157154293,0.5710730340405666,0.6204043077349839
90810.0,1337.4011430740356,0.6379992373697682,0.9885714285714285,0.7498761354252683,0.9725405359093537,0.24074434634437114,0.7966474756112446,4.456791139438919,5.003045816345269,8.245743743991726,14.926094652331923,-11.940864250827746,-15.19196945026099,175.74866039834194,95.82661004954,60.39693773239421,9.34547680832182,176.67972005976253,760.6514925541771,0.8399742906229164,0.008848520738274723,0.07206095389892812
67435.5,1221.1828877925873,0.5682468356505712,1.1452702702702702,0.6720431714900742,0.9462174733577948,0.6287274108945518,0.7730924849797846,2.7650113484158747,3.8028096432616376,5.009209292081789,9.434301451075164,6.398707217105552,-9.952747581396503,205.03665195601764,143.2732739920712,56.535133517839775,16.32855112573865,185.18242202109357,64.65787409887491,0.9762935807912997,0.020999360055549823,0.21103711576868592
69656.0,1099.8031650781631,0.7236664939828029,0.9192546583850931,0.7308208829947961,0.9737535560261975,0.3733291270409523,0.7953752123160898,3.8539524607081876,4.7291477199036684,7.4406194610306535,-13.546419044102539,-9.398514141196225,14.044015027969014,147.15115400358954,87.07585251424793,67.72119714096792,9.65258666834598,140.6152586668346,345.6758205274141,0.8833363571330971,0.011746930112838928,0.08900069333627003
117424.5,1560.496597290039,0.6059585694176124,1.0285714285714285,0.7701987406532861,0.9337301255978722,0.2216927334459358,0.7911881415177194,5.586097972685874,5.3752437285889245,6.023147339890692,11.765617573352074,-8.819023207116821,12.093881133888965,174.78083524358058,122.85082734575154,72.1225319284187,32.71166181881224,141.5658216631672,142.15659526711946,0.9482919943560135,0.01666692278376057,0.18557380738546544
159012.5,2321.6782743930817,0.37071235034144345,1.1631578947368422,0.9467283877113598,0.9514015616118706,0.6257286507535045,0.7597953633086418,2.954700235344563,5.1649663765383025,5.507465145428529,-10.938450219317675,-7.050001607325158,11.069388246060516,176.64701531500174,163.55357350040606,150.1798497505511,53.830621301775146,58.57337713191785,319.05079769796754,0.9044231741554746,0.01266631021132875,0.12033897284261308
75360.0,1078.9747375249863,0.8134450127506355,0.9746031746031746,0.7792771831859779,0.9790318808948476,0.5021215593418451,0.7915395439061268,3.3049722966057855,4.409267654045122,6.283437940462088,11.629791964867426,7.958693548225346,-14.25371937671326,156.2272201135966,97.49771191687528,77.71732751891032,11.526649438746668,132.8576139330803,425.88380453657464,0.8910597240500768,0.0107139386421919,0.10239451010543042
168739.0,9095.858525276184,0.025629370622092064,1.225108225108225,0.6452931638444006,0.6478375213560363,0.7421659374728401,0.5248346443137798,2.2556355950432048,4.177334753870691,2.994548505753939,7.202389777290566,-5.568432314698682,6.5932441415102305,215.45270647140467,176.46318731921187,124.39259076699571,42.701010467876465,114.67387441142516,175.2829283887468,0.9265046120170213,0.03691281218232659,0.3301080695753358
125844.5,2149.363688468933,0.3423137060594204,1.150753768844221,0.6903760066709091,0.8631961259079903,0.5601066869267948,0.786920354880712,3.3974800234092513,5.172634184483017,5.533955012691488,10.957286142875896,7.232819417540383,-11.167042330354139,167.3800282714055,111.51850767366722,51.64278069466882,18.47561591276252,175.5764640549273,248.21228709224476,0.9224299312292255,0.017479598083787923,0.1756869537817398
60140.5,943.2274836301804,0.8494620963821031,1.0303030303030303,0.8375181038324421,0.9883645447299441,0.2907295001704086,0.7949299725051869,4.451965440800421,7.410233056073452,9.870211903490356,-18.53689308981907,-12.134061743597655,-18.980622276614273,217.1479222805276,201.7545501820073,189.4497234434832,16.339313572542903,37.301777525646486,234.73156384505023,0.9468656316456657,0.33736439892511416,0.42823936831200526
62326.0,1010.1463100910187,0.767556857000532,1.0105263157894737,0.7593323586744639,0.9849319289817398,0.1761748436346423,0.7969423034891308,4.839158977235213,4.633384228159439,8.83062122845847,15.63166356313369,-11.503754113213907,15.845057933992473,139.26701642425073,87.36554235264177,38.24877160699254,14.3819470273868,193.45839124561985,248.023598820059,0.8989573247110798,0.015843512304053335,0.14195497055138784
75051.5,1152.1290656328201,0.7105047317411204,0.9746835443037974,0.7711193079072826,0.9728186549317226,0.48176845690894554,0.791497621928744,3.369379897144808,4.465613013216045,6.184873856733696,11.517158863139514,7.883079018516023,12.25817092649447,156.23328350369684,97.31360349076806,77.47242535655126,11.470593780722664,133.24215856598386,426.36752496201433,0.8895839756708702,0.01076027506964969,0.10224019186903824
47102.5,1363.702659368515,0.31828373619796485,0.9111111111111111,0.7091613971695272,0.8756576378948151,0.6439905061750311,0.7549628222826303,2.7433462379886735,3.8943562646659893,5.278176606814556,10.087193576399283,6.8394895410449275,-9.960847442856878,140.60132983301773,107.40749268376656,84.74984937166465,15.240704079876053,108.10074883800998,942.8177135405347,0.8225301367568728,0.00989191274460222,0.09372078377883655
69342.5,1013.5605255365372,0.8482228803818231,1.1408450704225352,0.7535917666492784,0.9882353779500627,0.47054797773075724,0.7936683853883352,3.37756052733697,4.7247823238482125,7.224021399709734,-14.78254193089944,-9.564611740078371,-13.198570718159758,186.94977908914404,135.17937349987005,57.53549097246641,22.430676797480547,179.10177187323234,342.04356955380575,0.9075987443129246,0.011669502018193936,0.10839199936667904
57751.5,1477.203097820282,0.332577384346203,1.3189655172413792,0.8134930696416498,0.8196992385156378,0.6738687925002024,0.6674435222311098,2.3453112100956264,3.523736304152759,3.419586744800617,7.2169109056019884,4.919224720938716,6.946090864742559,228.47841238744678,223.945277474287,218.5435519722714,60.056210677014654,16.975699807858945,97.90956901461934,0.9571496165653717,0.12619711863814057,0.5576859705303842
57795.0,1124.2051850557327,0.5746573477022539,0.9578947368421052,0.7428185849238481,0.9648097758042168,0.3405609371309877,0.7958194820541211,4.1163151783363725,5.0971559004748865,6.948566586075306,-13.718716677636522,-9.916509964721811,12.978494653395892,186.15759472448866,192.17156588800717,208.14585894713312,115.66256845870124,38.923818039566335,205.04637779282334,0.8973777976273846,0.016569490318688717,0.12899573791656777
72935.5,3055.8001993894577,0.09815194696282765,1.139751552795031,0.6171873677797146,0.7651606947089031,0.7646734936610949,0.659917392638092,2.5063352305628412,2.86983471816057,4.782489961370865,-8.614809111463034,6.231672813465281,-9.38542270340481,218.61090964037473,191.87834525368524,146.35468923138913,20.307041402236326,84.86100198112891,424.5993051339135,0.8045084224643233,0.03255622911261834,0.3056849382537264
74216.5,1284.953317284584,0.5648532522827238,1.123076923076923,0.9775619072708114,0.984708567182794,0.6323220432808325,0.7707737079866329,3.4244999628976656,6.586619912554519,6.3546388979875195,-13.315365939592477,9.211521638815336,12.849275712169575,33.271404041210765,30.109376247903523,30.10987540931236,54.96681574954078,24.177621595719195,37.86419827899649,0.9623643458402934,0.1647035352960448,0.6964048285297597
96099.0,1240.0,0.7853899906798271,1.0064516129032257,0.9935794044665013,1.0,0.0,0.7781422119969231,5.936956858674122,0.0,0.0,0.0,0.0,0.0,253.31848147306204,252.6090020459195,252.46749261195725,7.731497418244405,1.1667911538336635,6.655135823429543,0.9591591831437599,0.9080476307687857,0.9316968859580084
27445.0,1243.6122587919235,0.22299910001737974,0.9253731343283582,0.734098325576419,0.7962573438746645,0.5144457008615339,0.7208726815952682,2.9227378099047465,3.5643883336772944,5.012640800685445,9.317352471196868,7.027715570116167,-9.872862063755644,160.48996254366398,94.30411177980724,75.11123269222675,18.848701653970792,138.71099701191028,671.2288006111535,0.818255879028299,0.012916293117301799,0.1361041710602034
111266.0,1318.9604578018188,0.8037274258889988,1.076470588235294,0.894133719061395,0.9916225513787141,0.4254555471267928,0.7878912711121729,3.764031098404118,8.834952367894829,10.733574872398785,20.645899369506438,13.273670518860731,20.69340013609718,228.05721292205425,180.98435409995542,107.16208301244376,15.16829475902882,141.1375298933971,110.10873812091735,0.9714140290459974,0.19334306756015254,0.36352716461576223
60227.0,984.0,0.7816474186485908,1.1478260869565218,0.9918807641633729,1.0,0.0,0.7740031884022833,3.271056914135313,31.649676167376803,32.521192150003856,-64.80570379809218,34.81526195435192,-64.71747905634062,241.9761095746082,239.31144475174503,238.2606347952061,24.566363756091135,4.424627946793099,359.91365311682074,0.6532664291572459,0.493819362068104,0.8089412290194435
55414.0,944.735062122345,0.7802060200330339,1.1260504201680672,0.8687758685563778,0.9882562753577957,0.7113769528770608,0.7803798404657655,3.1556561836143895,6.681781561721974,8.09564054785852,15.48614938984901,9.711962488802634,16.526257891875378,209.974386757654,205.02612043526375,200.9934987089635,42.06964680929546,14.4245204721505,146.1987643998514,0.9222355396279166,0.06700731164804591,0.47437989741803843
119527.0,1272.111837387085,0.9281652306331099,1.098901098901099,0.8209271978021978,0.992580166998144,0.4319389834340261,0.7940093073870842,3.4384648053161477,7.183072642748027,9.558133149829052,18.231610605752035,11.637682662712553,17.99059402534406,217.2249955039437,196.80051640418262,173.07476299360275,26.62391131207769,57.31939984071115,86.78036925298471,0.9777620385751981,0.08947585679210067,0.4544484028604598
73120.5,1550.4722106456757,0.3822267194783067,1.1083916083916083,0.8065176148772363,0.9274955128652338,0.5236138964286328,0.7796642391648673,3.043955783021269,4.020998864584857,5.354324834020094,10.158502025748104,6.902672630802928,-10.23283121828261,195.61649654472836,133.33834717555317,84.35982374944525,20.669847207252904,140.685205731313,290.42216733067727,0.9104751969013094,0.0127703407111688,0.11623084842497305
27138.0,964.3229349851608,0.36672685184237497,0.6861313868613139,0.5268287001087125,0.8373341561246529,0.8721338002166958,0.6603570918987658,1.7740238183851562,2.6994177352602753,3.7125677207929106,-7.551876922688056,-4.86895150887239,6.930642692510108,183.0536658830444,97.75106523655599,48.54349103732002,20.915515721422278,190.25315897737292,89.16642974711957,0.9517024624193422,0.021131347215416155,0.1687399406519864
132325.0,1460.0,0.7800924148738401,1.1785714285714286,0.9945060726310726,1.0,0.0,0.7722834180729417,3.1186980764136614,32.47774138100099,32.77578652311551,65.41436080458796,-34.45809573194855,66.04067502832905,244.57021768211115,242.6292837164052,237.88647695488265,8.02321537151891,7.918569865012769,29.60817077659183,0.9680905565637412,0.6568657876155817,0.732826141528711
125215.5,2113.8245819807053,0.3521519259413733,1.135,0.6895126651982378,0.8815540747468134,0.48114051598392615,0.7897871832197768,3.5394200960205664,5.563590782346844,6.1160903567294636,12.582615565650455,7.8859303032590455,11.968398825458392,166.5034884549964,110.9613061590328,51.68711868895203,18.37300496022652,174.58898361190046,475.6598980093389,0.857167614498848,0.017311290543747197,0.17368213304117494
68063.0,2372.729131579399,0.15192338442215095,1.095846645367412,0.6339757263014745,0.7956862286649521,0.7138940080368957,0.7161755376645246,2.425343509160111,3.619151667582694,3.835773544595072,7.916380077861573,-6.0799068597943355,7.610785978673162,123.20679351037428,77.12297199196394,56.162325055290125,13.867860820826229,131.73798389411309,212.81660034690339,0.9282146279349072,0.03260620483411965,0.18033750451586633
63704.0,958.8326021432877,0.8707449849636005,1.0138888888888888,0.7575152207001522,0.9926761616854177,0.21898781824406024,0.7975585564704493,4.882272407304045,4.989846346205947,9.955590121223166,-17.441897480099865,-12.631715519360164,18.036848893360467,138.97916296585782,90.50092372188865,42.709560521547594,15.640601129782926,183.70268589903012,197.5700851033398,0.9190091088058597,0.0157053689337425,0.14451124137516672
53170.5,863.3940113782883,0.8963188797101072,1.263157894736842,0.8097359283625731,0.989623659916617,0.6013778408430239,0.7784132014951068,2.6520500538222875,6.904115881627134,8.372298367853968,16.02862795130594,9.726383549165536,16.55877230535208,211.47129812064262,152.60853667778116,112.53381706577751,33.68471506517126,120.8988519248257,219.16978855435534,0.9391491000874531,0.029929099670499937,0.3729512387693536
65252.5,2319.741324901581,0.1523799759880028,1.0533333333333332,0.6883175105485232,0.8249732921178561,0.5443707856538051,0.6973884334093501,3.3719228132663877,4.414472638844175,4.208717848765557,8.815060085923522,6.1861691508034475,8.584917853601786,215.19432024169186,205.1595921450151,188.2712084592145,27.13557401812689,38.37675226586103,77.6758876459144,0.9786846853263602,0.3027935997126247,0.47542673727041956
135261.0,1438.195079445839,0.8217635253016666,1.0875,0.7773620689655173,0.9879591993251016,0.37712119397175287,0.7955612122395702,3.8083577639138593,4.528409753522086,7.713392988998364,-13.906183771670783,-9.822766841569642,14.109293000580323,182.7903785011355,87.38829674489024,57.92551854655564,7.37666161998486,179.01252838758515,386.923032433831,0.892830040143578,0.01392377927422133,0.14028053465909054
148297.0,1699.5087893009186,0.645201546362363,1.1151079136690647,0.7647920373378716,0.9690840891862927,0.45181301648124544,0.7895166990303624,3.4753425632228834,4.006234006377326,5.6313766806232595,10.473340594540392,7.473221987836162,10.947679693418825,179.3084327722541,120.4354105577374,40.68278544560949,20.900754554842795,198.35458047203022,110.06146126600672,0.9682344360278444,0.01866604504729299,0.19652135065383577
205700.5,2390.516805768013,0.45233647461900894,1.2920792079207921,0.9754016349910853,0.9796988040750036,0.77998949449926,0.7542350339907068,2.635881905300281,5.314021077051731,5.855973222530449,-11.453875427358865,-7.187058600482072,12.060388171941145,12.875379541653821,12.79548193615292,11.85364873828676,21.78964283378645,25.440464512271458,33.162088891390404,0.948291387572271,0.5954609575454916,0.8430321412971308
133568.5,2420.084470629692,0.28658460909849043,1.2751322751322751,0.7331033612153944,0.9021119531007281,0.7044099816514889,0.7133763883490654,2.267663813292552,3.983994530583394,4.558236543768129,-8.829473836266557,-5.692068459185823,-10.455046135601581,221.68800023171167,204.2164187029939,187.00143854330594,11.48891163096054,44.761279048437395,131.7366043613707,0.9689118459723222,0.3701213061668561,0.4703521786895013
43268.5,824.3502861261368,0.800125511165316,1.009090909090909,0.8859234234234235,0.9878765739334924,0.2283552143066672,0.7892217183767198,5.332904847492691,6.5277658773362095,9.16341131320883,-17.584731305312594,11.920835335371716,-17.024888417926945,180.34874001609808,180.38641570181412,173.21147297380966,91.45415144573091,33.28224258559841,222.12001757579557,0.9168921046552347,0.014308724979060598,0.11903815782255678
23362.5,742.8843376636505,0.5319695502014978,0.9659090909090909,0.780832219251337,0.9407276168233707,0.5331536693274656,0.7861381568547914,3.484494657581612,4.495679192820932,5.607146789321047,-10.73938294179172,-7.381283715712675,10.91232859847234,186.0506659083369,180.8827432579743,174.0692923835253,47.578653016730655,49.620171572112426,116.91997126436782,0.9565787259964884,0.022644800492117693,0.18300241061915443
57287.0,1595.7098002433777,0.28272103310067975,1.1176470588235294,0.6928091137770898,0.8660428130858076,0.45935355147265944,0.7631458955955861,3.14879079617252,3.665595660325286,5.4273749907892155,-10.355777023705508,7.230536969584633,-10.014911486877796,206.22603507571873,166.76693457979442,155.69089285374983,45.06903038248874,73.9201580877463,214.54625373477364,0.9541148422697612,0.0491443067426607,0.2339366255276508
49290.5,1379.7270448207855,0.3253769120299425,1.0866141732283465,0.7031053862832364,0.8863045843185557,0.19200258968279768,0.7762205299895728,3.8825453654482165,5.404805525652879,5.089976145360407,-10.493121553072271,-7.72771738764496,10.482765857730808,157.54252031589792,97.26457594139865,45.412155202014425,15.365846400366259,181.14627446491932,184.24102870813397,0.9016949558063019,0.02002930133529197,0.17916861491769953
195433.5,2395.7270452976227,0.42789203519280017,1.1061946902654867,0.86475,0.9604484928605304,0.6215125281322709,0.7780296725070898,3.205852975285725,5.180549300364287,5.855450209706317,-11.401645422112258,-7.4618049950114,-11.83068275758481,221.60361468996078,174.3001510264203,106.43527305949695,43.36938079167677,141.91564273239734,89.04709476309228,0.9754164948498552,0.07054312503271515,0.36786267420699964
35864.0,1252.558436512947,0.2872583072520629,0.9008264462809917,0.6798089316854955,0.68789979956076,0.8428316215119473,0.6152473107574438,3.0446555622007656,3.4907504243085703,2.9617201794297574,-6.191608549139537,-4.48406440216607,-7.076827743640639,221.79977649469174,206.12803129074314,174.54349040789717,22.38238033153287,55.99467312348668,154.3620010603651,0.8857575206400832,0.06023821031316947,0.37497223757888765
96884.0,2488.6946403980255,0.1965706618843358,1.1618497109826589,0.6965461708797055,0.8699564052026417,0.648466209397941,0.7638106452547776,2.8707391256749863,3.4224868290235833,8.418713231406361,14.422822336602716,11.126596336761205,14.587241625019717,192.9841659716907,136.0326505432237,93.56333040110587,19.54315515291376,129.25938788799652,211.28180560359738,0.9387317425726786,0.012813050194212345,0.11774894262103669
177472.5,6963.581400513649,0.045991292827969196,1.4382978723404256,0.5585814553695078,0.6770826378648944,0.6816906813667089,0.526231279689177,1.814223986270068,3.7696940901613365,3.690744664149124,-7.474878272525211,-4.619596896494131,7.749889140367875,215.82112256879455,208.50447004661868,194.3165827685225,40.9473650557448,33.4629956868991,107.25762360950276,0.9725529565984116,0.26290309947460794,0.4845270138150255
120205.5,1324.3544603586197,0.8612430418087289,0.9313725490196079,0.7753192724458204,0.9920687648813822,0.3329879107249493,0.7965034204098324,3.970792919676732,4.639311099723188,7.690450929398573,-14.164454038636327,-9.828142694924898,-13.915169598860034,180.1391288259849,98.6071622668563,35.690116904291116,13.095604814930448,207.06048727466148,237.3918065519723,0.8890069874143111,0.01753175586473385,0.16350572354428472
53673.0,1148.7939372062683,0.5110712664478502,1.1261261261261262,0.967081081081081,0.9753673096668091,0.4498300429525059,0.7696386899367521,3.2952892381000995,5.062329442406303,5.988780804792331,-11.832558835107758,8.477299086538142,11.571364078970197,178.20024215132335,182.10151238370366,179.89704320489403,84.64985768299418,20.356833340413782,454.88436692506457,0.8844747592895922,0.01688860250244691,0.13802783004390798
76416.5,1304.9574928283691,0.5639028320253875,0.9452887537993921,0.7468456493906312,0.9512466856708949,0.42149856003879305,0.7921349362188544,3.6352708904126816,4.810061361341364,6.688430173197356,12.439986628679952,8.515954200040149,-13.425336743367996,151.8612121724906,85.45347886171983,61.951617452125106,8.74965451109795,156.07559861240375,335.7860973187686,0.9029471748884543,0.011588616404650063,0.10413140692601218
48002.0,1818.4793510437012,0.1824115983005352,1.1505376344086022,0.5359818667023973,0.7120162570271593,0.5884768638688539,0.7143689473922589,2.662141859540612,3.177526983678919,3.5655472500564356,7.630794664131477,-6.5919098034528805,-6.946170693975168,164.7096364214062,107.91527847124506,56.60920974989787,19.72976714629386,155.32143343470563,85.6923076923077,0.9590457285578345,0.029426191215561108,0.20370344825310038
101677.0,2137.5819449424744,0.279632111921515,1.0211081794195251,0.6932223381263082,0.9159925046395561,0.42003686535371737,0.7858835484777137,3.7697231970362757,3.989762421491861,5.562902101305474,-10.53782376217956,-7.704844621778422,10.450412845206037,157.8156081889628,109.39599391972747,68.24495736262789,35.48970989337962,142.70208820707424,154.3731761334028,0.9536263128673279,0.015471698768428408,0.16055303691905926
52282.5,989.1929929256439,0.6714352650991308,1.151639344262295,0.7625357330377458,0.954042809437784,0.48039725412381007,0.7884458810645315,3.4198617432524916,4.215986208568573,6.057359825712583,11.505857640265502,7.888835333884922,-11.253019989140903,176.46260012322858,104.84686794002874,61.83980283425755,10.98198808790306,168.7204559457794,613.2600871731009,0.8574521894234156,0.010841645020108242,0.10062420569197286
72019.0,1459.047892332077,0.4251261851777931,0.8450292397660819,0.7286569942734575,0.9485607412627017,0.5552311129387614,0.7871511294575962,3.071574286715578,4.569509946482727,6.653324459435815,12.376483451618174,8.4300264564058,12.46249128572242,163.13232732709588,121.68557424048583,87.89319789755999,17.65861553401051,108.77683924965703,67.77724004855125,0.9716146551235014,0.018960358343609957,0.19459589539743216
165466.0,1559.9453008174896,0.854476045216693,1.0555555555555556,0.8399630441845354,0.9934317963496638,0.3418955368174208,0.7939853864557798,3.8753257766240443,7.108715198032556,9.635423163790852,18.015646709217517,11.671287237001678,18.72423886533304,194.15800276095803,186.56051830047696,154.45976524552805,43.39001088314136,62.469662330453076,253.3274078957006,0.9498472747213039,0.07465197287927315,0.30626348855281144
103583.5,1249.5361396074295,0.833686564219829,1.0465116279069768,0.8364300710594316,0.991191724718671,0.3253100788591003,0.7942773886034763,3.99726802367267,6.863351494422619,9.48002299965143,17.651835607099198,11.538706659873487,19.27106987848316,181.39497883721893,171.5946121075924,171.10028538734093,82.25424289633683,37.869259509464655,213.0734062031848,0.9331472572769176,0.019508115165678717,0.23307298548161703
97238.5,4585.176956772804,0.05812137934846062,1.1518324607329844,0.578525107091861,0.5813648293963255,0.3874472423044272,0.4055734017641565,2.1862694918656684,3.6857610268711363,3.2580749600768213,6.765559414337374,4.535621673963392,-7.140390344935743,221.05381999732901,217.908827547949,212.08605652178377,47.07751969838612,13.568587366323207,54.8472253915569,0.9505824009581005,0.12553928983712995,0.6123790767462196
60438.0,1226.9158642292023,0.5045339374586978,0.9407665505226481,0.7799457994579946,0.9632091032965983,0.3201894218059846,0.793322004835557,4.153187281670578,5.0573792145599485,6.365864855110937,-12.283437032883914,8.503691963279197,12.183879455152017,136.5207287165713,110.55247382148002,77.37591965432676,19.070049437502433,120.57822414262915,489.35443461160276,0.8767882712309698,0.01092961820982801,0.09551392629906241
43683.5,1571.9280554056168,0.22215800213428868,0.629746835443038,0.6946679600534317,0.8809999193288157,0.7980023145357403,0.7341755554659816,2.1194424548473574,4.104502563329838,5.595529777853971,-10.458842254579393,-6.6573398031588225,11.058671834353499,93.89009023024269,100.36073947313835,79.19422837585563,41.7470701099357,73.07726612735947,409.1499215070644,0.8976375743378553,0.010915818646741238,0.08057067335571594
48852.5,1076.5899616479874,0.5296585720438507,0.9138576779026217,0.749869527844293,0.958117596297168,0.414465310290144,0.7885974497283972,3.5555793917355576,5.209815579198223,6.11658803844492,11.870880249742225,-8.240553623416009,12.012386089808011,200.88000588618638,126.38459921377368,55.97338602871618,15.854148710294519,179.04214929891316,121.9385490212658,0.8918283514272327,0.025887222799800335,0.2019770352247042
126682.0,1716.6761862039566,0.5401918280572159,1.1294117647058823,0.9702971813725491,0.9757040585659656,0.34259202961136537,0.7684342074756206,3.1956704627420387,5.5811119050523565,6.088555441443192,-11.947436447030423,-7.71131562806425,12.413145536820313,207.8158019990481,156.94582936696813,113.10619942884341,45.558682373472955,125.37434554973824,117.17834324961065,0.9619030747070073,0.02966970413611105,0.3183965446219163
41334.5,1466.2569209337234,0.24160304441741054,1.17,0.883215811965812,0.8914733697820625,0.3873496952971984,0.7112950791341189,2.743071976373156,4.53304007435651,4.310258087337856,-8.744576376105902,-5.700573364701836,-9.355213400251365,237.15819110934711,205.42213236753324,172.2484123834094,13.443143480849375,75.04068267513397,62.02763819095479,0.986199026148258,0.3783008980533125,0.5697902555246778
74329.5,1637.0895229578018,0.34851880574960936,0.9604863221884499,0.7149542149205494,0.8744286999947061,0.3079314239897913,0.7798232009747101,4.26123442348888,4.109375798325522,6.8336531531047315,12.794874039550486,9.183203156962868,12.329220818583705,164.28320445913823,109.18383015929398,60.70917238175907,15.032678488483292,162.92734774174158,151.0584193859287,0.9463113057755114,0.018288091597363415,0.21274696731270554
48304.5,1367.8447930812836,0.32443209575157134,0.7386018237082067,0.6042065368306503,0.841842469871644,0.8156280514957692,0.7111425371124762,2.0361524776746855,3.1935337759245157,4.366806746170141,-8.147524609576166,-5.387073715532852,9.446395253620732,129.43148341630302,128.99041239014198,97.81463954274476,29.6430663962469,65.60311802183844,74.60390203403902,0.9360186058374083,0.020732417633796765,0.157743056380271
136177.0,1778.0773317813873,0.5412679796091687,0.944954128440367,0.7580887592411152,0.9689520102746183,0.3972199669270524,0.7947618948827843,3.8454734175884053,4.59037563623376,7.224352539267451,-13.714504566167786,-9.619112692936717,13.147078704556236,176.8823203778605,85.4638523558246,47.85347190599916,8.514558165697908,190.4476914972455,154.40667314020607,0.9394473443348379,0.01648899803309341,0.1556822541974172
64015.0,1024.0,0.7671701573164009,1.3577981651376148,0.9920499628068435,1.0,0.0,0.757988880174939,2.568196864416013,31.95467474065307,33.567458597372806,-66.34252550524735,35.07340577919717,-66.93079721208969,215.15292805354156,207.149403234802,203.06721695482432,44.01374233128835,16.566871165644173,336.24694199954865,0.7673646138064744,0.08115732165058763,0.5982225601730703
75229.5,1268.4722121953964,0.5875382208503913,1.019047619047619,0.7439994066162291,0.9560783117601083,0.40081813419543383,0.791013267226333,4.061522823158147,5.449308071991589,6.3595369140619935,12.325874520230755,-8.420858762338613,-12.566660707347427,161.61819745585197,120.66648632901911,98.61945981938491,32.16983644762579,89.94209774300498,444.6831013471966,0.8573627620246076,0.014892643701228692,0.16302479855792756
48973.0,2214.9747393131256,0.12543797015695524,0.9419354838709677,0.5410185594343792,0.544634615598483,0.6100159101037488,0.38730184889426134,2.1150668697652275,2.8717626713159907,2.9393526176684235,-5.929819917461627,-4.008151534127916,-6.089882064495178,247.5978745495633,245.76618009324295,241.71444858405098,11.75522710152894,6.729188297807366,33.6939531057178,0.9513318123511982,0.6341740343428097,0.8455540870168772
51167.0,1281.6854162216187,0.3914145206438036,0.9598540145985401,0.7100413532791208,0.9319357423867114,0.4237239026080465,0.7756588607512775,3.4507390145537142,5.139332961004807,5.384042294187308,10.854926152427481,-7.6239023139387925,10.750094926068742,200.0735716565592,124.55543807851899,53.40552186402809,15.820878550909672,181.939095914459,114.51450329253018,0.898139837773326,0.027222499809391322,0.2207294458496342
52645.0,1649.3178840875626,0.2431970248254662,1.2222222222222223,0.678275097917955,0.8209042499278815,0.6460567859790367,0.7135618801689128,2.2051246458804052,3.3564317801205212,4.325978071794451,-8.211979571432584,-5.597672076990517,8.531951123882996,128.51946486397048,78.62081924976954,57.66837639161368,12.380338951001017,142.12896211028908,201.62764227642276,0.9009257807128882,0.015290141890517776,0.12616154436815621
114058.0,1297.4356343746185,0.8514594550832536,0.921875,0.8390566148775894,0.9933678512796171,0.44416243824499524,0.793150709575536,3.6011469296158984,6.966202361965545,9.247572646123938,-17.36880099309081,-11.088835263628605,-17.95168092899246,206.81737331513395,190.80175098106128,178.86307797304215,29.553851731786388,37.32245990445317,158.78817100610738,0.9664714808816279,0.26390508409744806,0.3832188060069049
45537.5,1478.6732224225998,0.2617186261212254,0.9411764705882353,0.6539737477022058,0.8305746308810521,0.6663493123479054,0.7469450724898218,2.6824220783711574,3.8999789941083107,5.706259504848884,-10.800399528916055,7.125025333146941,10.575289749438669,144.33566025453973,113.91531054297323,84.97387264034478,15.874884963300488,118.03557720365424,1110.5865718799369,0.8248327886700582,0.010221358141631063,0.09103570904328365
140873.5,1673.006264448166,0.6324759768779764,0.9701834862385321,0.7638400893573644,0.9575740067294294,0.5009058293634459,0.7915773108470161,3.261070973597316,5.033214108665651,6.785115233449166,-12.840304706502815,-8.425748155666062,12.84937991096413,196.86691424129893,160.45890287275554,129.4010080945913,15.0453878102207,86.97219888669929,127.4449279949359,0.9634689067487123,0.016735524441343252,0.17537117102812042
56002.5,3190.26109623909,0.06914564353911601,1.366412213740458,0.5970670391061452,0.6010915765069552,0.5669961519713651,0.5019888833189714,1.64305708869713,2.749288840542633,2.7820758692757406,6.246545195835976,-5.292716787229555,5.556630237376075,197.91333292491166,174.41154608017317,152.94165696665237,37.26878229083706,67.78935653168331,473.23231180584116,0.7988747949250791,0.012424114097919199,0.08997720810421796
46363.0,854.5929267406464,0.7977426401038666,1.1203703703703705,0.8869566880930517,0.9882656378228015,0.5121119631477017,0.786021778268436,3.380521486433558,7.701798239060743,9.785484586499338,19.11588555062672,-11.535400110753395,-18.544199765818604,205.18006554279472,199.36467774792595,194.17280269256887,37.74196215051224,17.214135986537155,170.33386790211452,0.9058913707613874,0.05724199138871984,0.4181983919113641
163901.0,1600.7005722522736,0.8038430605772517,1.1133004926108374,0.893135053838441,0.9936585691161404,0.49936234144020725,0.7863154816895088,3.431401869623941,8.23660082345259,10.209123648778249,-19.497865931144503,-11.924922390160285,-19.723093953093507,215.46013992286302,166.8560229617006,127.06109965019284,52.31290698717374,115.10511256614943,83.74514273309454,0.9694304257365828,0.03304612020724799,0.3718592353756618
162024.5,1604.1147857904434,0.7912608351998077,1.2751322751322751,0.8892868120046543,0.9934180676648395,0.6830826740628606,0.7743077551559416,2.7166115510521656,8.399679379502917,10.288634410743272,-20.166640210736958,-12.902355487250189,19.65221516808373,234.44738006637837,223.24758121291362,213.28001609172284,8.921482449964799,26.04928090113648,82.47528055808311,0.969834788028216,0.5132891833152575,0.5988324478866114
35372.5,1086.3645652532578,0.376638261335132,0.8692307692307693,0.6019826412525527,0.9004187402156066,0.8133332420363677,0.7281185590553103,2.083240333276539,3.9966738220634914,4.879317734214579,9.413837408193729,6.252561201980702,-9.539850392312829,111.86368469797276,115.17637978938703,104.45446437759406,42.4194765547285,28.072994202997975,338.67020536025063,0.859153969923248,0.01290061228466059,0.08916593788588936
99728.5,1984.4032306671143,0.31825065059007446,1.0823863636363635,0.7436210033404915,0.9128174383429364,0.5622091161472108,0.7600545933984759,3.158160427610846,4.651225886672373,4.698506165142658,-9.416199812285853,-6.341610343271701,9.746949345810162,210.63136073154257,165.23649399906478,133.7075388372214,12.908432482984361,92.66641034966489,119.630013571354,0.9656921226663603,0.021020757978053573,0.20839609064739392
160809.0,5659.511209130287,0.06309026715922855,1.4382978723404256,0.5061343321163289,0.6583962316295009,0.6956199904442026,0.49832198661881905,1.5676211263039896,2.9737045114372886,3.382143559181844,-6.573038577081039,-4.166554201420093,-7.1784115228956376,216.22836126285193,208.72991337493548,193.19905279730756,41.19677721614197,35.82851551793375,115.87853215701315,0.9731677623901875,0.2803339488350295,0.49653033724394013
27419.5,2375.9423332214355,0.061037621790200294,1.0412844036697249,0.5540860041223781,0.6429182737962648,0.35695904454885824,0.6386595001096094,2.8444877678259823,2.7800521953076283,3.1814187255185846,6.5266924595184035,4.890418899137151,-6.207003456962751,115.25979708067742,117.32787689058199,102.18885075246106,51.416814392939315,51.56436465130314,466.2627865961199,0.7989344298740529,0.014635724309381965,0.10235350718308539
86968.0,1167.1614682674408,0.8022458208773517,1.0457516339869282,0.8881535947712418,0.992219053051911,0.4810768773528423,0.7878966644678531,3.9686356130370366,6.8602062081763515,8.843832386451,16.849055258557513,10.84674192132355,-16.843710986157312,196.85881764012467,189.2136709351333,174.0683062315307,52.486362975761786,43.77131138275712,374.52331200208965,0.903373376942152,0.04465220749336158,0.2827691057994666
92480.0,1201.9898953437805,0.804370346269337,0.9634146341463414,0.8922506946588453,0.9916362856530131,0.3062336882510269,0.7888955927029699,4.368061850026709,8.317346903326083,10.369564557445463,-20.181476726046043,12.702710829388312,-19.739704372020118,200.03600795559117,193.9032267640336,182.42053314334908,24.952815626205954,27.088238786475493,72.57000688396039,0.9783690488569318,0.06872632777364285,0.38390520250766047
188855.0,1686.3717069625854,0.8345103684160539,1.1818181818181819,0.8254152097902098,0.9935265972417675,0.5763696151208221,0.7830000118993632,2.8874630822751683,7.637463329194868,9.395243393702414,-18.365278345390237,-11.149341466494167,17.940289209472162,215.35010332167482,180.02178114529903,146.97195936682874,31.39883503975711,83.96556612921563,123.77655608640065,0.9733830628190349,0.21997961369012337,0.35090055102455225
62513.0,1992.8468815088272,0.19780275787020687,0.8757763975155279,0.6884388352935994,0.8631113872493182,0.5570722052249656,0.7216280717415731,2.8992142310079894,4.017459430250699,4.254754148250055,8.634454173098089,5.818807516259017,-8.476433336141318,147.94661209157275,95.91482387128784,75.78214260401163,9.103143383655823,129.0877808491034,384.35525280697993,0.8784337441646183,0.011573944155555854,0.0901502031606773
100850.5,1409.8204098939896,0.6376176534261668,1.0114285714285713,0.8139669087974173,0.9624562793161202,0.23717993718460015,0.791399242776328,4.278680423171489,4.775550795587858,6.336840904100853,-11.929795400750654,-8.53168231553723,12.296854268659688,228.12892347241993,199.3280029853634,174.3036086962531,12.909789504236175,62.366757425400465,116.52779641120243,0.9668859492958413,0.2035366993022639,0.4013944778792959
47017.0,1301.175747871399,0.3489738290795028,0.9040590405904059,0.7081406732434671,0.876210177135456,0.6495101759314003,0.7545498902133483,2.7303063170925967,3.8909409278074514,5.258442672845542,10.03755247917864,6.824140242631658,-9.940501330949976,140.3490130015982,107.30249233294458,84.81465163491858,15.189279080817244,107.15899961124789,1142.0722451640947,0.7886384143384579,0.009864307881148398,0.09453456334958213
107704.0,1831.7787798643112,0.40336262022846875,1.076470588235294,0.8655094824815172,0.9688791734697091,0.4773681108878532,0.7787639981769009,3.4799777268185137,5.509107441861705,5.841266533829414,-11.693253530606727,-10.05392755064918,11.643524435203442,226.65628394445585,178.0037968861619,103.54875769407666,14.726888412647153,144.73401246709528,132.25908400859606,0.9670397654509438,0.19373355265588668,0.3454880648743454
64870.5,1374.413338303566,0.43154132126376665,1.1227436823104693,0.7530209989900983,0.9437562284957773,0.5049571720177418,0.7850606824732611,3.0697223989326883,4.629802984370579,5.735980482886587,-10.942532642556461,-7.297753589226006,11.411960899119556,177.38561858387868,138.56469621313153,95.92437118134168,15.97228855875694,118.94848494246814,109.20832549093419,0.9413594684014213,0.019627399073101966,0.18785735057209108
60227.0,984.0,0.7816474186485908,1.1478260869565218,0.9918807641633729,1.0,0.0,0.7740031884022833,3.271056914135313,31.649676167376803,32.521192150003856,-64.80570379809218,34.81526195435192,-64.71747905634062,243.0294482085893,240.38319580290528,239.36587487806807,25.144288312989374,4.362816693469721,8.059932695902997,0.9879336150479309,0.4969445573776672,0.8178319372705373
16347.5,538.8599526882172,0.7074722224306916,1.0,0.7363407053736318,0.9463370864569163,0.6033237640819814,0.7823785665544827,2.992575188894216,4.314852470291772,5.444820219964427,10.33640154339171,7.266739306262045,10.963953634282342,197.56922683379165,122.54569290784677,48.95318795165313,14.131483021039841,195.12815757498242,349.0002580645162,0.904605174272796,0.015757395898252882,0.13247127628716676
154565.0,1443.7930793762207,0.9317751219061632,1.0865384615384615,0.8220143379850239,0.9936931840098749,0.3586032429131042,0.794805020010529,3.563824596633722,7.86217724278304,10.377230482872129,19.58470580226821,12.25043585171916,19.73604435969191,165.94028428826763,159.7628233231039,148.8907361818366,47.1436111017435,36.1946008835531,304.452717133365,0.9104406956302863,0.02256319470379326,0.25774703504911
166756.5,5553.853143692017,0.06793660680721762,1.6927374301675977,0.7686473256264174,0.7720762369521887,0.6747306545579731,0.5769499570775529,1.8168671158993464,3.2690171868965128,2.939035132100033,6.064433281315369,3.8483480079828514,6.557114328634905,238.02063311151144,205.8724732526931,174.18993345343577,10.854560829442258,70.86343615574101,122.7937818386447,0.9674820397921361,0.37860771335910365,0.49612947564141274
56823.5,1825.3981803655624,0.21430022041414754,1.3015873015873016,0.6874697541618273,0.8470057760387554,0.6422735477255752,0.7139171877513916,2.3588461508802183,3.952015658529807,3.865275542205133,7.831822858167346,5.175271426656866,-8.089260517451615,191.52021608688338,168.14017608464025,135.54406789165748,45.13696095108137,81.31672804082471,141.30609824957654,0.9617253034301796,0.04507010935597981,0.34750160399319446
39699.0,1368.3473187685013,0.2664383528606161,1.1666666666666667,0.6904414066576229,0.8698767460969598,0.6801573977766123,0.7518277995985163,2.6130953863015245,3.8096080935921535,4.7246461352395785,-8.995141710307825,-6.037946170016824,9.89811672128725,134.35679700993856,78.67720927598607,61.27057790865589,8.427782654245831,149.50842370529773,475.5932666321661,0.8733810162308949,0.011056017101246741,0.08848543951317918
70380.0,3929.797232270241,0.05726890002802734,1.0125,0.6788194444444444,0.6831152696354389,0.55054045666482,0.6017878219446327,3.0666367852802465,4.0659555301208545,4.230566907295733,-8.85700429063006,-5.841015618990834,8.404272883098427,228.15615204315046,200.11469599841857,175.71617576459295,12.580469345683545,61.18826070994889,114.2520073769329,0.96890454191285,0.24927688196084616,0.41647836935728044
50831.0,3328.0916093587875,0.05766973732338282,1.1748251748251748,0.5289606227106227,0.6300556540277898,0.7133815092576602,0.4741938632032011,1.7051877146063896,2.1392481448017815,3.136308368157473,-6.063422037388503,-4.428907280906239,5.8405984623980345,228.59744119382853,226.0168619846556,220.49540510918135,51.572169294325946,12.930001686198466,132.0993343573989,0.9293341634154947,0.14724603059508526,0.5344377916881143
162141.5,2157.487368106842,0.4377312246126991,1.140625,0.9640262319254186,0.968755041195906,0.4322542237304025,0.7655223895153894,3.096988802479867,5.314416217787373,5.823565580257415,-11.412863809962019,-7.404614362042174,11.917181757957547,202.02992528940095,161.56499548452425,97.57954763142772,40.02504720724665,148.64175173093238,62.83188357999752,0.983158816678869,0.056961952606165045,0.3435443134385959
53337.5,903.6782752275467,0.8207574552668915,1.075098814229249,0.7750741106719368,0.9790469722278309,0.2955148463550614,0.7955698207699962,4.140041536826369,5.070912300773995,7.666904877437824,-14.5026057085953,-10.68294054716058,-14.062716097101642,182.42746225455684,139.15821794570914,87.69520065712274,17.764941719471175,129.51891183603223,213.49636184857425,0.9245952890220602,0.01602876252281109,0.17379998741272465
32853.5,1471.2762525081635,0.19072299452402375,1.0952380952380953,0.6801966873706005,0.8058352444842345,0.2971786787811995,0.7470990841022778,3.61529834984252,4.052902056966679,4.631349992946699,9.128842230876234,-6.488566123879847,9.119245815858319,209.52804954376256,179.17577494482327,168.61326876832362,43.23612346411042,61.38963006884738,334.6050760746794,0.9171252049712925,0.04258214430561343,0.19344841398035728
133533.0,1468.0,0.7786572990589541,1.2035928143712575,0.9945258736258825,1.0,0.0,0.7706961983890763,3.01312975910364,0.0,0.0,0.0,0.0,0.0,253.03123644251627,251.93411424439626,250.72326825741143,2.8285610990600145,2.687302964569776,365.8711210552485,0.37427185145856684,0.9087331002975725,0.9273102254578649
224541.5,1816.2123266458511,0.8554078781861852,1.0846774193548387,0.8414584332653795,0.9946643572865078,0.42793169465047515,0.7933090031802792,3.6267278722062577,7.836275532743979,10.635390566676305,-19.87122364868314,-12.536637448729193,23.285021766713086,206.00047518511167,172.1078429603431,122.24233839194953,28.625716537043388,111.42945907092289,189.1867927040341,0.9517960005287964,0.0674148557538748,0.27131194356624583
67573.5,1005.8548998832703,0.8392968753807954,0.986013986013986,0.8378403511382235,0.9901677058224472,0.18396203246992476,0.795106202270315,4.940358165085006,6.6413996337380246,9.940920743753624,-18.26221225321937,12.833458641492074,18.67584048547371,159.40429531078894,151.29655296405863,141.14915908013663,62.11965742117908,60.854060768514124,276.7882558177809,0.9235718414717493,0.01218400630284464,0.1086971618880978
18964.0,817.8132708072662,0.3563128651090328,0.9939024390243902,0.7094119407451743,0.8824980222439388,0.3555758400579226,0.7400836657650987,2.655679592768717,3.218581004690436,4.044871567642867,7.689653472291114,5.375380500434537,-8.293571390507337,139.25920194539626,77.33784680004422,32.99917099591025,10.049021775174092,159.62512435061348,433.6754572999664,0.9232890430214409,0.19227992396618226,0.26602766765802677
114798.0,1304.2640614509583,0.8480337384148701,1.1445086705202312,0.8378437554738133,0.9918953480334555,0.5399604371607665,0.7898316537891099,3.1800846691930866,7.682374530644356,9.97458426378257,20.23598644802266,12.364042026434236,18.803359601663267,216.38373339315535,211.9269921982103,199.14597821481092,15.253832348762431,24.641641117674915,303.4782723103526,0.933107443809224,0.37724128771147564,0.43794970302984126
53426.0,964.735062122345,0.7213506017211334,1.263157894736842,0.8136269493177388,0.9888484781180303,0.9865357614303922,0.7641664893784164,2.716847651299554,7.502658759368898,8.22933686244717,16.102994139239495,9.588597466376019,16.825431063938115,211.37688999330976,153.35544298958234,113.72971423110006,32.030125203096624,119.50752174328586,240.65153798593403,0.9369196527346425,0.02787000773000838,0.35194940496400384
121141.0,2075.155537843704,0.35350837816319075,1.0425,0.7262649880095923,0.933591763128285,0.5597262640682186,0.7676797160371635,2.83580584571701,4.1059408990565345,6.6645589667154335,-13.470846117989893,8.270473247915056,12.050121502099216,143.09824066316858,132.4316239693108,90.37680673751048,27.589170598350897,97.98939988535649,474.2046108742004,0.8861157808670903,0.011236822895798812,0.10580403635364993
34554.0,741.3279881477356,0.7901097104435597,0.9952380952380953,0.7872863978127136,0.9708770598895773,0.263503333438519,0.7952851598737176,4.839042428353506,5.561703241677849,7.17013339320495,13.843762125204591,9.997272196634714,13.59633917605476,181.27861990232762,128.50878416946787,80.61543096340458,19.61676285913617,141.92861673114732,179.41072804314328,0.9255742130099237,0.0162801662220605,0.15700419708231803
123360.0,1321.0235077142715,0.8883070988411914,0.995,0.7748743718592965,0.9949470305234844,0.2725646306728963,0.7977971053816564,4.432127756873937,5.949844723753745,9.222935558050679,-16.921517638334127,-11.534039618470317,17.00640812290237,160.8433743831004,112.87951662746183,57.2940270282736,21.286370554863705,160.14706886213733,91.51301986804063,0.930573209582388,0.023125349868016582,0.20783037598216322
228315.0,1912.0,0.7848172374262022,1.055793991416309,0.9958259185596148,1.0,0.0,0.7775087915609125,4.084568901627258,0.0,0.0,0.0,0.0,0.0,231.38783744526097,221.43662108219192,210.73847925027707,17.317491742072928,22.98648605028997,10.704826732673268,0.9798120504661986,0.15812830793845262,0.8178457194453363
85984.5,4903.274496436119,0.044942540739060656,1.1518324607329844,0.511568895763922,0.5881353091857987,0.6011972288080485,0.4359851842553666,2.0330317917439755,3.518096442143851,3.3092565657383886,6.736725723599286,4.34609254341107,-7.328346132960137,214.92984995137314,207.5669082573056,195.02675635622654,42.06359699902746,28.152792571666744,98.28325307400999,0.9569837835406959,0.10161130646722677,0.506028206687702
55991.5,1065.56052672863,0.6196917560221501,0.8923611111111112,0.7564783290099438,0.9636842422312677,0.49896375552202366,0.7874034795272336,3.2132712737994527,3.896768469088218,5.598970227706107,10.421945935136023,7.272174990715157,-10.613850235782317,177.75970294882916,139.1149176062446,78.86777247759468,28.15911390575311,136.52488074588032,147.74671758501546,0.9284643966662735,0.017504096352574994,0.16666557678249322
136180.5,4482.588206291199,0.08516616667159405,1.074235807860262,0.6043441793588241,0.6336511348725536,0.5061106546570534,0.6393826161088917,2.628931954853433,3.1261117721408525,3.180741830731835,6.3347751973946425,4.803650961408501,7.611410247405642,186.79324904303445,114.8097049839539,41.314565208985805,14.7649692611066,197.81565170320533,91.40208680225953,0.935165737937041,0.024109254363788288,0.23229784880783233
118710.5,1384.5168067216873,0.7782202621880114,1.1445086705202312,0.866398814736965,0.9926706080092318,0.7473102081082418,0.7780690448210044,3.0566827258481264,7.063670270716273,8.32762695345696,16.023669044162514,9.870492245488709,17.394388863764743,221.89059034613373,217.88601759326173,206.26673976426028,14.091853771586633,21.696541154775847,287.8747838508383,0.9286338878020347,0.42916746339449713,0.48534768251266514
83822.5,1121.4528793096542,0.8375455063768528,1.1554054054054055,0.8280237474316422,0.9915363505169273,0.5416064766446129,0.7860811780245144,3.0150701531825193,6.9565975192630685,8.581658371178968,16.369809636710787,10.136812484929099,16.88896253896928,201.5885216382836,177.91263810047,158.345510590246,51.21105719343222,62.228132820606724,413.3497915701714,0.9047328502989461,0.03102959978057338,0.25631065820732474
103139.0,1305.7888848781586,0.7601282011289332,1.1875,0.8481825657894737,0.9914494585618364,0.8327414005540624,0.7723154383453339,2.878761397714106,7.39159073168656,8.382675328678571,16.286458794292244,9.901624160376855,16.8357447425003,230.06762077843405,220.11949114039072,213.36966530364987,6.51240345297592,24.182932000605785,739.6943014705882,0.8341337120831858,0.5033710668738737,0.5413790233686698
113306.0,2436.753515601158,0.2397946941977895,0.925,0.765581081081081,0.8911347406172334,0.37548514988257203,0.7709258332016312,3.3040403520624153,3.7972463117662274,4.89504392910159,-9.250661996335642,-6.55065783321912,-9.926042912995225,184.11348828659547,142.67540491411532,116.08712036110374,32.32329813525051,95.44149425052593,402.8405165306291,0.8946008154416774,0.012155874310199153,0.12008002127237252
41463.0,833.220343708992,0.7505002748764896,1.0277777777777777,0.8646771771771772,0.9723055998499203,0.35835715224030795,0.786369155668904,4.522014910425611,5.0838757347701415,6.688736676588413,-12.614791539556766,-9.21861445518968,12.963330056743299,203.21271722352236,190.89924314096498,182.27443609022555,41.967335557436634,29.598391674550612,165.99208542713566,0.9424105122772987,0.03240569549130593,0.27097905140207446
126810.5,4721.215623259544,0.07149199358786137,1.164179104477612,0.6740363354169324,0.7980095463741713,0.5734672722206566,0.68603804872881,2.9568192839342275,4.076875525758255,4.229819601463613,-8.47584637115417,-5.739389553187087,8.612747109437516,195.15533443891653,153.1176902373379,121.75041006261951,37.165465930819494,97.37636951852758,270.2454136788847,0.9263231431020941,0.014712427868322813,0.14278589538436248
138135.5,3838.1618007421494,0.1178334546139787,1.5728643216080402,0.5544315025607269,0.7486978390361028,0.867098993377381,0.570007768413506,1.5508098924712947,3.6767216226342394,4.01592990707415,7.862322534193096,4.792276257515468,9.618075718579712,175.2755678108654,74.71926294040385,42.159217469449196,7.3117986374075405,199.90997211831663,184.94969049829774,0.9442859439006623,0.0152437561357969,0.16423371284773114
14930.0,528.6173114776611,0.671408613662667,0.8986486486486487,0.7584840479577322,0.9662179653119337,0.43699083065489697,0.7907327979985042,3.4262094059004937,4.382645426178655,6.974608310673016,13.122176894061772,8.821563332860844,12.679855891462637,169.5823566677225,92.45161545771302,37.00372188786823,12.462147608489072,203.6790465631929,270.9769144144144,0.8745337425134919,0.014763638065458214,0.08804709912645954
79995.5,2140.344354748726,0.21943612129767515,1.0301204819277108,0.7045330444585359,0.895645796945676,0.3767076507541442,0.773080913561669,3.235275226924379,3.8900268440125916,5.314771066484433,-10.429812338481623,7.182339149987052,9.938688443696613,171.88186955046402,94.37790826337765,49.640149894513215,11.639692539207154,171.87154217258524,206.11961686961686,0.94375470829862,0.03494015211470163,0.19827391590578886
131238.5,3300.3972992897034,0.15140446252801684,1.8323170731707317,0.6657527088998011,0.8077681794541163,0.8409432538890556,0.6176021218054046,1.7459402239141784,3.038691588685604,4.338664329986485,-8.028312881114198,-5.2131994827701496,9.202686255199099,168.7752511772064,98.56853293389318,55.19292640368419,10.590746480332086,176.86594586842375,264.52220675085226,0.9345524856973069,0.012525364163479451,0.13200597897259703
81159.5,1786.9818761348724,0.3193808932105219,1.0987261146496816,0.7491876673128404,0.9273622688293065,0.4226541335053403,0.7661035188027138,2.9476827354787845,3.3807486237346334,5.555608231132172,10.023850781007603,7.044439143686813,11.78869085001902,149.85455665201013,83.04439924950945,40.37511636900073,9.880351183741281,162.66146288365962,204.76954430233897,0.9477073048671705,0.09102166686707387,0.23234924502783036
170058.0,1631.5289993286133,0.8028184343538937,1.1317073170731706,0.8939129520605551,0.9934803182726348,0.5204818833806695,0.7853380287401073,3.3154609543210696,8.29142913537526,12.340574192259593,-22.98894049429067,-14.011223199720863,-22.7095305020037,190.42835915679663,154.9824466215758,107.76767514843611,16.0097785943733,112.41928960299893,121.32629247776083,0.958652717978733,0.02782586147537538,0.3405477414397646
122488.5,1796.923001050949,0.4767011994908476,1.1290322580645162,0.7839765745007681,0.9607393289095958,0.4259177911902536,0.7925644125425144,3.5800128348664284,4.422996736118914,7.136602730155161,-12.91696255356562,-9.038494430195485,-14.210930590685468,173.0848708142897,75.21844044398843,47.00502751608991,6.918766906072194,190.84300904766346,187.77825931971262,0.9349008891951637,0.014778195446548695,0.13476703245793747
111872.5,1269.3839004039764,0.8724634368458387,0.9559585492227979,0.7854339553758232,0.9933053055897146,0.36710738745673965,0.7970040480368734,3.9771509795834143,5.525992772257234,8.359647261393414,-15.372552653550507,-10.410206716821603,15.58213172167689,207.19575914825086,137.5736244072649,57.52907757000984,16.21668605171334,186.50959112463093,99.61264857672043,0.9434259109957389,0.019717363111243995,0.18205083845287703
53059.0,2901.5087884664536,0.07919926367518565,1.1554054054054055,0.5241326853168958,0.5274516626074854,0.44274339663717804,0.3585192832466836,2.507346616694336,4.3543713012788485,3.066712874911147,-6.787086302957983,-4.3501546572428555,-7.454222887925273,219.61222659752818,214.73305002144335,213.9078131701041,89.07144528051776,10.400327498148076,105.75115044247788,0.9195903128430177,0.08210645726164516,0.5292169263352701
114011.5,1500.6976079940796,0.6361684733624124,0.9570707070707071,0.7596512619599691,0.9605053096264096,0.4245452435508695,0.7925679694690527,3.6726957528270754,4.702501759407214,6.486145062392552,12.262114067299859,8.336827239765444,12.203761334847277,141.55269779700632,104.75662638619524,78.72719677756228,15.209975632801234,119.84241881744492,359.1318931437927,0.9072160223759304,0.011933273329327367,0.13664782910802908
111991.5,3403.0895231962204,0.12152011661246316,1.0217391304347827,0.8093742772895467,0.8141964470713966,0.2549093639540098,0.7146654662922449,3.3465800118068367,4.029360479862391,4.300480134414133,-8.772080449469582,-6.253457899246506,-8.526018675573319,203.47361540588784,180.68880257435202,156.33154838223095,38.79153782336526,66.30244865123062,313.427626763585,0.8245795053400925,0.015506671704322903,0.1254273758183618
8357.0,359.7056237459183,0.8116444263754361,1.0792079207920793,0.7591061858479425,0.9689837092005333,0.4476696135352638,0.7931241269151652,3.5372519373053346,4.7769561229663395,7.309399177297871,-13.678744058470178,9.130836471979231,-13.407274661303552,133.61592505854802,85.42055959571059,58.18069764575373,10.856403303340318,152.79649944533466,204.98164794007494,0.9362128479195766,0.0147241776588195,0.10286177767363597
34366.0,1017.0193331241608,0.4175230268127589,1.1336898395721926,0.8668650993845223,0.9098635178247574,0.3169288753588467,0.7618129651996313,3.0497306209292505,3.5014143347064293,5.466791786705275,10.02597684501771,7.000974811014618,10.217964472135385,206.20480420367824,132.63155260853247,107.41595771299887,26.443638183410485,131.15175778806457,307.27534437884844,0.9330602270685996,0.015157679486410107,0.153072951932756
147856.5,1785.0651381015778,0.5830988014688661,1.0614657210401892,0.7784912097805999,0.945371018634851,0.10146609208554147,0.7932716066635372,4.4244500131216835,5.521129680661012,6.460442116722089,12.615529530011802,-8.791769780377344,-12.588779782347991,177.1460345782317,124.07387097766565,72.14261982403248,32.47327416476958,143.07033316926106,116.93839368616528,0.9561726963718165,0.017704984450283564,0.1946244581782838
64900.0,979.1269783973694,0.8507001838679557,1.0,0.83975984679882,0.9891407887216612,0.03817294396183805,0.7952509341925151,8.754306062643298,6.891030115096952,10.13494292518338,-18.649432787085114,-14.667404553423841,19.728528979379654,218.8963655396595,203.41406034783566,191.58617839892747,11.392169106168849,36.32150006427798,191.07908465295247,0.955057244419331,0.32129380029402144,0.42740748210461743
76735.0,1249.057998418808,0.6180706941217308,1.0927152317880795,0.769967890828818,0.9741220080356973,0.3324899794854924,0.7930713253716538,3.7632663682880625,4.561813909250257,6.5634503408685365,12.127375287630317,8.508265728589238,13.239336396927603,146.023654448835,110.11880365172368,72.19634827633193,22.184602806921927,125.60949720670392,267.6504474734959,0.9309381411438287,0.013873640998860674,0.1484215560004412
153729.0,1500.2783411741257,0.8582661552238227,1.0556844547563806,0.7839116799673644,0.9903400470918678,0.3720398642524484,0.7966459544848237,3.903196932680974,5.364529637196163,9.054542445012178,16.589522350197353,11.305162309937703,16.318983979145617,193.67792137308777,99.88406092059293,57.5401987720905,8.984322105763034,183.62236016417356,406.1518871406504,0.878496781758727,0.015022935708177898,0.1586380103976613
49557.0,1242.4549659490585,0.40341640921153366,1.0553745928338762,0.49822053323681986,0.8279854642663214,0.8098866052712459,0.6817331243797216,1.9570121890774343,2.633882894940879,3.7483473983011146,-6.952434022625899,-4.736333525401243,-7.557798429870197,190.21707564039036,94.03537497037723,41.60292565223948,15.068337031690975,199.98136458625072,72.2617691806129,0.9488933444340638,0.020841957739779888,0.1726902973929045
176002.5,1656.6000670194626,0.805922631476999,1.0555555555555556,0.8934499878167641,0.9938618608104941,0.35728379105688374,0.7884995720946374,4.031495156820985,8.36257181016841,10.542611735761373,19.99653986779134,13.115006325099817,21.10128692140342,210.6581243975056,205.3437182757356,180.32585458237006,53.37046263041606,46.27466921456053,205.2881446039341,0.9454630045939243,0.10125259165053026,0.4005763813963988
112015.5,2134.0701912641525,0.3090797743873667,1.151685393258427,0.7674397095094546,0.8824460856720827,0.5301024574938751,0.7424468164489686,2.826737419999354,4.155019672196379,4.327304454534497,8.587098017635894,5.762860727759621,9.110968913766165,180.38136858509793,171.79338266546063,160.1928966095969,64.88362994365676,48.210181017665846,97.19536423841059,0.9571427229790446,0.03413249122342649,0.3535218916338416
200671.0,3820.9301426410675,0.17272543044031952,1.0614754098360655,0.7938437559339199,0.8283837783391952,0.44577726958929575,0.7550909545356546,3.8916687342102003,4.494440336395303,4.590146225546147,10.204740630932449,-6.848230887890683,9.13400162239289,145.88844629779464,90.21487797625221,21.46850341970775,15.493558224933091,174.818205708042,239.5013748090543,0.9567706996120149,0.1672822919262183,0.4182214159746142
76450.5,1780.531084537506,0.30303380160517984,1.366412213740458,0.8150720713036803,0.9265884919552768,0.8426869667894427,0.7329729956010755,2.242016462009564,4.720004546222485,5.482849831096067,-10.60072310367831,-6.7073555012914845,11.152794071912803,174.38643484850692,157.15611291662415,137.69889386012213,41.76103589489485,66.82087529329466,363.2357353374595,0.8866093416506285,0.011455078451824504,0.0936819837472566
29620.0,1890.5382274389267,0.10414153900977499,1.1636363636363636,0.5259232954545454,0.6620251891420716,0.47293833236509114,0.6346901501648321,2.6425201265617657,3.9976227176161383,3.222201010905656,-6.934384251619699,-5.4309907919387195,-7.044745389398531,215.55078785419627,182.02137012240482,173.63396902684792,48.16670048015149,58.90616757963076,298.86388028895766,0.9310642507921885,0.0756595261156939,0.25800166970217925
116273.0,1994.2783393859863,0.3673814276777053,0.9552238805970149,0.7532195791873963,0.907464713434455,0.4556371171842093,0.7876062048816448,3.625772734437917,3.9360500280558535,5.407841468686802,10.11534720941009,7.238469792675786,-10.490220958397567,146.97128623287148,82.56746209106865,42.452214579268094,22.949265804018182,181.0527618196287,479.22297639215856,0.8215207301859284,0.015678785542819193,0.1472209444112362
76131.5,1065.6538897752762,0.842445668490985,1.1798561151079137,0.8349216967889104,0.9905990579540427,0.5831766140790157,0.7871047972152292,3.0012358379112816,7.650788557320827,9.74422743418329,-18.689723854462258,-11.7028560305971,18.52521634270955,237.3623670883522,199.5838427859492,167.89183463470735,11.871557411778948,77.89956217339548,176.1636500754148,0.9578951215007697,0.339050070898393,0.4460487599096653
167082.5,1669.0853482484818,0.7536743573545518,1.1512195121951219,0.8633862133112856,0.9914757386407468,0.6864486690327637,0.7771584889668339,3.0274124105440547,7.0107605223497025,8.461735720214495,16.209731939804833,10.030340679781794,16.837224779944318,174.25946940437902,161.032133477522,146.87763156046796,53.892911815513386,60.763226268556096,243.80457418590214,0.9251402422901833,0.013488574598617832,0.136044031449516
66561.5,2136.4965962171555,0.18324348972594182,1.0533333333333332,0.7021255274261603,0.7877380262021136,0.37422215593561325,0.6689974088211181,3.6223453341583247,3.9772958313502076,3.9355256576881166,7.8939295910257945,6.808552849268947,8.911535171035702,219.84840568460024,211.7693318206246,198.143294321371,27.202439242849465,30.756389204036545,67.09908605556058,0.9789147555832345,0.3454609292914224,0.549027158353722
184550.0,2442.2093608379364,0.38882853629768566,0.9959016393442623,0.7781403899345611,0.9326642206656761,0.36147217288290595,0.7791761730336314,3.313601282027025,4.1752333608965095,4.891738278253215,9.463283270832948,6.548539923120973,-9.822123298339276,170.36244710074988,106.77241814537085,26.885670799613926,16.921389858192885,199.94197045066448,191.19921531841396,0.942905008689136,0.06714979742023978,0.31065149836869527
57871.5,1915.0895239114761,0.19828800444660274,0.9003215434083601,0.6645785484611851,0.8454256601292868,0.4530239077197099,0.7041461298588922,3.319021284414021,4.361515593512895,4.554210099728026,9.012449312893118,-6.362108768158164,10.392832754326065,148.9450624562123,126.23277114198322,103.59354761538593,21.877018506177272,81.63312315237266,274.1757088520056,0.8871196235677449,0.02358053406007243,0.23434929991575232
83074.0,1796.6803605556488,0.3233950327985203,1.026865671641791,0.7208781673030198,0.9338616755192086,0.32284157937719166,0.7945562625071219,4.268951257707883,4.471400080755296,7.116627907077101,12.943007576182785,9.351580876196113,13.339958594334412,169.45367896879944,86.98490546463677,52.9676323365407,8.467930596260082,183.80086624996758,438.8693166954429,0.8918475573351919,0.010176050779253388,0.07934784254348025
159371.5,1468.8641414642334,0.9282335611564734,1.1201923076923077,0.8221128053813139,0.9935135775378401,0.44587066344039233,0.7926612340729001,3.28345844856969,7.439137900006256,9.787608893033633,-18.91953298526637,-11.892875781195357,18.421894367514593,187.1820516771973,178.77036596731466,144.68049960005578,39.21233002370312,67.57266142703037,323.5680967950984,0.9374963080937725,0.057590223184247766,0.2566009696527993
14751.5,507.3452328443527,0.7201763902591497,0.9586206896551724,0.7319027536591417,0.9704295770015131,0.5163259327132169,0.7898083648459768,3.20880704124865,4.394062338024562,6.278017004240602,11.614678018645437,7.892490393946816,12.88607863061477,179.39991740088107,99.55293226872247,41.7369218061674,12.587692731277535,199.55864537444936,266.2167366946779,0.8857660258374117,0.013735936829365176,0.08845612566361737
138257.0,1532.479351758957,0.7397887619770513,0.9726651480637813,0.7375555472571791,0.9787205425341384,0.3394588153516078,0.7963014730226818,3.984212258726461,4.836488710091417,7.518752197940346,-14.149942667796113,-9.587156196076382,13.72508087199084,151.2328935585935,87.24242134797923,22.097749388096233,15.614339442421349,214.9427138678288,171.10024990388314,0.9156995999637343,0.02245659450139327,0.21684125523330677
72373.0,1367.4255287647247,0.48638376725376786,0.940809968847352,0.7465597986424872,0.9060669037007362,0.46689833469500763,0.7852291025788748,3.4916573943529583,4.139547441539241,5.464982960114028,10.267255087086433,7.211176346360818,12.515382968024667,146.81136126178993,131.3072607307962,72.28099729493768,38.168629864460634,130.27070660808084,197.25617870722434,0.9426178837756275,0.018559722069554516,0.2043669729512222
121208.5,1384.5168067216873,0.7945961869372599,1.221556886227545,0.8894600504872607,0.9922516474970324,0.6415725667836185,0.7790712760685021,2.887541163508553,8.224208817866177,10.231096109811036,-19.45876832459362,-11.743839814076399,-21.479341678296745,237.66208323995096,231.23739337929945,226.36204237142894,5.46666578777372,15.722212700881968,444.69684140676844,0.8534300310862613,0.6075314179977452,0.6522776217226527
82885.5,1903.1585026979446,0.28756664229710727,1.196078431372549,0.7400755384120862,0.8726810419254986,0.6704062755082475,0.7494153465489674,2.4995038408083223,4.428910311497389,4.977189996538812,9.746163310775449,6.374559904841313,-9.971226625546734,202.30622455060083,138.30365478200417,89.83115254742278,16.398798291786672,142.0704389710994,150.3550234318222,0.9477785142695364,0.015715979308810715,0.15451857565098503
102153.0,1967.9108084440231,0.3314745329506018,1.236024844720497,0.7970988482786604,0.9060333932016231,0.6470132748345254,0.7516649690152272,2.628125047504079,4.271118853762117,4.922967917435743,-9.58316361244665,-6.264076158822405,9.819005268915161,206.74870312954656,170.8570081173555,117.64445180257468,19.52841074420798,111.36216048082036,175.21692447679706,0.9448468814649633,0.02319160824669216,0.27025961354034944
80083.0,1673.7097994089127,0.35924429513274597,1.196078431372549,0.7150523232972607,0.899637147960502,0.6291358026704528,0.7718075820077308,2.6411869847478133,4.128002433210266,5.31108014005234,10.36036126502111,7.161816143977068,-10.08430659574583,204.12348780941744,139.9803514929143,91.03727632873361,18.637978251043577,141.51585972188985,160.12435496377103,0.943961047194295,0.015770815194934375,0.16152185068171096
91846.5,1197.4041088819504,0.8049909300082038,1.0188679245283019,0.8914366410435592,0.991728978269672,0.2539217518760684,0.7891894969753417,4.930843312737729,8.47123776272336,11.133467828002916,-21.059156107042806,-13.613083865588694,21.11741046772163,218.91823386309673,200.47793785598788,167.17603099916968,23.850831063265694,63.076434512797356,81.36958556345238,0.9720623370448053,0.0925599030968408,0.4709368505815411
127780.0,1414.759447336197,0.8022459668042633,1.1292134831460674,0.8928671250489127,0.9929133124048115,0.5252297178941407,0.785489066155726,3.3255522160698656,8.274626624642744,10.963081350896793,-20.652665317317958,-12.637796777774188,-20.859916635323188,217.04592857575943,199.17264900260716,158.4536672123527,15.590543462883243,73.15155924735747,105.97202946622983,0.973322739038146,0.266293494950655,0.4296871840196942
88565.0,3849.634886622429,0.07509878456031449,0.9679012345679012,0.5578546233308138,0.720292459965679,0.4365225301798372,0.7082669913434306,2.762401637276979,3.7763233288903004,4.223710917903704,10.198880280607638,-6.3373062933034285,-8.223752389911374,153.9040911018855,60.05952212639615,36.73260671182345,6.719342441808156,198.01104070537124,169.77752382931203,0.9114511277572458,0.016388624067014045,0.13769189007413535
58036.0,2520.5180158615112,0.11479625600150534,1.0192926045016077,0.5886780204286569,0.7934051512003062,0.48259690192786026,0.7010424557127528,2.9032995031660374,4.67997372680732,4.433450915348601,-10.192878800815267,-5.887220286352641,-8.991018654307068,125.23236690873478,94.76207106824103,58.15431380157806,23.57089269545614,131.0935750318754,224.58320271682345,0.9143736051919642,0.014676222765653146,0.13234830757482835
30716.0,696.2741661071777,0.7961849413372872,0.9117647058823529,0.8095087497364537,0.9746160680289376,0.4917233344431937,0.7898738590296548,3.4924202974682017,4.92435569687098,6.552909710873096,14.209736243392278,8.369072541049531,-12.291574066537619,198.87211346852655,164.5604266791701,144.54229672175987,36.397296135662096,81.33552143164147,193.81538094100787,0.9516376927868891,0.019150060895591382,0.19717787443044194
28639.5,1655.8691781759262,0.1312572348338076,0.9671361502347418,0.6527075071789963,0.7766328149363416,0.22905311774758227,0.6715226637534503,3.7587887630921757,3.7666543307634974,4.071591779308645,7.994503769883079,-6.085184180555126,-8.871725096958079,166.24269514401,112.61068596076248,63.021079727285375,18.511235564213163,148.92472519827464,260.14278670047906,0.9113226197770362,0.04304311035498533,0.2043482195830915
72372.0,1064.534051656723,0.8025300860748188,0.9791666666666666,0.8911052009456265,0.9897431689505211,0.22883239289224513,0.7891730915519882,4.873081187088003,8.211414807095322,10.416332576687186,-19.752369971436845,-12.961197343110715,20.236749868280228,209.02182483500684,194.67247500598984,185.25346866763957,62.39626668990002,39.66526540480495,421.9034487297617,0.8792666496071532,0.04113911022668316,0.3407777664833187
42933.0,2737.1698155403137,0.07201079676804206,0.9863387978142076,0.32493983016211797,0.4130655441972339,0.5793168056196848,0.3596017265307033,2.697588328585975,4.26286988182397,1.6940506530331292,-4.675706781695262,4.567992304357031,-5.590190092258669,137.06003611194703,65.25965493028387,19.265723743605175,11.828593640284883,224.53764168923664,171.72767879803055,0.9209970208540487,0.016236871004027292,0.14069942166544253
16593.0,489.30360329151154,0.8709193690547241,1.164179104477612,0.7937715269804823,0.9852447822343615,0.4163286661870715,0.793859735131811,3.445450865498014,4.885125908564373,7.895149274889523,14.32469047122812,9.753643501774258,14.675300007574581,181.93709262692101,104.40160258326856,48.376666865992945,12.479519225019436,191.95036775698142,230.85580184108522,0.9157343231411404,0.013652335991771963,0.10322888945820638
84930.0,1833.2102370262146,0.3175750978448693,0.9152542372881356,0.7404791797447164,0.8286702540260221,0.8220338654692294,0.7073356846647199,2.6583147667722034,2.974054111754633,3.685733404198181,7.054768258826126,5.534412643023654,7.406964484867489,208.3010356647947,203.71954391850826,197.9148250796198,26.337308243989014,17.578720248948535,159.67729112992274,0.966901808494666,0.3719459682123437,0.4617010972890958
64881.0,1020.0,0.783658873347018,0.9104477611940298,0.9921855884511867,1.0,0.0,0.7762277284266406,3.607034726401939,0.0,0.0,0.0,0.0,0.0,193.17956543855823,189.02754160308118,189.2300462660175,44.47319719981591,27.44451711358186,109.67073111252013,0.9030091539857843,0.037009264281879076,0.32144342332110354
162845.5,2213.0752427577972,0.41782388828495504,1.1512195121951219,0.8414918354692021,0.9450838034217796,0.7137992094841075,0.766389302497383,2.8733923831461805,4.619470909379465,5.2780041530888475,-10.259905464129352,-6.735972744474454,10.65115772268814,179.46720147133587,166.62773258769698,154.49043781213553,53.43757289392625,54.64077873142139,289.6797230167093,0.9024823552500162,0.01349165951260123,0.12691376159523238
53358.5,2207.643786072731,0.1375800547406211,1.096551724137931,0.5786000867490783,0.5837718674441758,0.5858372239659485,0.41640995050574736,2.609781525548684,3.0199910003905206,3.47761342880374,-6.764412734666565,-4.903516935111104,7.123639206184976,251.47074797258605,248.2744721334491,242.88934660927717,9.365747326030332,9.510852899340513,29.617144349902972,0.9595634323096799,0.8120798314043386,0.864012326178287
42566.5,3184.760655760765,0.05273806696859739,0.9935064935064936,0.45164353620235975,0.5443077631292917,0.4984465827797215,0.5334573333042896,2.005401090179956,2.620032180394125,3.2817650471998223,-6.454535009252002,-5.0101071988738015,-6.329560963303953,189.39169757750605,171.62275037779915,163.89902459129001,26.725305673856298,38.58703118560242,114.24967484206616,0.9612396220794763,0.0262126733886972,0.23311356130569338
57150.5,1117.2762529850006,0.5753190596460918,0.9321428571428572,0.7820265462506841,0.9699842156180519,0.37997125951911603,0.7925797907599977,3.761985144800939,4.747438229308574,6.4802760593068385,-14.56587128985088,8.369815767218395,12.094135676936293,139.88269181446918,114.43166886972992,81.47130427920374,18.99045120050506,116.40495590585357,523.9193650793651,0.8721763415039676,0.010556096328193404,0.09109916299218776
72650.0,1132.7737278938293,0.7114741847204951,0.9373040752351097,0.7616820960149296,0.9708348645307854,0.4495459458664466,0.7923044947465171,3.4717439291393877,4.451911179735699,6.442080153722767,11.912054646594623,8.278717315459481,12.3881771623318,150.53291135606844,91.16128430359399,71.53473418302904,10.854819726719485,136.91362383740957,354.820001161002,0.8911095947750217,0.01155568804115652,0.09868835609343475
67352.5,1079.8994946479797,0.7257664842686489,1.2016806722689075,0.9894884527237469,0.9971500481160708,0.8821506745638974,0.7705200103351386,3.0331038768982443,6.857245918093654,7.986327377953151,-15.8336088638076,9.505018918698656,-15.441100313143309,221.6134095386547,216.94444805265096,212.5443484661514,30.1540343356931,12.74111839968825,81.0325567109824,0.9308088590189939,0.11617707833047673,0.5706304510530311
134243.0,2544.7779037952423,0.26049641013088,1.2010309278350515,0.742461616742622,0.8974632388580063,0.5997050248070478,0.7340138394994147,2.5409960090776726,4.536221008573616,4.558285566258757,9.653025918708698,-6.146927488900044,-9.12372931308702,206.682946686588,200.36251151888203,192.84736027484277,32.694416361733154,22.922852567256854,252.64346981712254,0.9482505952488911,0.2941946436071982,0.391505803045568
60238.0,990.4061958789825,0.7717092590555469,0.8519736842105263,0.7650629953261532,0.9824509899859738,0.5247023895486658,0.7905654215849751,3.151989297654075,4.584656571641251,7.131817868968306,13.328017418505532,8.964595757796195,-13.041488902117058,168.63437464327842,104.91874357901146,62.98831855713253,22.067558312088583,163.8958372969065,167.01403891825635,0.9181609385723243,0.018549610456429392,0.18188571303250742
179658.0,1680.0142805576324,0.7998903878939843,1.173913043478261,0.892914653784219,0.9935819620226912,0.5868952514874316,0.7826942906112702,3.083719387743607,8.471116960719664,10.787674499779904,-20.705287304807385,-12.912856457568726,20.48398427225065,224.4638647872309,180.81953863010455,126.32762296781071,15.099173798454204,115.40090763718203,62.144741739997905,0.9838116455751419,0.1765086081630505,0.4168373399041871
76107.0,1119.661027431488,0.7628889837301169,1.0825082508250825,0.765787249456653,0.9741633653544617,0.4360314612820319,0.7940856587480873,3.492261521094131,5.026122673616375,6.930408108639547,-13.25945545663978,-9.197305008480155,12.956805474353354,153.57086938093695,101.97668852377272,46.11236879503353,15.263033234436161,185.75137749632253,313.93557788944725,0.8559669404877422,0.013391559102870607,0.10036729445601864
38400.0,1554.489456653595,0.19969423476214077,1.1064814814814814,0.7438400743840075,0.8294363504800579,0.6080021023867885,0.7378120225912838,3.0895706976514363,3.528638302276324,4.465186779843265,-8.874189329488958,-6.425252078658916,8.497365930700651,215.51598143236072,163.912599469496,145.0166445623342,40.8840848806366,91.23822944297082,204.60216426939104,0.9434042242993793,0.02654376849913069,0.21787729440663436
275355.0,2136.0,0.7584035099465007,1.4541284403669725,0.9961327525829885,1.0,0.0,0.7482855099330286,2.3876755401310974,0.0,0.0,0.0,0.0,0.0,243.90903934409323,239.21387227350075,234.79953462589594,33.446282163667306,11.693162481307688,31.121248117567635,0.9740770962026012,0.5855753214574096,0.7698189491140405
60934.5,1134.9331080913544,0.5944736169292233,1.0845588235294117,0.7594030408773679,0.921678956324447,0.44928095926809725,0.7818571620365035,3.5855145472308494,3.615992004163451,6.756195804217776,-11.945037582994111,-8.625628546731491,12.892540900936805,206.34089356469462,168.01450237151835,157.4365936017801,45.58163683563328,72.47686061718034,217.2756145526057,0.9520472693555471,0.048038031842633507,0.24715834747419912
108442.0,1211.3422881364822,0.9286961073007989,1.0742857142857143,0.8240273556231003,0.9922589854329844,0.4331567530983233,0.7953682201290929,3.6852123103143466,7.469259743023868,10.036331658269596,19.74502692844587,12.527507761513597,18.7918042414201,187.82014955891805,180.38407236470564,157.28516484586473,21.530320733773443,47.124535062608324,154.76798589341695,0.9523990754124187,0.05174906131179302,0.3356696445974938
163950.5,9566.434205174446,0.022512432914659864,1.225108225108225,0.6269809401434843,0.6294530935058453,0.7549832790673446,0.5056952479593069,2.1837485025143013,4.505779378311443,3.0127825022047476,7.122690350169763,-5.282258012201799,-6.8202339083875225,215.95957801075377,177.16399797297743,125.09827110768887,42.89868177719863,114.26854100442918,173.45844486258716,0.9257351003492781,0.03610144395030163,0.33305757906256567
119499.5,1376.5168067216873,0.79252489909836,0.921875,0.879086481873823,0.9891605757849167,0.6088833457325532,0.784517330722632,3.4191666598601826,6.0414095586782945,8.03840824070716,15.234753495924279,10.035005299161755,-15.223067972255562,224.25692320882513,220.24719213512046,216.8800120030865,25.88869995141608,11.483924437712556,127.52372105081233,0.9554777686439448,0.42813407563621103,0.5058812774889353
